"ID","DOT_WEB_ID","CASE_NUMBER","CRASH_YEAR","COUNTY","MUNICIPALITY","CRASH_DATE","CRASH_DAY_OF_WEEK","CRASH_MONTH","CRASH_TIME","POLICE_DEPT_CODE","POLICE_DEPARTMENT","POLICE_STATION","TOTAL_KILLED","TOTAL_INCAPACITATED","TOTAL_INJURED","PEDESTRIANS_KILLED","PEDESTRIANS_INJURED","SEVERITY","INTERSECTION","ALCOHOL_INVOLVED","HAZMAT_INVOLVED","CRASH_TYPE","TOTAL_VEHICLES_INVOLVED","CRASH_LOCATION","LOCATION_DIRECTION","ROUTE","ROUTE_SUFFIX","SRI","MILEPOST","ROAD_SYSTEM","ROAD_CHARACTER","ROAD_SURFACE_TYPE","SURFACE_CONDITION","LIGHT_CONDITION","ENVIRONMENTAL_CONDITION","ROAD_DIVIDED_BY","TEMP_TRAFFIC_CONTROL_ZONE","DISTANCE_TO_CROSS_STREET","UNIT_OF_MEASUREMENT","DIRECTION_FROM_CROSS_STREET","CROSS_STREET_NAME","IS_RAMP","RAMP_TO_FROM_ROUTE_NAME","RAMP_TO_FROM_ROUTE_DIRECTION","POSTED_SPEED","POSTED_SPEED_CROSS_STREET","LATITUDE","LONGITUDE","CELL_PHONE_IN_USE","OTHER_PROPERTY_DAMAGE","REPORTING_BADGE_NO","X","Y","CRASH_NARRATIVE","MPO","TOTAL_PEDESTRIANS_INVOLVED","EPDO","DLN","LatitudeGeocoded","LongitudeGeocoded"
3439251,"2010110110-14679","10-14679",2010,"MERCER","East Windsor Township","10/23/2010 0:00","Saturday","October","12/31/1899 7:08","1","EAST WINDSOR TWP PD","TRAFFIC BUREAU",0,0,1,0,0,"Injury","At Intersection","No","No","Pedalcyclist",1,"NJ 33","West",33,"","33",15.84,"State Highway","Straight and Level","Blacktop","Dry","Dawn","Clear","None","None",NA,"At","NULL","PROBASCO RD","NULL","","NULL",55,40,0,0,"No","NONE","72",493297.348106,522624.701889,NA,"DVRPC",0,"Pain",10237114,40.2680939,-74.4939163
3439438,"2010110110-2024","Oct-24",2010,"MERCER","East Windsor Township","2/16/2010 0:00","Tuesday","February","12/31/1899 12:36","1","EAST WINDSOR TWP PD","UNIFORM SERVICE",1,0,1,0,0,"Fatal","At Intersection","Yes","No","Pedalcyclist",1,"DUTCH NECK RD","West",NA,"","",NA,"Municipal","Curve and Level","Blacktop","Wet","Daylight","Snow","None","None",NA,"At","NULL","WILMOR DRIVE","NULL","","NULL",30,25,0,0,"No","NONE","551",NA,NA,NA,"DVRPC",0,"Fatal Injury",10067238,40.2719863,-74.5525748
3439456,"2010110110-2460","Oct-60",2010,"MERCER","East Windsor Township","2/27/2010 0:00","Saturday","February","12/31/1899 14:02","1","EAST WINDSOR TWP PD","TRAFFIC BUREAU",0,0,1,0,0,"Injury","Not At Intersection","Yes","No","Pedalcyclist",1,"NJ 33","East",33,"","33",13.22,"State Highway","Straight and Level","Blacktop","Dry","Daylight","Clear","None","None",1000,"Foot","East","AIRPORT RD","NULL","","NULL",45,45,40.26176,-74.53948,"No","","72",481106.711222,520266.1432,NA,"DVRPC",0,"Moderate Injury",10041232,40.2606888,-74.5418838
3439538,"2010110110-5385","Oct-85",2010,"MERCER","East Windsor Township","4/15/2010 0:00","Thursday","April","12/31/1899 17:19","1","EAST WINDSOR TWP PD","TRAFFIC BUREAU",0,0,1,0,0,"Injury","At Intersection","No","No","Pedalcyclist",1,"ROUTE 571","East",571,"","571",32.84,"County","Straight and Level","Blacktop","Dry","Daylight","Clear","None","None",NA,"At","NULL","CEDARVILLE RD","NULL","","NULL",45,40,0,0,"No","","72",490201.06,517015.01,NA,"DVRPC",0,"Pain",10091218,40.2528755,-74.5069905
3439638,"2010110110-7899","Oct-99",2010,"MERCER","East Windsor Township","6/5/2010 0:00","Saturday","June","12/31/1899 15:15","1","EAST WINDSOR TWP PD","TRAFFIC SAFETY?",0,0,1,0,0,"Injury","Not At Intersection","No","No","Pedalcyclist",1,"351 EVANSTON DR","West",NA,"","",NA,"Private Property","Curve and Level","Blacktop","Dry","Daylight","Clear","None","None",NA,"NULL","NULL","","NULL","","NULL",25,NA,0,0,"No","","78",NA,NA,NA,"DVRPC",0,"Moderate Injury",10130499,40.2627528,-74.4880916
3439671,"2010110110-8481","Oct-81",2010,"MERCER","East Windsor Township","6/17/2010 0:00","Thursday","June","12/31/1899 17:43","1","EAST WINDSOR TWP PD","PATROL",0,0,0,0,0,"Property Damage","At Intersection","Yes","No","Pedalcyclist",1,"NJ 33","East",33,"","33",16.35,"State Highway","Straight and Level","Blacktop","Dry","Daylight","Clear","Grass Median","None",NA,"At","NULL","TWINS RIVER DR NORTH / TWINS RIVER","NULL","","NULL",55,35,0,0,"No","","64",496185.430703,522253.809561,NA,"DVRPC",0,"PDO",10137440,40.2668811,-74.488073
3439702,"2010110110-9097","Oct-97",2010,"MERCER","East Windsor Township","6/30/2010 0:00","Wednesday","June","12/31/1899 15:13","1","EAST WINDSOR TWP PD","TRAFFIC UNIT",0,0,1,0,0,"Injury","At Intersection","No","No","Pedalcyclist",1,"TWIN RIVERS DR N","North",NA,"","11011146",0.85,"Municipal","Straight and Level","Blacktop","Dry","Daylight","Clear","None","None",NA,"At","NULL","AVON DRIVE","NULL","","NULL",35,NA,0,0,"No","","551",496523.958986,522450.645378,NA,"DVRPC",0,"Moderate Injury",10137721,40.2679037,-74.4842122
3440151,"20101102I-2010-003881","I-2010-003881",2010,"MERCER","Ewing Township","2/7/2010 0:00","Sunday","February","12/31/1899 16:09","1","EWING TWP PD","P2-A",0,1,1,0,0,"Injury","Not At Intersection","No","No","Pedalcyclist",1,"MERCER COUNTY 622","West",622,"","11000622",4.12,"County","Straight and Level","Blacktop","Wet","Daylight","Clear","None","None",75,"Foot","West","PRINCETON AVE","NULL","","NULL",40,25,40.24033,-74.75227,"No","","105",421703.52,512557.42,NA,"DVRPC",0,"Incapacitating Injury",10033690,40.240371,-74.752216
3440222,"20101102I-2010-005714","I-2010-005714",2010,"MERCER","Ewing Township","2/23/2010 0:00","Tuesday","February","12/31/1899 18:13","1","EWING TWP PD","SQUAD3 TRAFFIC",0,0,1,0,0,"Injury","At Intersection","No","No","Pedalcyclist",1,"MERCER COUNTY 622","NULL",622,"","11000622",NA,"County","Straight and Level","Blacktop","Wet","Dark (Street Lights On/ continuous)","Rain","None","None",NA,"At","NULL","SIXTH ST","NULL","","NULL",35,25,0,0,"No","","149",NA,NA,NA,"DVRPC",0,"Pain",10039683,40.2455383,-74.762831
3440354,"20101102I-2010-010341","I-2010-010341",2010,"MERCER","Ewing Township","4/9/2010 0:00","Friday","April","12/31/1899 12:12","1","EWING TWP PD","TRAFFIC BUREAU",0,0,0,0,0,"Property Damage","At Intersection","No","No","Pedalcyclist",1,"MERCER COUNTY 622","NULL",622,"","11000622",4.65,"County","Straight and Level","Blacktop","Dry","Daylight","Clear","None","None",NA,"At","NULL","CR 639","NULL","","NULL",40,35,0,0,"No","","111",419502.36,514121.4,NA,"DVRPC",0,"PDO",10070091,40.2446291,-74.7602465
3440360,"20101102I-2010-010457","I-2010-010457",2010,"MERCER","Ewing Township","4/10/2010 0:00","Saturday","April","12/31/1899 11:01","1","EWING TWP PD","SQUAD 1B",0,0,1,0,0,"Injury","At Intersection","No","No","Pedalcyclist",1,"MERCER COUNTY 622","NULL",622,"","11000622",4.96,"County","Straight and Level","Blacktop","Dry","Daylight","Clear","None","None",NA,"At","NULL","CR 627","NULL","","NULL",35,25,0,0,"No","","179",417973.18,514824.33,NA,"DVRPC",0,"Pain",10074643,40.2465126,-74.76565
3440435,"20101102I-2010-013075","I-2010-013075",2010,"MERCER","Ewing Township","5/5/2010 0:00","Wednesday","May","12/31/1899 14:46","1","EWING TWP PD","SQUAD4 TRAFFIC",0,0,1,0,0,"Injury","Not At Intersection","No","No","Pedalcyclist",1,"PARKWAY AVE (RITE AID)","NULL",NA,"","",NA,"Private Property","Straight and Level","Blacktop","Dry","Daylight","Clear","None","None",NA,"NULL","NULL","","NULL","","NULL",NA,NA,0,0,"No","","163",NA,NA,NA,"DVRPC",0,"Pain",10109461,40.2567306,-74.7929773
3440502,"20101102I-2010-015772","I-2010-015772",2010,"MERCER","Ewing Township","6/1/2010 0:00","Tuesday","June","12/31/1899 8:54","1","EWING TWP PD","1B",0,0,1,0,0,"Injury","At Intersection","No","No","Pedalcyclist",1,"NJ 31","West",31,"","31",1.71,"State Highway","Straight and Level","Blacktop","Dry","Daylight","Clear","None","None",NA,"At","NULL","BRUCE LANE","NULL","","NULL",35,25,0,0,"No","","152",415281.083009,515491.585913,NA,"DVRPC",0,"Pain",10127688,40.248226,-74.7752776
3440647,"20101102I-2010-021780","I-2010-021780",2010,"MERCER","Ewing Township","7/28/2010 0:00","Wednesday","July","12/31/1899 15:33","1","EWING TWP PD","SQUAD4 TRAFFIC",0,0,1,0,0,"Injury","Not At Intersection","No","No","Pedalcyclist",1,"BEECHWOOD AVENUE","NULL",NA,"","11021049",0.181,"Municipal","Straight and Level","Blacktop","Dry","Daylight","Clear","None","None",100,"Foot","West","PARKWAY AVE (634)","NULL","","NULL",25,35,0,0,"No","","163",412782.708582,514431.043242,NA,"DVRPC",0,"Pain",10167416,40.245633,-74.7840293
3440691,"20101102I-2010-023797","I-2010-023797",2010,"MERCER","Ewing Township","8/19/2010 0:00","Thursday","August","12/31/1899 7:18","1","EWING TWP PD","PLATOON 1",0,0,1,0,0,"Injury","At Intersection","No","No","Pedalcyclist",1,"NJ 175","NULL",175,"","175",1.15,"State Highway","Straight and Level","Blacktop","Dry","Daylight","Clear","None","None",NA,"At","NULL","COUNTRY LN","NULL","","NULL",45,25,40.24658,-74.83251,"No","","115",399311.440656,514909.212916,NA,"DVRPC",0,"Moderate Injury",10183271,40.2466171,-74.8325989
3440873,"20101102I-2010-029146","I-2010-029146",2010,"MERCER","Ewing Township","10/16/2010 0:00","Saturday","October","12/31/1899 0:26","1","EWING TWP PD","SQUAD3 TRAFFIC",0,0,1,0,0,"Injury","At Intersection","No","No","Pedalcyclist",1,"MERCER COUNTY 627","NULL",627,"","11000627",0.99,"County","Straight and Level","Blacktop","Dry","Dark (Street Lights On/ continuous)","Clear","None","None",NA,"At","NULL","COLUMBIA AVE","NULL","","NULL",25,35,0,0,"No","","149",418581.731864,516375.348197,NA,"DVRPC",0,"Moderate Injury",10248422,40.2507599,-74.763601
3441155,"2010110310-10115","10-10115",2010,"MERCER","Hamilton Twp (Mercer Co)","3/11/2010 0:00","Thursday","March","12/31/1899 14:07","1","HAMILTON TWP PD (MERCER)","",0,0,0,0,0,"Property Damage","At Intersection","No","No","Pedalcyclist",1,"NJ 33","NULL",33,"","33",1.64,"State Highway","Straight and Level","Blacktop","Dry","Daylight","Clear","None","None",NA,"At","NULL","CONNECTICUT AVE","NULL","","NULL",35,25,40.2271,-74.73073,"No","","387",427703.929688,507725.248002,NA,"DVRPC",0,"PDO",10049552,40.2270858,-74.7307755
3441156,"2010110310-10147","10-10147",2010,"MERCER","Hamilton Twp (Mercer Co)","3/11/2010 0:00","Thursday","March","12/31/1899 17:18","1","HAMILTON TWP PD (MERCER)","",0,0,1,0,0,"Injury","Not At Intersection","No","No","Pedalcyclist",1,"NJ 33","East",33,"","33",5.5,"State Highway","Straight and Level","Blacktop","Dry","Daylight","Clear","Painted Median","None",10,"Foot","East","YARDVILLE-HAMILTON SQUARE RD","NULL","","NULL",35,35,40.22715,-74.66138,"No","","384",447065.43,507699.495,NA,"DVRPC",0,"Moderate Injury",10049551,40.2271984,-74.6615382
3441194,"2010110310-11036","10-11036",2010,"MERCER","Hamilton Twp (Mercer Co)","3/16/2010 0:00","Tuesday","March","12/31/1899 17:39","1","HAMILTON TWP PD (MERCER)","",0,0,1,0,0,"Injury","Not At Intersection","No","No","Pedalcyclist",1,"ROGERS CIRCLE","South",NA,"","11031694",0.038,"Municipal","Straight and Level","Blacktop","Dry","Daylight","Clear","None","None",200,"Foot","South","SOLOFF DR","NULL","","NULL",25,25,0,0,"No","","418",430898.259173,493427.918451,NA,"DVRPC",0,"Pain",10049539,40.188145,-74.719809
3441243,"2010110310-12162","10-12162",2010,"MERCER","Hamilton Twp (Mercer Co)","3/23/2010 0:00","Tuesday","March","12/31/1899 18:59","1","HAMILTON TWP PD (MERCER)","",0,0,1,0,0,"Injury","Not At Intersection","No","No","Pedalcyclist",1,"REEVES AVE","NULL",NA,"","11031358",0.539,"Municipal","Curve and Level","Blacktop","Wet","Daylight","Rain","None","None",1000,"Foot","North","ARENA DR","NULL","","NULL",25,35,0,0,"No","","322",431428.60999,498846.07214,NA,"DVRPC",0,"Pain",10053460,40.2022816,-74.7140705
3441446,"2010110310-15644","10-15644",2010,"MERCER","Hamilton Twp (Mercer Co)","4/15/2010 0:00","Thursday","April","12/31/1899 16:19","1","HAMILTON TWP PD (MERCER)","",0,0,0,0,0,"Property Damage","Not At Intersection","No","No","Pedalcyclist",1,"2115 RT 33","NULL",NA,"","",NA,"Private Property","Straight and Level","Blacktop","Dry","Daylight","Clear","None","None",NA,"NULL","NULL","","NULL","","NULL",NA,NA,0,0,"No","","407",NA,NA,NA,"DVRPC",0,"PDO",10074515,40.2227477,-74.6453227
3441550,"2010110310-18127","10-18127",2010,"MERCER","Hamilton Twp (Mercer Co)","5/3/2010 0:00","Monday","May","12/31/1899 14:26","1","HAMILTON TWP PD (MERCER)","",0,0,1,0,0,"Injury","Not At Intersection","No","No","Pedalcyclist",1,"2402 S BROAD ST","NULL",NA,"","",NA,"Private Property","Straight and Level","Concrete","Dry","Daylight","Clear","None","None",NA,"NULL","NULL","","NULL","","NULL",NA,NA,0,0,"No","","448",NA,NA,NA,"DVRPC",0,"Pain",10091719,40.1945032,-74.7201559
3441623,"2010110310-19704","10-19704",2010,"MERCER","Hamilton Twp (Mercer Co)","5/13/2010 0:00","Thursday","May","12/31/1899 16:52","1","HAMILTON TWP PD (MERCER)","",0,0,1,0,0,"Injury","At Intersection","No","No","Pedalcyclist",1,"NJ 33","NULL",33,"","33",5.14,"State Highway","Straight and Level","Blacktop","Dry","Daylight","Clear","None","None",NA,"At","NULL","PAXSON AVE","NULL","","NULL",35,25,0,0,"No","","439",445253.140237,508282.289033,NA,"DVRPC",0,"Pain",10099099,40.232553,-74.668884
3441729,"2010110310-21800","10-21800",2010,"MERCER","Hamilton Twp (Mercer Co)","5/27/2010 0:00","Thursday","May","12/31/1899 8:52","1","HAMILTON TWP PD (MERCER)","",0,0,1,0,0,"Injury","At Intersection","No","No","Pedalcyclist",1,"BUCHANAN AVE","NULL",NA,"","11031721",0,"Municipal","Straight and Level","Blacktop","Dry","Daylight","Clear","None","None",NA,"At","NULL","US 206","NULL","","NULL",25,35,0,0,"No","","302",428515.610008,496978.069917,NA,"DVRPC",0,"Pain",10109225,40.1976224,-74.7277308
3441857,"2010110310-24643","10-24643",2010,"MERCER","Hamilton Twp (Mercer Co)","6/13/2010 0:00","Sunday","June","12/31/1899 4:13","1","HAMILTON TWP PD (MERCER)","",0,1,1,0,0,"Injury","At Intersection","Yes","No","Pedalcyclist",1,"US 206","West",206,"","206",NA,"State Highway","Straight and Level","Blacktop","Dry","Dark (Street Lights On/ continuous)","Clear","Curbed Median","None",NA,"At","West","NEW CEDAR LA","NULL","","NULL",35,25,0,0,"No","","384",NA,NA,NA,"DVRPC",0,"Incapacitating Injury",10128604,40.2002978,-74.733945
3441878,"2010110310-25036","10-25036",2010,"MERCER","Hamilton Twp (Mercer Co)","6/15/2010 0:00","Tuesday","June","12/31/1899 20:20","1","HAMILTON TWP PD (MERCER)","",0,0,1,0,0,"Injury","At Intersection","No","No","Pedalcyclist",1,"NJ 33","East",33,"","33",NA,"State Highway","Straight and Level","Blacktop","Dry","Dusk","Clear","None","None",NA,"At","NULL","GREENWOOD AVE","NULL","","NULL",35,35,0,0,"No","","384",NA,NA,NA,"DVRPC",0,"Moderate Injury",10133401,40.232338,-74.7187272
3441882,"2010110310-25119","10-25119",2010,"MERCER","Hamilton Twp (Mercer Co)","6/16/2010 0:00","Wednesday","June","12/31/1899 9:57","1","HAMILTON TWP PD (MERCER)","",0,0,1,0,0,"Injury","Not At Intersection","No","No","Pedalcyclist",1,"KLOCKNER RD","NULL",NA,"","11031976",4.144,"Municipal","Straight and Level","Blacktop","Dry","Daylight","Clear","None","None",600,"Foot","East","SECRETARIO WAY","NULL","","NULL",40,25,0,0,"No","","302",445343.143275,503992.068277,NA,"DVRPC",0,"Moderate Injury",10133419,40.2176878,-74.6694218
3441891,"2010110310-25309","10-25309",2010,"MERCER","Hamilton Twp (Mercer Co)","6/17/2010 0:00","Thursday","June","12/31/1899 13:48","1","HAMILTON TWP PD (MERCER)","",0,0,1,0,0,"Injury","At Intersection","No","No","Pedalcyclist",1,"LIBERTY ST","NULL",NA,"","11112004",1.8,"Municipal","Straight and Level","Blacktop","Dry","Daylight","Clear","None","None",NA,"At","NULL","NEWKIRK AVE","NULL","","NULL",25,25,0,0,"No","","302",429210.014794,504839.109833,NA,"DVRPC",0,"Pain",10133402,40.2192221,-74.7252467
3442060,"2010110310-29251","10-29251",2010,"MERCER","Hamilton Twp (Mercer Co)","7/13/2010 0:00","Tuesday","July","12/31/1899 17:43","1","HAMILTON TWP PD (MERCER)","",0,0,0,0,0,"Property Damage","Not At Intersection","No","No","Pedalcyclist",1,"REEVES AVE","NULL",NA,"","",NA,"Private Property","Straight and Level","Blacktop","Dry","Daylight","Clear","None","None",500,"Foot","South","S. OLDEN AVE","NULL","","NULL",25,35,0,0,"No","NONE","422",NA,NA,NA,"DVRPC",0,"PDO",10150416,40.205647,-74.710396
3442088,"2010110310-29879","10-29879",2010,"MERCER","Hamilton Twp (Mercer Co)","7/17/2010 0:00","Saturday","July","12/31/1899 19:03","1","HAMILTON TWP PD (MERCER)","",0,0,1,0,0,"Injury","At Intersection","No","No","Pedalcyclist",1,"INDEPENDENCE AVE","NULL",NA,"","11031981",0.28,"Municipal","Straight and Level","Blacktop","Dry","Daylight","Clear","None","None",NA,"At","NULL","WEDGE AVE","NULL","","NULL",25,25,40.19103,-74.72234,"No","","965",430011.482005,494579.023997,NA,"DVRPC",0,"Moderate Injury",10152656,40.190943,-74.722099
3442102,"2010110310-30203","10-30203",2010,"MERCER","Hamilton Twp (Mercer Co)","7/19/2010 0:00","Monday","July","12/31/1899 20:17","1","HAMILTON TWP PD (MERCER)","",0,0,1,0,0,"Injury","At Intersection","No","No","Pedalcyclist",1,"US 206","South",206,"","206",NA,"State Highway","Straight and Level","Blacktop","Dry","Dark (Street Lights On/ continuous)","Clear","Curbed Median","None",NA,"At","NULL","WEST PARK AVE","NULL","","NULL",35,25,0,0,"No","","391",NA,NA,NA,"DVRPC",0,"Pain",10152667,40.1962326,-74.7243969
3442228,"2010110310-32931","10-32931",2010,"MERCER","Hamilton Twp (Mercer Co)","8/6/2010 0:00","Friday","August","12/31/1899 17:37","1","HAMILTON TWP PD (MERCER)","",0,0,1,0,0,"Injury","Not At Intersection","No","No","Pedalcyclist",1,"ROUTE 533","NULL",533,"","533",3.36,"County","Straight and Level","Blacktop","Dry","Daylight","Clear","None","None",300,"Foot","North","NJ 33","NULL","","NULL",35,40,40.23441,-74.68764,"No","","364",439739.15,510359.1,NA,"DVRPC",0,"Moderate Injury",10173853,40.2335596,-74.6873873
3442243,"2010110310-33258","10-33258",2010,"MERCER","Hamilton Twp (Mercer Co)","8/9/2010 0:00","Monday","August","12/31/1899 8:40","1","HAMILTON TWP PD (MERCER)","",0,0,1,0,0,"Injury","At Intersection","No","No","Pedalcyclist",1,"KLOCKNER RD","NULL",NA,"","11031976",3.42,"Municipal","Straight and Level","Blacktop","Dry","Daylight","Clear","None","None",NA,"At","NULL","WHATLEY RD","NULL","","NULL",35,25,40.22174,-74.67965,"No","","302",441961.213949,505739.268219,NA,"DVRPC",0,"Pain",10172877,40.2218287,-74.6798414
3442332,"2010110310-35376","10-35376",2010,"MERCER","Hamilton Twp (Mercer Co)","8/23/2010 0:00","Monday","August","12/31/1899 13:30","1","HAMILTON TWP PD (MERCER)","",0,0,1,0,0,"Injury","Not At Intersection","No","No","Pedalcyclist",1,"SCULPTORS WAY (WARD AVE)","North",NA,"","",NA,"Municipal","Straight and Level","Blacktop","Wet","Daylight","Rain","None","None",5,"Foot","North","NJ 33","NULL","","NULL",35,30,0,0,"No","","418",NA,NA,NA,"DVRPC",0,"Pain",10188135,40.230899,-74.7227
3442401,"2010110310-36943","10-36943",2010,"MERCER","Hamilton Twp (Mercer Co)","9/2/2010 0:00","Thursday","September","12/31/1899 14:10","1","HAMILTON TWP PD (MERCER)","",0,0,1,0,0,"Injury","Not At Intersection","No","No","Pedalcyclist",1,"LIBERTY ST","NULL",NA,"","11112004",0.88,"Municipal","Straight and Level","Blacktop","Dry","Daylight","Clear","None","None",50,"Foot","North","CHAMBERS ST.","NULL","","NULL",25,25,40.20974,-74.73739,"No","BIKE HANDLEBARS.","302",425826.786826,501405.742613,NA,"DVRPC",0,"Pain",10197048,40.2097157,-74.737428
3442421,"2010110310-37442","10-37442",2010,"MERCER","Hamilton Twp (Mercer Co)","9/5/2010 0:00","Sunday","September","12/31/1899 11:03","1","HAMILTON TWP PD (MERCER)","",0,0,1,0,0,"Injury","At Intersection","No","No","Pedalcyclist",1,"HUGHES DR","East",NA,"","11031978",0,"Municipal","Straight and Level","Blacktop","Dry","Daylight","Clear","None","None",NA,"At","NULL","MERCER ST","NULL","","NULL",35,25,0,0,"No","","398",448501.23,510173.2,NA,"DVRPC",0,"Pain",10205025,40.23397,-74.656182
3442462,"2010110310-38526","10-38526",2010,"MERCER","Hamilton Twp (Mercer Co)","9/12/2010 0:00","Sunday","September","12/31/1899 2:21","1","HAMILTON TWP PD (MERCER)","",0,0,1,0,0,"Injury","Not At Intersection","Yes","No","Pedalcyclist",1,"ROUTE 535","East",535,"","535",0.25,"County","Straight and Level","Blacktop","Dry","Dark (Street Lights On/ continuous)","Clear","None","None",50,"Foot","West","NORWAY AVE","NULL","","NULL",35,25,0,0,"No","NONE","421",426962.352424,509073.063333,NA,"DVRPC",0,"Moderate Injury",10500961,40.2313195,-74.7326743
3442487,"2010110310-38972","10-38972",2010,"MERCER","Hamilton Twp (Mercer Co)","9/15/2010 0:00","Wednesday","September","12/31/1899 11:51","1","HAMILTON TWP PD (MERCER)","",0,0,1,0,0,"Injury","Not At Intersection","No","No","Pedalcyclist",1,"KUSER RD","NULL",NA,"","11031985",0,"Municipal","Straight and Level","Blacktop","Dry","Daylight","Clear","None","None",75,"Foot","East","WHITEHORSE MERCERVILLE RD","NULL","","NULL",25,40,0,0,"No","","361",437780.13,500497.81,NA,"DVRPC",0,"Moderate Injury",10224717,40.2073295,-74.6945434
3442573,"2010110310-40841","10-40841",2010,"MERCER","Hamilton Twp (Mercer Co)","9/27/2010 0:00","Monday","September","12/31/1899 21:16","1","HAMILTON TWP PD (MERCER)","",0,1,1,0,0,"Injury","Not At Intersection","Yes","No","Pedalcyclist",1,"KLOCKNER RD","South",NA,"","11031996",1.3,"Municipal","Straight and Level","Blacktop","Wet","Dark (Street Lights On/ continuous)","Rain","None","None",NA,"Foot","North","ARMOUR AVENUE","NULL","","NULL",35,25,0,0,"No","NONE","330",451729.845023,493398.512752,NA,"DVRPC",0,"Incapacitating Injury",10232515,40.2361992,-74.7100175
3442803,"2010110310-45162","10-45162",2010,"MERCER","Hamilton Twp (Mercer Co)","10/28/2010 0:00","Thursday","October","12/31/1899 16:51","1","HAMILTON TWP PD (MERCER)","",0,0,1,0,0,"Injury","Not At Intersection","No","No","Pedalcyclist",1,"MERCER COUNTY 619","West",619,"","11000619",0.78,"County","Straight and Grade","Blacktop","Dry","Daylight","Clear","None","None",1500,"Foot","West","NOTTINGHILL LANE","NULL","","NULL",40,25,0,0,"No","","430",434313.230108,502642.073893,NA,"DVRPC",0,"Moderate Injury",10241739,40.2194203,-74.7246528
3442891,"2010110310-46436","10-46436",2010,"MERCER","Hamilton Twp (Mercer Co)","11/6/2010 0:00","Saturday","November","12/31/1899 14:49","1","HAMILTON TWP PD (MERCER)","",0,0,1,0,0,"Injury","Not At Intersection","No","No","Pedalcyclist",1,"ABBEY PLACE","NULL",NA,"","11031732",0.038,"Municipal","Straight and Level","Blacktop","Dry","Daylight","Clear","None","None",200,"Foot","South","BENTON RD","NULL","","NULL",25,25,0,0,"No","","425",424346.340016,496207.853394,NA,"DVRPC",0,"Pain",10249672,40.1959942,-74.7427519
3442959,"2010110310-47681","10-47681",2010,"MERCER","Hamilton Twp (Mercer Co)","11/15/2010 0:00","Monday","November","12/31/1899 17:24","1","HAMILTON TWP PD (MERCER)","",0,0,1,0,0,"Injury","Not At Intersection","Yes","No","Pedalcyclist",1,"SWEETBRIAR AVE","East",NA,"","11031995",0.37,"Municipal","Curve and Level","Blacktop","Dry","Dark (Street LIghts On/ spot)","Clear","None","None",100,"Foot","West","RUTGERS AVE","NULL","","NULL",40,25,0,0,"No","NONE","418",NA,NA,NA,"DVRPC",0,"Pain",10255622,40.2494436,-74.7170254
3444630,"20101106HT2010-013806","HT2010-013806",2010,"MERCER","Hopewell Twp (Mercer Co)","7/11/2010 0:00","Sunday","July","12/31/1899 12:44","1","HOPEWELL TWP PD","52 ZONE",0,0,0,0,0,"Property Damage","Not At Intersection","No","No","Pedalcyclist",1,"HOPEWELL WERTSVILLE RD","South",NA,"","11051089",1.98,"Municipal","Straight and Grade","Blacktop","Dry","Daylight","Clear","None","None",1320,"Foot","South","FEATHERBED LANE","NULL","","NULL",40,25,0,0,"No","","43",415406.913868,573380.264115,NA,"DVRPC",0,"PDO",10148955,40.4103147,-74.7776937
3444688,"20101106HT2010-016704","HT2010-016704",2010,"MERCER","Hopewell Twp (Mercer Co)","8/21/2010 0:00","Saturday","August","12/31/1899 12:51","1","HOPEWELL TWP PD","51 SOUTH",0,0,0,0,0,"Property Damage","At Intersection","No","No","Pedalcyclist",1,"DENOW RD","West",NA,"","",NA,"Municipal","Straight and Grade","Blacktop","Dry","Daylight","Clear","None","None",NA,"At","NULL","WELLINGTON DR","NULL","","NULL",35,25,0,0,"No","","42",NA,NA,NA,"DVRPC",0,"PDO",10197925,40.3019913,-74.7756204
3445081,"2010110710-15279-AC","10-15279-AC",2010,"MERCER","Lawrence Twp (Mercer Co)","4/15/2010 0:00","Thursday","April","12/31/1899 14:03","1","LAWRENCE TWP PD","",0,0,1,0,0,"Injury","At Intersection","No","No","Pedalcyclist",1,"PROVINCE LINE RD","East",NA,"","11071391",0,"Municipal","Straight and Level","Blacktop","Dry","Daylight","Clear","Painted Median","None",NA,"At","NULL","PRINCETON PIKE","NULL","","NULL",40,40,0,0,"No","","185",437914.57,537583.24,NA,"DVRPC",0,"Moderate Injury",10077702,40.3091498,-74.6943923
3445170,"2010110710-19623-AC","10-19623-AC",2010,"MERCER","Lawrence Twp (Mercer Co)","5/15/2010 0:00","Saturday","May","12/31/1899 16:53","1","LAWRENCE TWP PD","",0,0,1,0,0,"Injury","At Intersection","No","No","Pedalcyclist",1,"OHIO AVE","South",NA,"","11071129",0.41,"Municipal","Straight and Level","Blacktop","Dry","Daylight","Clear","NULL","None",NA,"At","NULL","PURITAN AVE","NULL","","NULL",25,25,0,0,"No","","156",425682.683271,514128.483463,NA,"DVRPC",0,"Moderate Injury",10105350,40.244717,-74.73798
3445305,"2010110710-25498-AC","10-25498-AC",2010,"MERCER","Lawrence Twp (Mercer Co)","6/25/2010 0:00","Friday","June","12/31/1899 14:20","1","LAWRENCE TWP PD","",0,0,1,0,0,"Injury","Not At Intersection","No","No","Pedalcyclist",1,"US 206","South",206,"","206",45.21,"State Highway","Straight and Level","Blacktop","Dry","Daylight","Clear","None","None",10,"Foot","South","WITTENBORN DR","NULL","","NULL",30,25,0,0,"No","","192",424436.66002,515113.810162,NA,"DVRPC",0,"Moderate Injury",10135545,40.2476279,-74.7425383
3445323,"2010110710-26115-AC","10-26115-AC",2010,"MERCER","Lawrence Twp (Mercer Co)","6/30/2010 0:00","Wednesday","June","12/31/1899 15:26","1","LAWRENCE TWP PD","",0,0,1,0,0,"Injury","Not At Intersection","No","No","Pedalcyclist",1,"US 206","NULL",206,"","206",46.86,"State Highway","Straight and Level","Blacktop","Dry","Daylight","Clear","None","None",5,"Foot","South","EGGERT CROSSING RD","NULL","","NULL",40,40,0,0,"No","","215",425640.27,523577.39,NA,"DVRPC",0,"Moderate Injury",10143500,40.2706996,-74.7381666