"ID","DOT_WEB_ID","CASE_NUMBER","CRASH_YEAR","COUNTY","MUNICIPALITY","CRASH_DATE","CRASH_DAY_OF_WEEK","CRASH_MONTH","CRASH_TIME","POLICE_DEPT_CODE","POLICE_DEPARTMENT","POLICE_STATION","TOTAL_KILLED","TOTAL_INCAPACITATED","TOTAL_INJURED","PEDESTRIANS_KILLED","PEDESTRIANS_INJURED","SEVERITY","INTERSECTION","ALCOHOL_INVOLVED","HAZMAT_INVOLVED","CRASH_TYPE","TOTAL_VEHICLES_INVOLVED","CRASH_LOCATION","LOCATION_DIRECTION","ROUTE","ROUTE_SUFFIX","SRI","MILEPOST","ROAD_SYSTEM","ROAD_CHARACTER","ROAD_SURFACE_TYPE","SURFACE_CONDITION","LIGHT_CONDITION","ENVIRONMENTAL_CONDITION","ROAD_DIVIDED_BY","TEMP_TRAFFIC_CONTROL_ZONE","DISTANCE_TO_CROSS_STREET","UNIT_OF_MEASUREMENT","DIRECTION_FROM_CROSS_STREET","CROSS_STREET_NAME","IS_RAMP","RAMP_TO_FROM_ROUTE_NAME","RAMP_TO_FROM_ROUTE_DIRECTION","POSTED_SPEED","POSTED_SPEED_CROSS_STREET","LATITUDE","LONGITUDE","CELL_PHONE_IN_USE","OTHER_PROPERTY_DAMAGE","REPORTING_BADGE_NO","X","Y","CRASH_NARRATIVE","MPO","TOTAL_PEDESTRIANS_INVOLVED","EPDO","DLN","LatitudeGeocoded","LongitudeGeocoded"
3446004,"2010110710-49223-AC","10-49223-AC",2010,"MERCER","Lawrence Twp (Mercer Co)","12/19/2010 0:00","Sunday","December","12/31/1899 11:10","1","LAWRENCE TWP PD","",0,0,1,0,0,"Injury","Not At Intersection","No","No","Pedalcyclist",1,"US 206","NULL",206,"","206",48.99,"State Highway","Straight and Level","Blacktop","Dry","Daylight","Clear","None","None",200,"Foot","North","GORDON AVE","NULL","","NULL",25,25,40.29837,-74.72899,"No","","151",428254.621665,533681.943679,NA,"DVRPC",0,"Pain",10299463,40.2979637,-74.7293498
3446459,"2010110810-2968","Oct-68",2010,"MERCER","Pennington Borough","7/12/2010 0:00","Monday","July","12/31/1899 12:45","1","PENNINGTON BORO PD","",0,0,0,0,0,"Property Damage","Not At Intersection","No","No","Pedalcyclist",1,"MERCER COUNTY 640","North",640,"","11000640",NA,"County","Straight and Level","Blacktop","Dry","Daylight","Clear","None","None",200,"Foot","NULL","SILO RD.","NULL","","NULL",25,25,0,0,"No","","717",NA,NA,NA,"DVRPC",0,"PDO",10156581,40.3359184,-74.7931842
3446515,"2010110910-3004","Oct-04",2010,"MERCER","Princeton Borough","2/23/2010 0:00","Tuesday","February","12/31/1899 17:35","1","PRINCETON BORO PD","",0,0,1,0,0,"Injury","At Intersection","No","No","Pedalcyclist",1,"US 206","NULL",206,"","206",54.17,"State Highway","Straight and Level","Blacktop","Wet","Dark (Street LIghts On/ spot)","Rain","None","None",NA,"At","NULL","HODGE RD / PAUL ROBESON PL","NULL","","NULL",30,25,40.35111,-74.66637,"No","","144",445756.672863,552857.020064,NA,"DVRPC",0,"Pain",10036096,40.3511018,-74.6663728
3446687,"201011092010-012643","2010-012643",2010,"MERCER","Princeton Borough","8/13/2010 0:00","Friday","August","12/31/1899 13:38","1","PRINCETON BORO PD","",0,0,1,0,0,"Injury","At Intersection","No","No","Pedalcyclist",1,"ELM RD","NULL",NA,"","11091030",0,"Municipal","Straight and Grade","Blacktop","Dry","Daylight","Clear","None","None",NA,"At","NULL","ROSEDALE ROAD","NULL","","NULL",25,25,40.34854,-74.6764,"No","","144",442959.09,551924.88,NA,"DVRPC",0,"Pain",10183910,40.34854,-74.6763931
3446755,"201011092010-016006","2010-016006",2010,"MERCER","Princeton Borough","10/14/2010 0:00","Thursday","October","12/31/1899 9:55","1","PRINCETON TWP PD","",0,0,1,0,0,"Injury","Not At Intersection","No","No","Pedalcyclist",1,"PROSPECT AVE","NULL",NA,"","11091240",0.06,"Municipal","Straight and Level","Blacktop","Dry","Daylight","Clear","None","None",300,"Foot","East","WASHINGTON ROAD","NULL","","NULL",25,25,0,0,"No","NONE","150",449211.963327,551750.378887,NA,"DVRPC",0,"Moderate Injury",10227116,40.3478103,-74.6550308
3446760,"201011092010-016767","2010-016767",2010,"MERCER","Princeton Borough","10/28/2010 0:00","Thursday","October","12/31/1899 15:25","1","PRINCETON BORO PD","",0,0,1,0,0,"Injury","At Intersection","No","No","Pedalcyclist",1,"ALEXANDER STREET","NULL",NA,"","11131424",2.98,"Municipal","Straight and Level","Blacktop","Dry","Daylight","Clear","None","None",NA,"At","NULL","COLLEGE ROAD","NULL","","NULL",25,25,0,0,"No","NONE","152",446982.107536,550397.154912,NA,"DVRPC",0,"Pain",10251750,40.3443068,-74.6619136
3446834,"201011092010-19549","2010-19549",2010,"MERCER","Princeton Borough","12/19/2010 0:00","Sunday","December","12/31/1899 11:42","1","PRINCETON BORO PD","",0,0,1,0,0,"Injury","At Intersection","No","No","Pedalcyclist",1,"MERCER COUNTY 604","NULL",604,"","11000604",NA,"County","Straight and Grade","Blacktop","Dry","Daylight","Clear","None","None",NA,"At","NULL","ROSEDALE ROAD","NULL","","NULL",25,25,0,0,"No","","147",NA,NA,NA,"DVRPC",0,"Pain",10299409,40.3434598,-74.7019281
3446837,"201011092010-1984","2010-1984",2010,"MERCER","Princeton Borough","2/5/2010 0:00","Friday","February","12/31/1899 5:58","1","PRINCETON BORO PD","",0,0,1,0,0,"Injury","At Intersection","No","No","Pedalcyclist",1,"VANDEVENTER AVE","NULL",NA,"","11091074",0.08,"Municipal","Straight and Grade","Blacktop","Dry","Dark (Street LIghts On/ spot)","Clear","None","None",NA,"At","NULL","SPRING ST.","NULL","","NULL",25,25,0,0,"No","","147",448173.559934,552973.791905,NA,"DVRPC",0,"Moderate Injury",10029050,40.3515633,-74.6577657
3446891,"201011092010-6725","2010-6725",2010,"MERCER","Princeton Borough","4/28/2010 0:00","Wednesday","April","12/31/1899 8:47","1","PRINCETON BORO PD","",0,0,1,0,0,"Injury","At Intersection","No","No","Pedalcyclist",1,"HARRISON STREET","NULL",NA,"","11091239",0.7,"Municipal","Straight and Level","Blacktop","Dry","Daylight","Clear","None","None",NA,"At","NULL","FRANKLIN AVENUE","NULL","","NULL",25,25,0,0,"No","","141",450419.740821,555824.510039,NA,"DVRPC",0,"Moderate Injury",10086374,40.3591268,-74.649593
3446892,"201011092010-6732","2010-6732",2010,"MERCER","Princeton Borough","4/28/2010 0:00","Wednesday","April","12/31/1899 12:55","1","PRINCETON BORO PD","",0,0,1,0,0,"Injury","Not At Intersection","No","No","Pedalcyclist",1,"NJ 27","NULL",27,"","27",0.7,"State Highway","Straight and Level","Blacktop","Dry","Daylight","Clear","None","None",50,"Foot","East","CHESTNUT ST","NULL","","NULL",25,20,0,0,"No","","148",449792.597922,553180.713238,NA,"DVRPC",0,"Moderate Injury",10086375,40.351918,-74.6522356
3446913,"201011092010-8801","2010-8801",2010,"MERCER","Princeton Borough","6/3/2010 0:00","Thursday","June","12/31/1899 16:04","1","PRINCETON BORO PD","",0,0,0,0,0,"Property Damage","At Intersection","No","No","Pedalcyclist",1,"PROSPECT AVE","NULL",NA,"","11091240",0.41,"Municipal","Straight and Level","Blacktop","Dry","Daylight","Clear","None","None",NA,"At","NULL","MURRAY PLACE","NULL","","NULL",25,25,0,0,"No","BICYCLE SERIAL #WTU332C3258B BELONGING TO EILEEN WATERS 748 PRINCETON KINGSTON","126",450955.061981,552366.047993,NA,"DVRPC",0,"PDO",10130228,40.3498094,-74.6476199
3446923,"20101109I2010-009189","I2010-009189",2010,"MERCER","Princeton Borough","3/3/2010 0:00","Wednesday","March","12/31/1899 9:01","1","PRINCETON BORO PD","",0,0,1,0,0,"Injury","At Intersection","No","No","Pedalcyclist",1,"IVY LANE","East",NA,"","",NA,"Private Property","Straight and Level","Concrete","Wet","Daylight","Rain","None","None",NA,"At","East","WASHINGTON RD","NULL","","NULL",25,NA,0,0,"No","","136",NA,NA,NA,"DVRPC",0,"Pain",10050428,40.3462676,-74.6538532
3447052,"2010111010-14738","10-14738",2010,"MERCER","Princeton Township","8/28/2010 0:00","Saturday","August","12/31/1899 17:33","1","PRINCETON TWP PD","",0,0,1,0,0,"Injury","At Intersection","No","No","Pedalcyclist",1,"ROUTE 571","NULL",571,"","571",43.31,"County","Straight and Grade","Blacktop","Dry","Daylight","Clear","None","None",NA,"At","NULL","FACULTY RD","NULL","","NULL",40,35,40.34116,-74.64982,"No","","62",450362.87,549224.41,NA,"DVRPC",0,"Pain",10194681,40.3411546,-74.6498158
3447074,"2010111010-15714","10-15714",2010,"MERCER","Princeton Township","9/13/2010 0:00","Monday","September","12/31/1899 19:20","1","PRINCETON TWP PD","",0,0,1,0,0,"Injury","Not At Intersection","No","No","Pedalcyclist",1,"VALLEY RD","NULL",NA,"","11101246",0.36,"Municipal","Straight and Level","Blacktop","Wet","Dusk","Rain","None","None",634,"Foot","East","JEFFERSON ROAD","NULL","","NULL",25,25,0,0,"No","","86",448108.799266,557137.991715,NA,"DVRPC",0,"Moderate Injury",10213195,40.362365,-74.660038
3447108,"2010111010-17410","10-17410",2010,"MERCER","Princeton Township","10/10/2010 0:00","Sunday","October","12/31/1899 22:51","1","PRINCETON TWP PD","",0,0,1,0,0,"Injury","Not At Intersection","No","No","Pedalcyclist",1,"US 206","NULL",206,"","206",55.49,"State Highway","Straight and Grade","Blacktop","Dry","Dark (Street Lights On/ continuous)","Clear","None","None",1,"Foot","North","JEFFERSON RD","NULL","","NULL",35,25,0,0,"No","NONE","87",446543.867026,559057.286155,NA,"DVRPC",0,"Moderate Injury",10227967,40.36794,-74.6636363
3447275,"2010111010-5741","Oct-41",2010,"MERCER","Princeton Township","3/31/2010 0:00","Wednesday","March","12/31/1899 18:55","1","PRINCETON TWP PD","",0,0,1,0,0,"Injury","Not At Intersection","No","No","Pedalcyclist",1,"HERRONTOWN RD","NULL",NA,"","11101244",0.8,"Municipal","Straight and Grade","Blacktop","Dry","Daylight","Clear","None","None",528,"Foot","West","RIVER ROAD","NULL","","NULL",35,45,40.37682,-74.62136,"No","","99",458313.91,562200,NA,"DVRPC",0,"Pain",10060401,40.3768371,-74.6214024
3447390,"20101110I2010-072123","I2010-072123",2010,"MERCER","Princeton Township","10/12/2010 0:00","Tuesday","October","12/31/1899 9:23","1","PRINCETON TWP PD","",0,0,1,0,0,"Injury","Not At Intersection","No","No","Pedalcyclist",1,"ALEXANDER STREET","North",NA,"","11131424",2.837,"Municipal","Straight and Grade","Concrete","Wet","Daylight","Clear","Painted Median","None",175,"Foot","South","UNIVERSITY PLACE","NULL","","NULL",25,25,0,0,"No","","133",447365.419419,549744.5356,NA,"DVRPC",0,"Moderate Injury",10231392,40.3251947,-74.6415892
3447392,"20101110I2010-091833","I2010-091833",2010,"MERCER","Princeton Township","12/16/2010 0:00","Thursday","December","12/31/1899 10:00","1","PRINCETON TWP PD","",0,0,1,0,0,"Injury","Not At Intersection","No","No","Pedalcyclist",1,"ACCESS DRIVE NORTH OF","NULL",NA,"","",NA,"Private Property","Straight and Level","Blacktop","Dry","Daylight","Clear","None","None",200,"Foot","East","ELM DRIVE","NULL","","NULL",NA,NA,0,0,"No","","127",NA,NA,NA,"DVRPC",0,"Pain",10283012,40.0588282,-74.0691402
3447470,"2010111110000360","10000363",2010,"MERCER","Trenton City","1/8/2010 0:00","Friday","January","12/31/1899 13:01","1","TRENTON PD","PATROL",0,0,1,0,0,"Injury","Not At Intersection","No","No","Pedalcyclist",1,"MERCER COUNTY 622","South",622,"","11000622",3.84,"County","Straight and Grade","Blacktop","Dry","Daylight","Clear","Painted Median","None",30,"Foot","South","OHIO AVE","NULL","","NULL",25,25,40.23769,-74.7487,"No","","554",422696.742107,511596.101491,NA,"DVRPC",0,"Pain",10004732,40.2376448,-74.748644
3448059,"2010111110004000","10004003",2010,"MERCER","Trenton City","3/16/2010 0:00","Tuesday","March","12/31/1899 20:40","1","TRENTON PD","NORTH PATROL",0,0,0,0,0,"Property Damage","At Intersection","No","No","Pedalcyclist",1,"PERRY ST","East",NA,"","11111556",0.6,"Municipal","Straight and Level","Blacktop","Dry","Daylight","Clear","Painted Median","None",NA,"At","NULL","SOUTHARD ST","NULL","","NULL",25,25,40.22551,-74.75459,"No","","608",421038.98,507162.21,NA,"DVRPC",1,"PDO",10053518,40.2254692,-74.754728
3448106,"2010111110004280","10004282",2010,"MERCER","Trenton City","3/20/2010 0:00","Saturday","March","12/31/1899 16:27","1","TRENTON PD","PATROL",0,0,1,0,0,"Injury","At Intersection","No","No","Pedalcyclist",1,"PRINCETON AVE","South",NA,"","",NA,"Municipal","Straight and Level","Blacktop","Dry","Daylight","Clear","None","None",NA,"At","NULL","HEIL AVE","NULL","","NULL",25,25,0,0,"No","","541",NA,NA,NA,"DVRPC",0,"Pain",10053835,40.2389446,-74.7536977
3448449,"2010111110006290","10006298",2010,"MERCER","Trenton City","4/24/2010 0:00","Saturday","April","12/31/1899 14:55","1","TRENTON PD","PATROL-SOUTH",0,0,1,0,0,"Injury","At Intersection","No","No","Pedalcyclist",1,"MERCER COUNTY 650","East",650,"","11000650",0.26,"County","Straight and Level","Blacktop","Dry","Daylight","Clear","Painted Median","NULL",NA,"At","NULL","NJ 129","NULL","","NULL",25,25,0,0,"No","","465",421497.12,497260.87,NA,"DVRPC",0,"Pain",10091512,40.198335,-74.7528561
3448554,"2010111110006880","10006881",2010,"MERCER","Trenton City","5/5/2010 0:00","Wednesday","May","12/31/1899 16:29","1","TRENTON PD","NORTH-PATROL",0,0,1,0,0,"Injury","At Intersection","No","No","Pedalcyclist",1,"PRINCETON AVE","NULL",NA,"","",NA,"Municipal","Straight and Level","Blacktop","Dry","Daylight","Clear","None","None",NA,"At","NULL","CAIN AVE","NULL","","NULL",25,25,0,0,"No","","518",NA,NA,NA,"DVRPC",0,"Pain",10091928,40.238406,-74.754231
3448583,"2010111110007040","10007047",2010,"MERCER","Trenton City","5/8/2010 0:00","Saturday","May","12/31/1899 14:34","1","TRENTON PD","PATROL/WEST",0,0,0,0,0,"Property Damage","At Intersection","No","No","Pedalcyclist",1,"N EASTFIELD AVE","South",NA,"","",NA,"Municipal","Straight and Level","Blacktop","Dry","Daylight","Clear","None","NULL",NA,"At","NULL","WYOMING ALY","NULL","","NULL",25,15,0,0,"No","","445",NA,NA,NA,"DVRPC",0,"PDO",10102829,40.2342891,-74.7934711
3448646,"2010111110007500","10007506",2010,"MERCER","Trenton City","5/16/2010 0:00","Sunday","May","12/31/1899 18:59","1","TRENTON PD","TRENTON",0,0,1,0,0,"Injury","At Intersection","No","No","Pedalcyclist",1,"PARK AVE","NULL",NA,"","11111098",0.04,"Municipal","Straight and Level","Blacktop","Dry","Daylight","Clear","None","None",NA,"At","NULL","NEW JERSEY AVE","NULL","","NULL",25,25,0,0,"No","","618",426452.010132,504594.72988,NA,"DVRPC",0,"Moderate Injury",10103164,40.2184968,-74.7351495
3448707,"2010111110007830","10007830",2010,"MERCER","Trenton City","5/22/2010 0:00","Saturday","May","12/31/1899 21:26","1","TRENTON PD","EAST",0,0,1,0,0,"Injury","At Intersection","No","No","Pedalcyclist",1,"PARK AVE","North",NA,"","11111098",0.09,"Municipal","Straight and Level","Blacktop","Dry","Dark (Street Lights On/ continuous)","Clear","None","None",NA,"At","NULL","PIERCE AVE","NULL","","NULL",25,25,0,0,"No","","625",426607.920686,504376.895461,NA,"DVRPC",0,"Pain",10101911,40.217929,-74.73464
3448779,"2010111110008460","10008463",2010,"MERCER","Trenton City","6/1/2010 0:00","Tuesday","June","12/31/1899 21:38","1","TRENTON PD","PATROL SOUT",0,0,0,0,0,"Property Damage","At Intersection","No","No","Pedalcyclist",1,"BEATTY ST","North",NA,"","11111577",0.65,"Municipal","Straight and Level","Blacktop","Dry","Dark (Street Lights On/ continuous)","Clear","None","None",NA,"At","NULL","DEKLYN AVE","NULL","","NULL",25,25,0,0,"No","","625",422405.690964,498010.815384,NA,"DVRPC",0,"PDO",10126016,40.200333,-74.749571
3448918,"2010111110009220","10009224",2010,"MERCER","Trenton City","6/14/2010 0:00","Monday","June","12/31/1899 17:17","1","TRENTON PD","TRENTON",0,0,0,0,0,"Property Damage","At Intersection","No","No","Pedalcyclist",1,"MERCER COUNTY 606","NULL",606,"","11000606",NA,"County","Straight and Level","Blacktop","Dry","Daylight","Clear","Painted Median","None",NA,"At","NULL","REVERE AVE","NULL","","NULL",25,25,0,0,"No","","618",NA,NA,NA,"DVRPC",0,"PDO",10128320,40.2179459,-74.7394747
3448936,"2010111110009300","10009309",2010,"MERCER","Trenton City","6/15/2010 0:00","Tuesday","June","12/31/1899 19:48","1","TRENTON PD","PATROL SOUTH",0,0,1,0,1,"Injury","At Intersection","No","No","Pedalcyclist",1,"GENESEE ST","North",NA,"","11031471",1.05,"Municipal","Straight and Level","Blacktop","Dry","Daylight","Clear","None","None",NA,"At","NULL","DAYTON ST","NULL","","NULL",25,25,0,0,"No","","625",424968.119315,499295.045482,NA,"DVRPC",1,"Pain",10128340,40.204048,-74.740654
3449020,"2010111110009800","10009805",2010,"MERCER","Trenton City","6/23/2010 0:00","Wednesday","June","12/31/1899 15:45","1","TRENTON PD","PATROL WEST",0,0,1,0,1,"Injury","Not At Intersection","No","No","Pedalcyclist",1,"SANHICAN DR","North",NA,"","29",6.349,"Municipal","Curve and Level","Blacktop","Dry","Daylight","Clear","None","None",50,"Foot","North","MILL RD","NULL","","NULL",50,50,0,0,"No","","413",406590.552844,511861.256201,NA,"DVRPC",1,"Moderate Injury",10136263,40.2381934,-74.8060973
3449226,"2010111110011150","10011150",2010,"MERCER","Trenton City","7/16/2010 0:00","Friday","July","12/31/1899 15:27","1","TRENTON PD","PATROL",0,0,1,0,0,"Injury","At Intersection","No","No","Pedalcyclist",1,"E PAUL AVE","West",NA,"","11111034",0.06,"Municipal","Straight and Level","Blacktop","Dry","Daylight","Clear","None","None",NA,"At","NULL","NASSAU ST","NULL","","NULL",25,25,0,0,"No","","555",420885.482014,510226.795565,NA,"DVRPC",0,"Moderate Injury",10149331,40.2339028,-74.7551857
3449516,"2010111110013170","10013170",2010,"MERCER","Trenton City","8/23/2010 0:00","Monday","August","12/31/1899 9:43","1","TRENTON PD","EAST DISTRICT",0,0,1,0,0,"Injury","At Intersection","No","No","Pedalcyclist",2,"NJ 33","East",33,"","33",NA,"State Highway","Straight and Level","Blacktop","Dry","Daylight","Clear","None","None",NA,"At","NULL","CR 622 / S OLDEN AVE","NULL","","NULL",25,25,0,0,"No","","463",NA,NA,NA,"DVRPC",0,"Pain",10185697,40.224042,-74.737089
3449535,"2010111110013260","10013269",2010,"MERCER","Trenton City","8/25/2010 0:00","Wednesday","August","12/31/1899 11:12","1","TRENTON PD","PATROL/SOUTH",0,0,1,0,0,"Injury","At Intersection","No","No","Pedalcyclist",1,"US 206","North",206,"","206",42.26,"Municipal","Straight and Level","Blacktop","Dry","Daylight","Overcast","None","None",NA,"At","NULL","FERRY ST","NULL","","NULL",25,25,40.21303,-74.75922,"No","","446",419732.494624,502619.008885,NA,"DVRPC",0,"Pain",10195724,40.2132814,-74.759464
3449779,"2010111110014700","10014700",2010,"MERCER","Trenton City","9/22/2010 0:00","Wednesday","September","12/31/1899 11:36","1","TRENTON PD","PATROL",0,0,1,0,0,"Injury","At Intersection","No","No","Pedalcyclist",1,"W STATE ST","West",NA,"","11111552",2.26,"Municipal","Straight and Level","Blacktop","Dry","Daylight","Clear","None","None",NA,"At","NULL","CHANCERY LN","NULL","","NULL",25,25,0,0,"No","","51",417661.660181,505299.644192,NA,"DVRPC",0,"Pain",10209311,40.2203902,-74.7668683
3449872,"2010111110015230","10015236",2010,"MERCER","Trenton City","10/2/2010 0:00","Saturday","October","12/31/1899 12:36","1","TRENTON PD","SOUTH-PATROL",0,0,1,0,0,"Injury","At Intersection","No","No","Pedalcyclist",1,"US 206","West",206,"","206",41.7,"Municipal","Straight and Level","Blacktop","Dry","Daylight","Clear","Painted Median","None",NA,"At","NULL","HUDSON ST","NULL","","NULL",25,25,0,0,"No","","465",421878.688904,500641.17556,NA,"DVRPC",0,"Pain",10219376,40.207772,-74.75188
3449969,"2010111110015740","10015745",2010,"MERCER","Trenton City","10/12/2010 0:00","Tuesday","October","12/31/1899 7:53","1","TRENTON PD","EAST",0,0,1,0,0,"Injury","Not At Intersection","No","No","Pedalcyclist",1,"HUDSON ST","East",NA,"","11111173",0.351,"Municipal","Straight and Level","Blacktop","Wet","Daylight","Overcast","None","None",50,"Foot","West","FULTON ST","NULL","","NULL",25,25,0,0,"No","","517",422194.129211,501476.259955,NA,"DVRPC",0,"Pain",10232778,40.20983,-74.750445
3449985,"2010111110015790","10015798",2010,"MERCER","Trenton City","10/13/2010 0:00","Wednesday","October","12/31/1899 9:47","1","TRENTON PD","PATROL NORTH",0,0,1,0,0,"Injury","At Intersection","No","No","Pedalcyclist",1,"US 206","North",206,"","206",43.06,"Municipal","Straight and Grade","Blacktop","Dry","Daylight","Clear","None","None",NA,"At","NULL","ALLEN ST","NULL","","NULL",25,25,0,0,"No","","531",418292.4,506388.55,NA,"DVRPC",0,"Moderate Injury",10232797,40.2236389,-74.764436
3450023,"2010111110016020","10016028",2010,"MERCER","Trenton City","10/17/2010 0:00","Sunday","October","12/31/1899 14:48","1","TRENTON PD","WEST-PATROL",0,0,0,0,0,"Property Damage","Not At Intersection","No","No","Pedalcyclist",1,"EDGEWOOD AVENUE","NULL",NA,"","11111239",0.195,"Municipal","Straight and Level","Blacktop","Dry","Daylight","Clear","None","None",25,"Foot","South","N DEAN AVE","NULL","","NULL",25,25,0,0,"No","","518",410074.791653,510748.396621,NA,"DVRPC",0,"PDO",10232893,40.235345,-74.79415
3450046,"2010111110016240","10016249",2010,"MERCER","Trenton City","10/22/2010 0:00","Friday","October","12/31/1899 7:23","1","TRENTON PD","PATROL/EAST",0,0,0,0,0,"Property Damage","Not At Intersection","No","No","Pedalcyclist",1,"NJ 33","East",33,"","33",NA,"County","Straight and Level","Blacktop","Dry","Dawn","Clear","None","None",100,"Foot","NULL","HAMPTON ST","NULL","","NULL",25,25,0,0,"No","NONE","498",NA,NA,NA,"DVRPC",0,"PDO",10237457,40.2210475,-74.7428693
3450127,"2010111110016700","10016702",2010,"MERCER","Trenton City","10/30/2010 0:00","Saturday","October","12/31/1899 20:26","1","TRENTON PD","WEST",0,0,1,0,0,"Injury","Not At Intersection","No","No","Pedalcyclist",1,"NJ 31","West",31,"","31",NA,"County","Straight and Level","Blacktop","Dry","Dark (Street Lights On/ continuous)","Clear","Painted Median","None",NA,"NULL","NULL","FRAZIER ST","NULL","","NULL",25,25,0,0,"No","","625",NA,NA,NA,"DVRPC",0,"Pain",10237411,40.2308902,-74.7692742
3450214,"2010111110017580","10017580",2010,"MERCER","Trenton City","11/17/2010 0:00","Wednesday","November","12/31/1899 13:49","1","TRENTON PD","TRENTON PD",0,0,1,0,1,"Injury","At Intersection","No","No","Pedalcyclist",1,"US 206","South",206,"","206",41.29,"Municipal","Straight and Level","Blacktop","Dry","Daylight","Clear","None","None",NA,"At","NULL","DIVISION ST","NULL","","NULL",25,25,0,0,"No","","482",423778.125163,499599.351944,NA,"DVRPC",1,"Pain",10258398,40.204917,-74.745027
3450557,"2010111110019470","10019476",2010,"MERCER","Trenton City","12/24/2010 0:00","Friday","December","12/31/1899 11:30","1","TRENTON PD","NORTH",0,0,1,0,0,"Injury","At Intersection","No","No","Pedalcyclist",1,"SOUTHARD ST","South",NA,"","11111558",0,"Municipal","Straight and Level","Blacktop","Dry","Daylight","Clear","Curbed Median","None",NA,"At","NULL","PERRY ST","NULL","","NULL",25,25,40.22544,-74.75483,"No","","389",420973.36,507136.87,NA,"DVRPC",0,"Pain",10303763,40.2254692,-74.754728
3451340,"20101112I-2010-013583","I-2010-013583",2010,"MERCER","Washington Twp  (Mercer Co)","7/1/2010 0:00","Thursday","July","12/31/1899 17:43","1","ROBBINSVILLE TWP PD","",0,0,0,0,0,"Property Damage","At Intersection","No","No","Pedalcyclist",1,"EISENHOWER DRIVE","South",NA,"","11121760",0,"Municipal","Straight and Level","Blacktop","Dry","Daylight","Clear","None","None",NA,"At","NULL","ROOSEVELT WAY","NULL","","NULL",25,NA,0,0,"No","","539",462705.800157,508562.630081,NA,"DVRPC",0,"PDO",10144264,40.2295913,-74.605358
3451343,"20101112I-2010-013777","I-2010-013777",2010,"MERCER","Washington Twp  (Mercer Co)","7/4/2010 0:00","Sunday","July","12/31/1899 12:56","1","ROBBINSVILLE TWP PD","",0,0,1,0,0,"Injury","At Intersection","No","No","Pedalcyclist",1,"LAKE DRIVE","East",NA,"","11031036",2.4,"Municipal","Straight and Level","Blacktop","Dry","Daylight","Clear","None","None",NA,"At","South","ROBBINSVILLE-EDINBURG ROAD","NULL","","NULL",25,35,0,0,"No","","535",457684.86991,505896.090138,NA,"DVRPC",0,"Moderate Injury",10163858,40.2222514,-74.6233511
3451927,"201011132010-00632","2010-00632",2010,"MERCER","West Windsor Township","1/7/2010 0:00","Thursday","January","12/31/1899 8:47","1","WEST WINDSOR TWP PD","2010-00632",0,0,1,0,0,"Injury","Not At Intersection","No","No","Pedalcyclist",1,"CONOVER RD","East",NA,"","",NA,"Municipal","Straight and Level","Blacktop","Dry","Daylight","Clear","None","None",30,"Foot","West","CR 526","NULL","","NULL",30,40,0,0,"No","","590",NA,NA,NA,"DVRPC",0,"Moderate Injury",10002384,40.2700854,-74.6126476
3452240,"201011132010-20311","2010-20311",2010,"MERCER","West Windsor Township","7/10/2010 0:00","Saturday","July","12/31/1899 11:48","1","WEST WINDSOR TWP PD","2010-20311",0,0,0,0,0,"Property Damage","Not At Intersection","No","No","Pedalcyclist",1,"NEW VILLAGE ROAD","East",NA,"","11131344",0.284,"Municipal","Straight and Level","Blacktop","Wet","Daylight","Rain","Painted Median","None",1500,"Foot","East","BAXTER DRIVE","NULL","","NULL",35,25,0,0,"No","","578",457824.432649,526316.932407,NA,"DVRPC",0,"PDO",10141517,40.2807086,-74.627292
3452340,"201011132010-24135","2010-24135",2010,"MERCER","West Windsor Township","8/22/2010 0:00","Sunday","August","12/31/1899 10:34","1","WEST WINDSOR TWP PD","2010-24135",0,0,1,0,0,"Injury","Not At Intersection","No","No","Pedalcyclist",1,"ALEXANDER RD","West",NA,"","11131424",1.97,"Municipal","Curve and Grade","Blacktop","Wet","Daylight","Overcast","None","None",150,"Foot","East","CANAL ROAD","NULL","","NULL",35,25,40.33194,-74.6527,"No","CRACKED SCHWINN HELMET WORN BY PEDALCYLIST. SCRATCHED TREK 7100 BICYCLE OPERATED","576",449555.48,545867.24,NA,"DVRPC",0,"Moderate Injury",10180610,40.3317002,-74.652172
3735679,"2011110111-15520","11-15520",2011,"MERCER","East Windsor Township","11/4/2011 0:00","Friday","November","12/31/1899 21:17","1","EAST WINDSOR TWP PD","TRAFFIC SAFETY",0,0,0,0,0,"Property Damage","Not At Intersection","No","No","Pedalcyclist",1,"BOLTON ROAD","NULL",NA,"","11011152",0.189,"Municipal","Straight and Level","Blacktop","Dry","Dark (No Street Lights)","Clear","None","None",1000,"Foot","East","PROBASCO ROAD","NULL","","NULL",NA,40,0,0,"No","","551",494541.804297,523562.312436,NA,"DVRPC",0,"PDO",11243328,40.2710708,-74.494237