"ID","DOT_WEB_ID","CASE_NUMBER","CRASH_YEAR","COUNTY","MUNICIPALITY","CRASH_DATE","CRASH_DAY_OF_WEEK","CRASH_MONTH","CRASH_TIME","POLICE_DEPT_CODE","POLICE_DEPARTMENT","POLICE_STATION","TOTAL_KILLED","TOTAL_INCAPACITATED","TOTAL_INJURED","PEDESTRIANS_KILLED","PEDESTRIANS_INJURED","SEVERITY","INTERSECTION","ALCOHOL_INVOLVED","HAZMAT_INVOLVED","CRASH_TYPE","TOTAL_VEHICLES_INVOLVED","CRASH_LOCATION","LOCATION_DIRECTION","ROUTE","ROUTE_SUFFIX","SRI","MILEPOST","ROAD_SYSTEM","ROAD_CHARACTER","ROAD_SURFACE_TYPE","SURFACE_CONDITION","LIGHT_CONDITION","ENVIRONMENTAL_CONDITION","ROAD_DIVIDED_BY","TEMP_TRAFFIC_CONTROL_ZONE","DISTANCE_TO_CROSS_STREET","UNIT_OF_MEASUREMENT","DIRECTION_FROM_CROSS_STREET","CROSS_STREET_NAME","IS_RAMP","RAMP_TO_FROM_ROUTE_NAME","RAMP_TO_FROM_ROUTE_DIRECTION","POSTED_SPEED","POSTED_SPEED_CROSS_STREET","LATITUDE","LONGITUDE","CELL_PHONE_IN_USE","OTHER_PROPERTY_DAMAGE","REPORTING_BADGE_NO","X","Y","CRASH_NARRATIVE","MPO","TOTAL_PEDESTRIANS_INVOLVED","EPDO","DLN","LatitudeGeocoded","LongitudeGeocoded"
3736635,"20111102I-2011-001446","I-2011-001446",2011,"MERCER","Ewing Township","1/16/2011 0:00","Sunday","January","12/31/1899 10:54","1","EWING TWP PD","PLATOON 2 SQUA",0,0,1,0,0,"Injury","Not At Intersection","No","No","Pedalcyclist",1,"MERCER COUNTY 622","NULL",622,"","11000622",4.9,"County","Straight and Level","Blacktop","Dry","Daylight","Clear","None","None",1320,"Foot","East","CR 639","NULL","","NULL",40,35,0,0,"No","","128",418268.951405,514682.336476,NA,"DVRPC",0,"Pain",11016937,40.2446291,-74.7602465
3736732,"20111102I-2011-004691","I-2011-004691",2011,"MERCER","Ewing Township","2/17/2011 0:00","Thursday","February","12/31/1899 17:34","1","EWING TWP PD","SQUAD4 TRAFFIC",0,0,1,0,0,"Injury","Not At Intersection","No","No","Pedalcyclist",1,"MERCER COUNTY 636","NULL",636,"","11000636",1.51,"County","Straight at Hillcrest","Blacktop","Dry","Daylight","Clear","None","None",20,"Foot","West","CROSS ST","NULL","","NULL",35,25,0,0,"No","","163",416076.844255,515413.757103,NA,"DVRPC",0,"Pain",11044377,40.248095,-74.772485
3737358,"20111102I-2011-027343","I-2011-027343",2011,"MERCER","Ewing Township","10/5/2011 0:00","Wednesday","October","12/31/1899 18:42","1","EWING TWP PD","SQUAD3 TRAFFIC",0,0,1,0,0,"Injury","Not At Intersection","No","No","Pedalcyclist",1,"CENTRAL AVE","NULL",NA,"","11021072",0.469,"Municipal","Straight and Grade","Blacktop","Dry","Dusk","Clear","None","None",5,"Foot","West","NJ 31","NULL","","NULL",25,35,0,0,"No","","149",414329.840151,518647.310043,NA,"DVRPC",0,"Pain",11401753,40.2569962,-74.778746
3737426,"20111102I-2011-029359","I-2011-029359",2011,"MERCER","Ewing Township","10/28/2011 0:00","Friday","October","12/31/1899 17:22","1","EWING TWP PD","SQUAD4 TRAFFIC",0,0,1,0,0,"Injury","Not At Intersection","No","No","Pedalcyclist",1,"MERCER COUNTY 634","NULL",634,"","11000634",1.46,"County","Straight and Level","Blacktop","Dry","Daylight","Clear","None","None",1000,"Foot","East","DECOU AVE","NULL","","NULL",35,25,0,0,"No","","163",404349.4,522713.77,NA,"DVRPC",0,"Pain",11402562,40.268051,-74.81454
3737468,"20111102I-2011-030211","I-2011-030211",2011,"MERCER","Ewing Township","11/5/2011 0:00","Saturday","November","12/31/1899 14:06","1","EWING TWP PD","PLATOON 1 - SQ",0,0,1,0,0,"Injury","Not At Intersection","No","No","Pedalcyclist",1,"MERCER COUNTY 634","NULL",634,"","11000634",3.25,"County","Straight and Level","Blacktop","Dry","Daylight","Clear","None","None",500,"Foot","East","CR 622","NULL","","NULL",40,40,0,0,"No","","151",411281.41,516916.32,NA,"DVRPC",0,"Pain",11402254,40.2522117,-74.7895717
3737540,"20111102I-2011-032362","I-2011-032362",2011,"MERCER","Ewing Township","12/2/2011 0:00","Friday","December","12/31/1899 13:55","1","EWING TWP PD","SQUAD4A",0,0,0,0,0,"Property Damage","Not At Intersection","No","No","Pedalcyclist",1,"2098 PENNINGTON ROAD(CITGO)","NULL",NA,"","",NA,"Private Property","Straight and Level","Concrete","Dry","Daylight","Clear","None","None",NA,"NULL","NULL","","NULL","","NULL",NA,NA,0,0,"No","","158",NA,NA,NA,"DVRPC",0,"PDO",11402576,40.2766931,-74.7803419
3737585,"20111102I-2011-033329","I-2011-033329",2011,"MERCER","Ewing Township","12/14/2011 0:00","Wednesday","December","12/31/1899 11:54","1","EWING TWP PD","SQUAD 4A",0,0,0,0,0,"Property Damage","Not At Intersection","No","No","Pedalcyclist",1,"MERCER COUNTY 622","NULL",622,"","11000622",5.91,"County","Straight and Level","Blacktop","Dry","Daylight","Clear","None","None",450,"Foot","West","SUTHERLAND ROAD","NULL","","NULL",40,25,0,0,"No","","158",413395.324601,516456.411135,NA,"DVRPC",0,"PDO",11402761,40.2512453,-74.7837479
3737697,"2011110311-1026","11-1026",2011,"MERCER","Hamilton Twp (Mercer Co)","1/8/2011 0:00","Saturday","January","12/31/1899 18:42","1","HAMILTON TWP PD (MERCER)","",0,0,1,0,0,"Injury","Not At Intersection","No","No","Pedalcyclist",1,"MERCER COUNTY 614","NULL",614,"","11000614",0.68,"County","Straight and Level","Blacktop","Dry","Dark (Street LIghts On/ spot)","Clear","None","None",10,"Foot","East","WARNER DR","NULL","","NULL",25,25,0,0,"No","NONE","381",429182.152536,509747.992491,NA,"DVRPC",0,"Pain",11010240,40.2307887,-74.7236935
3737848,"2011110311-13126","11-13126",2011,"MERCER","Hamilton Twp (Mercer Co)","4/3/2011 0:00","Sunday","April","12/31/1899 15:17","1","HAMILTON TWP PD (MERCER)","",0,0,1,0,0,"Injury","At Intersection","No","No","Pedalcyclist",1,"YARDVILLE-HAMILTON SQ RD","NULL",NA,"","11031990",0.28,"Municipal","Straight and Level","Blacktop","Dry","Daylight","Clear","None","None",NA,"At","NULL","LENOX AVE","NULL","","NULL",35,25,0,0,"No","","370",444195.945715,491895.78572,NA,"DVRPC",0,"Pain",11079676,40.1838436,-74.6715085
3737953,"2011110311-15848","11-15848",2011,"MERCER","Hamilton Twp (Mercer Co)","4/21/2011 0:00","Thursday","April","12/31/1899 14:03","1","HAMILTON TWP PD (MERCER)","",0,0,0,0,0,"Property Damage","Not At Intersection","No","No","Pedalcyclist",1,"MERCER COUNTY 672","West",672,"","11000672",NA,"County","Straight and Level","Blacktop","Dry","Daylight","Clear","None","None",30,"Foot","South","LAKESIDE BLVD.","NULL","","NULL",40,25,0,0,"No","","388",NA,NA,NA,"DVRPC",0,"PDO",11094845,40.2194203,-74.7246528
3737999,"2011110311-16745","11-16745",2011,"MERCER","Hamilton Twp (Mercer Co)","4/27/2011 0:00","Wednesday","April","12/31/1899 14:58","1","HAMILTON TWP PD (MERCER)","",0,0,1,0,0,"Injury","At Intersection","No","No","Pedalcyclist",1,"MERCER COUNTY 606","NULL",606,"","11000606",3.52,"County","Straight and Grade","Blacktop","Wet","Daylight","Rain","None","None",NA,"At","NULL","SAYBROOK AVE.","NULL","","NULL",35,25,0,0,"No","","364",436777.219916,510064.358281,NA,"DVRPC",0,"Moderate Injury",11095376,40.22771,-74.6692043
3738167,"2011110311-19925","11-19925",2011,"MERCER","Hamilton Twp (Mercer Co)","5/18/2011 0:00","Wednesday","May","12/31/1899 18:43","1","HAMILTON TWP PD (MERCER)","",0,0,0,0,0,"Property Damage","Not At Intersection","No","No","Pedalcyclist",1,"1700 NOTTINGHAM WY","NULL",NA,"","",NA,"Private Property","Straight and Level","Blacktop","Wet","Daylight","Rain","Curbed Median","None",NA,"NULL","NULL","","NULL","","NULL",NA,NA,0,0,"No","NONE","304",NA,NA,NA,"DVRPC",0,"PDO",11103416,40.2334592,-74.7159951
3738215,"2011110311-20778","11-20778",2011,"MERCER","Hamilton Twp (Mercer Co)","5/24/2011 0:00","Tuesday","May","12/31/1899 16:18","1","HAMILTON TWP PD (MERCER)","",0,0,1,0,0,"Injury","At Intersection","No","No","Pedalcyclist",1,"NJ 33","West",33,"","33",5.73,"State Highway","Straight and Level","Blacktop","Dry","Daylight","Clear","None","None",NA,"At","NULL","ENDICOTT RD","NULL","","NULL",40,25,0,0,"No","","407",448222.14723,507319.66317,NA,"DVRPC",0,"Pain",11111328,40.2261527,-74.6573587
3738548,"2011110311-27669","11-27669",2011,"MERCER","Hamilton Twp (Mercer Co)","7/8/2011 0:00","Friday","July","12/31/1899 11:21","1","HAMILTON TWP PD (MERCER)","",0,0,0,0,0,"Property Damage","At Intersection","No","No","Pedalcyclist",1,"ESTATES BLVD","East",NA,"","11031803",1.42,"Municipal","Straight and Level","Blacktop","Dry","Daylight","Clear","None","None",NA,"At","NULL","WHITEHORSE-HAMILTON SQ. RD.","NULL","","NULL",25,35,0,0,"No","","444",444915.119859,506357.620055,NA,"DVRPC",0,"PDO",11149881,40.2234716,-74.6691123
3738578,"2011110311-28038","11-28038",2011,"MERCER","Hamilton Twp (Mercer Co)","7/11/2011 0:00","Monday","July","12/31/1899 11:44","1","HAMILTON TWP PD (MERCER)","",0,0,1,0,0,"Injury","At Intersection","Yes","No","Pedalcyclist",1,"US 206","North",206,"","206",NA,"State Highway","Straight and Level","Blacktop","Dry","Daylight","Clear","Curbed Median","None",NA,"At","NULL","CEDAR LANE","NULL","","NULL",35,25,0,0,"No","","364",NA,NA,NA,"DVRPC",0,"Moderate Injury",11153321,40.2007114,-74.7349463
3738579,"2011110311-28061","11-28061",2011,"MERCER","Hamilton Twp (Mercer Co)","7/11/2011 0:00","Monday","July","12/31/1899 14:24","1","HAMILTON TWP PD (MERCER)","",0,0,0,0,0,"Property Damage","Not At Intersection","No","No","Pedalcyclist",1,"PARKING LOT ?50 RT 33","NULL",NA,"","",NA,"Private Property","Straight and Level","Concrete","Dry","Daylight","Clear","None","None",NA,"NULL","NULL","","NULL","","NULL",NA,NA,0,0,"No","","402",NA,NA,NA,"DVRPC",0,"PDO",11153319,40.217343,-74.010602
3738763,"2011110311-31936","11-31936",2011,"MERCER","Hamilton Twp (Mercer Co)","8/7/2011 0:00","Sunday","August","12/31/1899 16:20","1","HAMILTON TWP PD (MERCER)","",0,0,1,0,0,"Injury","Not At Intersection","No","No","Pedalcyclist",1,"US 206","NULL",206,"","206",NA,"State Highway","Straight and Level","Blacktop","Dry","Daylight","Clear","Barrier Median","None",40,"Foot","North","SAMDIN BLVD","NULL","","NULL",35,25,0,0,"No","","438",NA,NA,NA,"DVRPC",0,"Moderate Injury",11173051,40.1949321,-74.7212036
3738905,"2011110311-34918","11-34918",2011,"MERCER","Hamilton Twp (Mercer Co)","8/27/2011 0:00","Saturday","August","12/31/1899 9:45","1","HAMILTON TWP PD (MERCER)","",0,0,0,0,0,"Property Damage","Not At Intersection","No","No","Pedalcyclist",1,"CHEWALLA BLVD","NULL",NA,"","11031280",0,"Municipal","Straight and Level","Blacktop","Dry","Daylight","Overcast","Grass Median","None",2,"Foot","South","NOTTINGHAM WAY","NULL","","NULL",25,40,0,0,"No","","402",432972.98003,509797.779842,NA,"DVRPC",0,"PDO",11191797,40.2328225,-74.7119609
3738968,"2011110311-36350","11-36350",2011,"MERCER","Hamilton Twp (Mercer Co)","9/3/2011 0:00","Saturday","September","12/31/1899 17:15","1","HAMILTON TWP PD (MERCER)","",0,0,1,0,0,"Injury","Not At Intersection","No","No","Pedalcyclist",1,"JOHNSTON AVENUE","North",NA,"","11031405",0.136,"Municipal","Straight and Level","Blacktop","Dry","Daylight","Clear","None","None",30,"Foot","North","HOBART AVENUE","NULL","","NULL",30,25,0,0,"No","","330",429722.368438,506231.612018,NA,"DVRPC",0,"Moderate Injury",11209849,40.2229549,-74.723434
3739133,"2011110311-39712","11-39712",2011,"MERCER","Hamilton Twp (Mercer Co)","9/27/2011 0:00","Tuesday","September","12/31/1899 7:11","1","HAMILTON TWP PD (MERCER)","",0,0,1,0,0,"Injury","Not At Intersection","No","No","Pedalcyclist",1,"ROUTE 535","West",535,"","535",0.29,"County","Straight and Grade","Blacktop","Dry","Daylight","Clear","None","None",120,"Foot","West","JOHNSTON AVE","NULL","","NULL",30,25,0,0,"No","","330",427119.945682,509215.385682,NA,"DVRPC",0,"Moderate Injury",11222063,40.2318355,-74.7320326
3739294,"2011110311-42741","11-42741",2011,"MERCER","Hamilton Twp (Mercer Co)","10/16/2011 0:00","Sunday","October","12/31/1899 15:18","1","HAMILTON TWP PD (MERCER)","",0,0,1,0,0,"Injury","At Intersection","No","No","Pedalcyclist",1,"E PARK","West",NA,"","11031983",0.63,"Municipal","Straight and Level","Blacktop","Dry","Daylight","Clear","None","None",NA,"At","NULL","BERG","NULL","","NULL",25,25,0,0,"No","","446",430385.601177,498238.923514,NA,"DVRPC",0,"Pain",11235389,40.201049,-74.721033
3739477,"2011110311-45527","11-45527",2011,"MERCER","Hamilton Twp (Mercer Co)","11/3/2011 0:00","Thursday","November","12/31/1899 19:05","1","HAMILTON TWP PD (MERCER)","",0,0,1,0,0,"Injury","At Intersection","No","No","Pedalcyclist",1,"ROUTE 524","NULL",524,"","524",1.4,"County","Straight and Grade","Blacktop","Dry","Dark (Street Lights Off)","Clear","Curbed Median","None",NA,"At","NULL","SUNNY BRAE BLVD","NULL","","NULL",35,25,0,0,"No","","433",441978.62,492256.45,NA,"DVRPC",0,"Pain",11253204,40.184879,-74.6795602
3739519,"2011110311-46291","11-46291",2011,"MERCER","Hamilton Twp (Mercer Co)","11/8/2011 0:00","Tuesday","November","12/31/1899 18:35","1","HAMILTON TWP PD (MERCER)","",0,0,1,0,0,"Injury","Not At Intersection","No","No","Pedalcyclist",1,"PHILLIPS AVE","NULL",NA,"","11031533",0.009,"Municipal","Straight and Level","Blacktop","Dry","Dark (No Street Lights)","Clear","None","None",50,"Foot","East","WHITEHORSE AVE.","NULL","","NULL",25,35,0,0,"No","","475",435361.046282,494519.991254,NA,"DVRPC",0,"Pain",11253397,40.190954,-74.7033553
3739784,"2011110311-50642","11-50642",2011,"MERCER","Hamilton Twp (Mercer Co)","12/8/2011 0:00","Thursday","December","12/31/1899 21:54","1","HAMILTON TWP PD (MERCER)","",0,0,1,0,0,"Injury","Not At Intersection","No","No","Pedalcyclist",1,"MERCER COUNTY 620","South",620,"","11000620",0.12,"County","Straight and Grade","Blacktop","Dry","Dark (Street LIghts On/ spot)","Clear","None","None",250,"Foot","South","COPPERFIELD DR","NULL","","NULL",40,25,0,0,"No","","418",438447.894174,493772.309988,NA,"DVRPC",0,"Moderate Injury",11285049,40.2194203,-74.7246528
3740285,"201111032011-8051","2011-8051",2011,"MERCER","Hamilton Twp (Mercer Co)","2/28/2011 0:00","Monday","February","12/31/1899 6:26","1","HAMILTON TWP PD (MERCER)","PATROL",0,0,1,0,0,"Injury","Not At Intersection","No","No","Pedalcyclist",1,"ROUTE 524","North",524,"","524",NA,"County","Straight and Level","Blacktop","Wet","Dark (Street Lights On/ continuous)","Rain","None","None",500,"Foot","North","CROSSWICKS HAMILTON SQ RD","NULL","","NULL",50,NA,0,0,"No","","409",NA,NA,NA,"DVRPC",0,"Moderate Injury",11047786,40.1725368,-74.6462474
3741309,"20111106HT2011-011095","HT2011-011095",2011,"MERCER","Hopewell Twp (Mercer Co)","5/8/2011 0:00","Sunday","May","12/31/1899 12:40","1","HOPEWELL TWP PD","51 SOUTH",0,0,1,0,0,"Injury","At Intersection","No","No","Pedalcyclist",1,"ROUTE 546","East",546,"","546",2.57,"County","Straight and Level","Blacktop","Dry","Daylight","Clear","None","None",NA,"At","NULL","CR 637 / JACOBS CREEK RD","NULL","","NULL",45,40,0,0,"No","","39",401295.69474,537148.324343,NA,"DVRPC",0,"Pain",11097474,40.3076294,-74.8259521
3741688,"20111106HT2011-028263","HT2011-028263",2011,"MERCER","Hopewell Twp (Mercer Co)","12/12/2011 0:00","Monday","December","12/31/1899 15:05","1","HOPEWELL TWP PD","51 NORTH",0,0,1,0,0,"Injury","At Intersection","No","No","Pedalcyclist",1,"PENNINGTON-TITUSVILLE RD","West",NA,"","11061023",0.15,"Municipal","Straight and Level","Blacktop","Dry","Daylight","Clear","None","None",NA,"At","NULL","DUBLIN ROAD","NULL","","NULL",25,25,0,0,"No","","46",407637.674705,544125.515259,NA,"DVRPC",0,"Pain",11272852,40.3268505,-74.8034625
3741938,"2011110711-19737-AC","11-19737-AC",2011,"MERCER","Lawrence Twp (Mercer Co)","5/9/2011 0:00","Monday","May","12/31/1899 17:42","1","LAWRENCE TWP PD","",0,0,1,0,0,"Injury","At Intersection","No","No","Pedalcyclist",1,"US 1 BUSINESS","NULL",1,"B","00000001B",0.55,"State Highway","Straight and Level","Blacktop","Dry","Daylight","Clear","Curbed Median","None",NA,"At","NULL","PURITAN AVE","NULL","","NULL",55,25,0,0,"No","","218",424684.778521,514512.549784,NA,"DVRPC",0,"Moderate Injury",11089206,40.2465743,-74.7405629
3742279,"2011110711-35029-AC","11-35029-AC",2011,"MERCER","Lawrence Twp (Mercer Co)","8/22/2011 0:00","Monday","August","12/31/1899 7:37","1","LAWRENCE TWP PD","",0,0,1,0,0,"Injury","Not At Intersection","No","No","Pedalcyclist",1,"US 206","South",206,"","206",45.1,"State Highway","Straight and Level","Blacktop","Dry","Daylight","Clear","None","None",200,"Foot","North","BRUNSWICK CIR","NULL","","NULL",40,25,0,0,"No","","209",424444.663393,514533.171421,NA,"DVRPC",0,"Pain",11183817,40.244837,-74.7476886
3742438,"2011110711-40760-AC","11-40760-AC",2011,"MERCER","Lawrence Twp (Mercer Co)","9/30/2011 0:00","Friday","September","12/31/1899 19:13","1","LAWRENCE TWP PD","",0,0,0,0,0,"Property Damage","Not At Intersection","No","No","Pedalcyclist",1,"US 206","NULL",206,"","206",45.04,"State Highway","Straight and Level","Blacktop","Dry","Dark (Street LIghts On/ spot)","Clear","None","None",250,"Foot","North","PRINCETON AVE","NULL","","NULL",40,25,0,0,"No","","214",424484.452384,514244.539323,NA,"DVRPC",0,"PDO",11209809,40.244837,-74.7476886
3743182,"2011110911-16244","11-16244",2011,"MERCER","Princeton Borough","8/19/2011 0:00","Friday","August","12/31/1899 7:33","1","PRINCETON BORO PD","",0,0,0,0,0,"Property Damage","Not At Intersection","No","No","Pedalcyclist",1,"UNIVERSITY PLACE","NULL",NA,"","11091188",0.1,"Municipal","Curve and Grade","Blacktop","Wet","Daylight","Rain","None","None",300,"Foot","South","COLLEGE ROAD","NULL","","NULL",25,25,0,0,"No","","142",447540.194373,550266.109383,NA,"DVRPC",0,"PDO",11179302,40.3448862,-74.66033
3743190,"2011110911-20744","11-20744",2011,"MERCER","Princeton Borough","10/12/2011 0:00","Wednesday","October","12/31/1899 8:59","1","PRINCETON BORO PD","",0,0,1,0,0,"Injury","Not At Intersection","No","No","Pedalcyclist",1,"NJ 27","NULL",27,"","27",0.8,"State Highway","Straight and Level","Blacktop","Wet","Daylight","Rain","None","None",5,"Foot","West","MAPLE ST","NULL","","NULL",25,25,0,0,"No","","129",450281.58551,553372.776385,NA,"DVRPC",0,"Moderate Injury",11222506,40.352534,-74.6502091
3743196,"2011110911-22606","11-22606",2011,"MERCER","Princeton Borough","11/5/2011 0:00","Saturday","November","12/31/1899 16:16","1","PRINCETON BORO PD","",0,0,1,0,0,"Injury","At Intersection","No","No","Pedalcyclist",1,"LINDEN LANE","NULL",NA,"","11091133",0.42,"Municipal","Straight and Level","Blacktop","Dry","Daylight","Clear","None","None",NA,"At","NULL","FRANKLIN AVE.","NULL","","NULL",25,25,0,0,"No","","123",449917.53013,555597.669869,NA,"DVRPC",0,"Pain",11249384,40.3586583,-74.6514472
3743199,"2011110911-23235","11-23235",2011,"MERCER","Princeton Borough","11/15/2011 0:00","Tuesday","November","12/31/1899 6:53","1","PRINCETON BORO PD","",0,0,1,0,0,"Injury","Not At Intersection","No","No","Pedalcyclist",1,"JEFFERSON ROAD","NULL",NA,"","11091242",0.191,"Municipal","Straight and Level","Blacktop","Dry","Daylight","Clear","None","None",5,"Foot","North","WIGGINS STREET","NULL","","NULL",25,25,0,0,"No","","142",448716.325906,553840.743919,NA,"DVRPC",0,"Pain",11267804,40.3534595,-74.6566398
3743468,"201111092011-20298","2011-20298",2011,"MERCER","Princeton Borough","10/6/2011 0:00","Thursday","October","12/31/1899 20:29","1","PRINCETON BORO PD","",0,0,1,0,0,"Injury","Not At Intersection","No","No","Pedalcyclist",2,"NJ 27","NULL",27,"","27",0.76,"State Highway","Straight and Level","Blacktop","Dry","Dark (Street LIghts On/ spot)","Clear","None","None",25,"Foot","West","PINE ST","NULL","","NULL",25,20,0,0,"No","NONE","150",450084.839954,553295.265982,NA,"DVRPC",0,"Moderate Injury",11222512,40.3523181,-74.6509184
3743496,"201111092011-22833","2011-22833",2011,"MERCER","Princeton Borough","11/8/2011 0:00","Tuesday","November","12/31/1899 18:45","1","PRINCETON BORO PD","",0,0,1,0,0,"Injury","At Intersection","No","No","Pedalcyclist",1,"PROSPECT AVE","NULL",NA,"","11091240",0.5,"Municipal","Straight and Level","Blacktop","Dry","Dark (Street LIghts On/ spot)","Clear","None","None",NA,"At","NULL","BROADMEAD","NULL","","NULL",25,25,0,0,"No","","149",451403.693784,552524.622455,NA,"DVRPC",0,"Pain",11255085,40.3502581,-74.6459984
3743523,"201111092011-24550","2011-24550",2011,"MERCER","Princeton Borough","12/5/2011 0:00","Monday","December","12/31/1899 21:04","1","PRINCETON BORO PD","",0,0,1,0,0,"Injury","Not At Intersection","Yes","No","Pedalcyclist",1,"VANDEVENTER AVE","NULL",NA,"","11091074",0.005,"Municipal","Straight and Grade","Blacktop","Dry","Dark (Street LIghts On/ spot)","Rain","None","None",25,"Foot","North","NASSAU ST.","NULL","","NULL",25,25,0,0,"No","","149",448314.601975,552603.011488,NA,"DVRPC",0,"Moderate Injury",11267794,40.3503814,-74.6570811
3743526,"201111092011-24594","2011-24594",2011,"MERCER","Princeton Borough","12/6/2011 0:00","Tuesday","December","12/31/1899 12:30","1","PRINCETON BORO PD","",0,0,1,0,0,"Injury","Not At Intersection","No","No","Pedalcyclist",1,"UNIVERSITY PLACE","NULL",NA,"","11091188",0.16,"Municipal","Straight and Grade","Blacktop","Wet","Daylight","Rain","None","None",5,"Foot","South","COLLEGE ROAD","NULL","","NULL",25,25,0,0,"No","","150",447435.95,550579.42,NA,"DVRPC",0,"Moderate Injury",11267785,40.3448862,-74.66033
3744006,"2011111011-8510","Nov-10",2011,"MERCER","Princeton Township","6/13/2011 0:00","Monday","June","12/31/1899 11:54","1","PRINCETON TWP PD","",0,0,0,0,0,"Property Damage","Not At Intersection","No","No","Pedalcyclist",1,"JEFFERSON RD","NULL",NA,"","11091242",0.735,"Municipal","Straight and Level","Blacktop","Dry","Daylight","Clear","None","None",500,"Foot","South","VALLEY RD.","NULL","","NULL",25,25,0,0,"No","","95",447736.840001,556507.469925,NA,"DVRPC",0,"PDO",11129388,40.362365,-74.660038
3744081,"201111102011-14163","2011-14163",2011,"MERCER","Princeton Township","9/20/2011 0:00","Tuesday","September","12/31/1899 9:01","1","PRINCETON TWP PD","",0,0,1,0,0,"Injury","At Intersection","No","No","Pedalcyclist",1,"ALEXANDER RD","NULL",NA,"","11131424",2.46,"Municipal","Straight and Level","Blacktop","Wet","Daylight","Rain","None","None",NA,"At","NULL","FACULTY ROAD","NULL","","NULL",35,25,0,0,"No","","80",448372.32,548033.16,NA,"DVRPC",0,"Moderate Injury",11200874,40.3378924,-74.6569572
3744087,"201111102011-15519","2011-15519",2011,"MERCER","Princeton Township","10/17/2011 0:00","Monday","October","12/31/1899 13:21","1","PRINCETON TWP PD","",0,0,1,0,0,"Injury","At Intersection","No","No","Pedalcyclist",1,"MERCER COUNTY 629","NULL",629,"","11000629",NA,"County","Straight and Level","Blacktop","Dry","Daylight","Clear","None","None",NA,"At","NULL","VALLEY ROAD","NULL","","NULL",30,25,0,0,"No","","80",NA,NA,NA,"DVRPC",0,"Pain",11225340,40.3641494,-74.6532112
3744814,"2011111111003500","11003505",2011,"MERCER","Trenton City","3/18/2011 0:00","Friday","March","12/31/1899 21:12","1","TRENTON PD","NORTH PATROL",0,1,1,0,0,"Injury","At Intersection","No","No","Pedalcyclist",1,"MARTIN LUTHER KING","NULL",NA,"","00000206Z",43.96,"Municipal","Straight and Level","Blacktop","Dry","Dark (Street Lights On/ continuous)","Clear","Painted Median","None",NA,"At","NULL","EVANS AVE","NULL","","NULL",25,25,0,0,"No","","608",419790.628003,510121.936465,NA,"DVRPC",0,"Incapacitating Injury",11061595,40.233439,-74.759289
3744967,"2011111111004550","11004554",2011,"MERCER","Trenton City","4/9/2011 0:00","Saturday","April","12/31/1899 21:15","1","TRENTON PD","NORTH",0,0,1,0,0,"Injury","At Intersection","No","No","Pedalcyclist",1,"SOUTHARD ST","North",NA,"","11111558",0.76,"Municipal","Straight and Level","Blacktop","Dry","Dark (Street Lights On/ continuous)","Clear","None","None",NA,"At","NULL","CR 653","NULL","","NULL",25,25,0,0,"No","","615",418530.89,510226.65,NA,"DVRPC",0,"Pain",11072427,40.2301234,-74.7587494
3745268,"2011111111006580","11006583",2011,"MERCER","Trenton City","5/24/2011 0:00","Tuesday","May","12/31/1899 18:38","1","TRENTON PD","TRAFFIC",0,0,1,0,1,"Injury","At Intersection","No","No","Pedalcyclist",1,"JERSEY ST","East",NA,"","11111431",0.21,"Municipal","Straight and Level","Concrete","Dry","Daylight","Clear","None","None",NA,"At","NULL","SMITH AVE","NULL","","NULL",25,25,0,0,"No","","617",422064.683839,498496.680579,NA,"DVRPC",1,"Pain",11196673,40.201696,-74.750819
3745320,"2011111111006830","11006837",2011,"MERCER","Trenton City","5/29/2011 0:00","Sunday","May","12/31/1899 21:21","1","TRENTON PD","PATROL",0,0,1,0,0,"Injury","At Intersection","No","No","Pedalcyclist",1,"BEATTY ST","South",NA,"","11111577",0.76,"Municipal","Straight and Level","Blacktop","Dry","Dark (Street Lights On/ continuous)","Clear","None","None",NA,"At","NULL","LALOR ST","NULL","","NULL",25,25,0,0,"Yes","","554",422517.359865,497440.739923,NA,"DVRPC",0,"Pain",11196618,40.1988351,-74.7492191
3745370,"2011111111007100","11007107",2011,"MERCER","Trenton City","6/3/2011 0:00","Friday","June","12/31/1899 22:22","1","TRENTON PD","TRAFFIC",0,0,0,0,0,"Property Damage","At Intersection","No","No","Pedalcyclist",1,"CASS ST","NULL",NA,"","11111527",0.26,"Municipal","Straight and Level","Blacktop","Dry","Dark (Street LIghts On/ spot)","Clear","None","None",NA,"At","NULL","THIRD ST","NULL","","NULL",25,25,0,0,"No","","617",420626.231303,499965.965751,NA,"DVRPC",1,"PDO",11196787,40.2058238,-74.7555713
3745428,"2011111111007380","11007387",2011,"MERCER","Trenton City","6/9/2011 0:00","Thursday","June","12/31/1899 14:01","1","TRENTON PD","TRAFFIC",0,1,1,0,0,"Injury","At Intersection","No","No","Pedalcyclist",1,"MERCER COUNTY 606","East",606,"","11000606",NA,"County","Straight and Level","Blacktop","Dry","Daylight","Clear","None","None",NA,"At","NULL","FRANKLIN ST","NULL","","NULL",25,25,0,0,"No","","414",NA,NA,NA,"DVRPC",0,"Incapacitating Injury",11196730,40.210424,-74.738703