"ID","DOT_WEB_ID","CASE_NUMBER","CRASH_YEAR","COUNTY","MUNICIPALITY","CRASH_DATE","CRASH_DAY_OF_WEEK","CRASH_MONTH","CRASH_TIME","POLICE_DEPT_CODE","POLICE_DEPARTMENT","POLICE_STATION","TOTAL_KILLED","TOTAL_INCAPACITATED","TOTAL_INJURED","PEDESTRIANS_KILLED","PEDESTRIANS_INJURED","SEVERITY","INTERSECTION","ALCOHOL_INVOLVED","HAZMAT_INVOLVED","CRASH_TYPE","TOTAL_VEHICLES_INVOLVED","CRASH_LOCATION","LOCATION_DIRECTION","ROUTE","ROUTE_SUFFIX","SRI","MILEPOST","ROAD_SYSTEM","ROAD_CHARACTER","ROAD_SURFACE_TYPE","SURFACE_CONDITION","LIGHT_CONDITION","ENVIRONMENTAL_CONDITION","ROAD_DIVIDED_BY","TEMP_TRAFFIC_CONTROL_ZONE","DISTANCE_TO_CROSS_STREET","UNIT_OF_MEASUREMENT","DIRECTION_FROM_CROSS_STREET","CROSS_STREET_NAME","IS_RAMP","RAMP_TO_FROM_ROUTE_NAME","RAMP_TO_FROM_ROUTE_DIRECTION","POSTED_SPEED","POSTED_SPEED_CROSS_STREET","LATITUDE","LONGITUDE","CELL_PHONE_IN_USE","OTHER_PROPERTY_DAMAGE","REPORTING_BADGE_NO","X","Y","CRASH_NARRATIVE","MPO","TOTAL_PEDESTRIANS_INVOLVED","EPDO","DLN","LatitudeGeocoded","LongitudeGeocoded"
3745437,"2011111111007430","11007438",2011,"MERCER","Trenton City","6/10/2011 0:00","Friday","June","12/31/1899 19:08","1","TRENTON PD","EAST",0,0,0,0,0,"Property Damage","Not At Intersection","No","No","Pedalcyclist",1,"MERCER COUNTY 606","West",606,"","11000606",0.9,"County","Straight and Level","Blacktop","Dry","Daylight","Clear","Painted Median","None",NA,"NULL","NULL","CR 626","NULL","","NULL",25,25,0,0,"No","","596",424309.501697,504075.033595,NA,"DVRPC",1,"PDO",11196720,40.2170331,-74.7429262
3745496,"2011111111007750","11007758",2011,"MERCER","Trenton City","6/17/2011 0:00","Friday","June","12/31/1899 19:39","1","TRENTON PD","TRAFFIC",0,0,1,0,1,"Injury","At Intersection","No","No","Pedalcyclist",1,"E STATE ST","East",NA,"","11000635",0.82,"Municipal","Straight and Level","Blacktop","Dry","Daylight","Clear","None","None",NA,"At","NULL","CUYLER AVE","NULL","","NULL",25,25,0,0,"No","","617",424667.76316,507208.222227,NA,"DVRPC",1,"Pain",11199956,40.225689,-74.74155
3745510,"2011111111007850","11007851",2011,"MERCER","Trenton City","6/19/2011 0:00","Sunday","June","12/31/1899 18:11","1","TRENTON PD","TRAFFIC",0,0,1,0,1,"Injury","At Intersection","No","No","Pedalcyclist",1,"EMORY AVE","NULL",NA,"","11111466",0.51,"Municipal","Straight and Level","Blacktop","Dry","Daylight","Clear","None","None",NA,"At","NULL","WASHINGTON ST","NULL","","NULL",25,25,0,0,"No","","617",424879.006434,502043.598299,NA,"DVRPC",1,"Pain",11199942,40.211457,-74.740855
3745724,"2011111111008990","11008992",2011,"MERCER","Trenton City","7/12/2011 0:00","Tuesday","July","12/31/1899 0:05","1","TRENTON PD","TRENTON",0,0,0,0,0,"Property Damage","At Intersection","No","No","Pedalcyclist",1,"N WILLOW ST","NULL",NA,"","11111555",0.18,"Municipal","Straight and Level","Blacktop","Dry","Dark (Street LIghts On/ spot)","Clear","None","None",NA,"At","NULL","BELLEVUE AVE","NULL","","NULL",25,25,0,0,"No","","618",417414.987978,507091.233805,NA,"DVRPC",1,"PDO",11196838,40.2252532,-74.7675904
3745741,"2011111111009110","11009114",2011,"MERCER","Trenton City","7/14/2011 0:00","Thursday","July","12/31/1899 11:00","1","TRENTON PD","PATROL",0,0,0,0,0,"Property Damage","Not At Intersection","No","No","Pedalcyclist",2,"MERCER COUNTY 650","North",650,"","11000650",0.12,"Municipal","Straight and Level","Blacktop","Dry","Daylight","Clear","None","None",100,"Foot","North","SECOND ST","NULL","","NULL",25,25,0,0,"No","","246",420778.268019,497128.083112,NA,"DVRPC",0,"PDO",11196820,40.201653,-74.755552
3745816,"2011111111009450","11009452",2011,"MERCER","Trenton City","7/21/2011 0:00","Thursday","July","12/31/1899 17:06","1","TRENTON PD","PATROL/WEST",0,0,0,0,0,"Property Damage","At Intersection","No","No","Pedalcyclist",1,"NJ 31","East",31,"","31",0.73,"County","Straight and Level","Blacktop","Dry","Daylight","Clear","Painted Median","None",NA,"At","NULL","PROSPECT ST","NULL","","NULL",25,25,0,0,"No","","445",416291.680498,510666.142921,NA,"DVRPC",0,"PDO",11197049,40.235233,-74.771773
3745825,"2011111111009480","11009485",2011,"MERCER","Trenton City","7/22/2011 0:00","Friday","July","12/31/1899 12:02","1","TRENTON PD","TRAFFIC",0,0,0,0,0,"Property Damage","At Intersection","No","No","Pedalcyclist",1,"SPRING ST","South",NA,"","11111377",0.31,"Municipal","Straight and Level","Blacktop","Dry","Daylight","Clear","None","None",NA,"At","NULL","CALHOUN ST","NULL","","NULL",25,NA,0,0,"No","","608",415984.528469,506918.535173,NA,"DVRPC",0,"PDO",11197042,40.224792,-74.77266
3746047,"2011111111010750","11010758",2011,"MERCER","Trenton City","8/18/2011 0:00","Thursday","August","12/31/1899 17:50","1","TRENTON PD","TRAFFIC",0,0,1,0,0,"Injury","At Intersection","No","No","Pedalcyclist",1,"MERCER COUNTY 626","West",626,"","11000626",0.27,"County","Straight and Level","Blacktop","Wet","Daylight","Overcast","None","None",NA,"At","NULL","EUCLID AVE","NULL","","NULL",25,25,0,0,"No","","581",423418.160031,505584.711376,NA,"DVRPC",0,"Pain",11199707,40.2206495,-74.745627
3746065,"2011111111010840","11010841",2011,"MERCER","Trenton City","8/20/2011 0:00","Saturday","August","12/31/1899 15:03","1","TRENTON PD","TRAFFIC",0,0,1,0,0,"Injury","Not At Intersection","No","No","Pedalcyclist",1,"MERCER COUNTY 635","NULL",635,"","11000635",0.94,"County","Straight and Level","Blacktop","Dry","Daylight","Clear","None","None",100,"Foot","NULL","CR 622","NULL","","NULL",25,25,0,0,"No","","608",425192.286354,507560.27272,NA,"DVRPC",0,"Pain",11199689,40.2266724,-74.7396627
3746127,"2011111111011160","11011160",2011,"MERCER","Trenton City","8/27/2011 0:00","Saturday","August","12/31/1899 12:08","1","TRENTON PD","TRAFFIC",0,0,1,0,0,"Injury","At Intersection","No","No","Pedalcyclist",1,"PARKER AVE","West",NA,"","11111085",0.96,"Municipal","Straight at Hillcrest","Blacktop","Dry","Daylight","Clear","None","None",NA,"At","NULL","CR 622","NULL","","NULL",25,25,0,0,"No","","565",424862.110097,508021.729916,NA,"DVRPC",0,"Pain",11199323,40.227903,-74.740902
3746348,"2011111111012310","11012315",2011,"MERCER","Trenton City","9/24/2011 0:00","Saturday","September","12/31/1899 20:34","1","TRENTON PD","PATROL",0,0,0,0,0,"Property Damage","At Intersection","No","No","Pedalcyclist",1,"PERRY ST","East",NA,"","11111556",0.17,"Municipal","Straight and Level","Blacktop","Dry","Dark (Street Lights On/ continuous)","Clear","None","None",NA,"At","NULL","N MONTGOMERY ST","NULL","","NULL",25,NA,0,0,"No","","342",418867.632866,506357.159289,NA,"DVRPC",0,"PDO",11203331,40.223243,-74.762526
3746372,"2011111111012440","11012441",2011,"MERCER","Trenton City","9/27/2011 0:00","Tuesday","September","12/31/1899 15:40","1","TRENTON PD","PATROL",0,0,1,0,1,"Injury","At Intersection","No","No","Pedalcyclist",1,"DAYTON ST","North",NA,"","11111211",0.18,"Municipal","Straight and Level","Concrete","Dry","Daylight","Clear","None","None",NA,"At","NULL","GRAND ST","NULL","","NULL",25,25,0,0,"No","","423",424485.153979,498564.283335,NA,"DVRPC",1,"Pain",11203307,40.201968,-74.74214
3746489,"2011111111012920","11012927",2011,"MERCER","Trenton City","10/9/2011 0:00","Sunday","October","12/31/1899 13:42","1","TRENTON PD","PATROL",0,0,0,0,0,"Property Damage","Not At Intersection","No","No","Pedalcyclist",1,"BANK ST","NULL",NA,"","11111383",0.13,"Municipal","Straight and Level","Blacktop","Dry","Daylight","Clear","Painted Median","None",NA,"NULL","NULL","N WILLOW ST","NULL","","NULL",25,25,0,0,"No","","464",417322.265381,506272.118714,NA,"DVRPC",0,"PDO",11218353,40.2230654,-74.7679693
3746533,"2011111111013110","11013116",2011,"MERCER","Trenton City","10/15/2011 0:00","Saturday","October","12/31/1899 0:02","1","TRENTON PD","EAST",0,0,0,0,0,"Property Damage","At Intersection","No","No","Pedalcyclist",1,"LIBERTY ST","NULL",NA,"","11112004",0.82,"Municipal","Straight and Level","Blacktop","Dry","Dark (Street Lights On/ continuous)","Clear","None","None",NA,"At","NULL","FRANKLIN ST","NULL","","NULL",25,25,0,0,"No","","295",425628.058868,501161.856636,NA,"DVRPC",0,"PDO",11224441,40.209132,-74.738051
3746592,"2011111111013360","11013368",2011,"MERCER","Trenton City","10/20/2011 0:00","Thursday","October","12/31/1899 20:28","1","TRENTON PD","PATROL",0,0,1,0,0,"Injury","At Intersection","No","No","Pedalcyclist",1,"GENESEE ST","West",NA,"","11031471",1.7,"Municipal","Straight and Level","Blacktop","Dry","Dark (Street Lights On/ continuous)","Clear","Painted Median","None",NA,"At","NULL","HUDSON ST","NULL","","NULL",25,25,0,0,"No","","584",421918.471907,500940.883459,NA,"DVRPC",0,"Moderate Injury",11224381,40.208461,-74.75141
3746606,"2011111111013430","11013434",2011,"MERCER","Trenton City","10/22/2011 0:00","Saturday","October","12/31/1899 16:03","1","TRENTON PD","TRAFFIC",0,0,0,0,0,"Property Damage","Not At Intersection","No","No","Pedalcyclist",1,"1284 S BROAD ST","West",NA,"","",NA,"Private Property","Straight and Level","Blacktop","Dry","Daylight","Clear","None","None",NA,"NULL","NULL","","NULL","","NULL",25,NA,0,0,"No","","565",NA,NA,NA,"DVRPC",0,"PDO",11231739,40.203128,-74.740063
3746761,"2011111111014150","11014156",2011,"MERCER","Trenton City","11/8/2011 0:00","Tuesday","November","12/31/1899 17:19","1","TRENTON PD","SOUTH DISTRICT",0,0,1,0,0,"Injury","At Intersection","No","No","Pedalcyclist",1,"CASS ST","East",NA,"","11111527",0.18,"Municipal","Straight and Level","Blacktop","Dry","Dark (Street Lights On/ continuous)","Clear","None","None",NA,"At","NULL","SECOND ST","NULL","","NULL",25,25,0,0,"No","","389",420180.583498,499869.471382,NA,"DVRPC",0,"Pain",11246863,40.205594,-74.756982
3746906,"2011111111014870","11014879",2011,"MERCER","Trenton City","11/26/2011 0:00","Saturday","November","12/31/1899 20:07","1","TRENTON PD","PATROL",0,0,1,0,0,"Injury","Not At Intersection","No","No","Pedalcyclist",2,"MERCER COUNTY 622","North",622,"","11000622",2.31,"County","Straight and Level","Blacktop","Dry","Dark (Street Lights Off)","Clear","Painted Median","None",NA,"NULL","NULL","CR 606","NULL","","NULL",25,25,0,0,"No","","542",427112.28,505031.54,NA,"DVRPC",1,"Pain",11258402,40.21971,-74.732807
3747000,"2011111111015300","11015308",2011,"MERCER","Trenton City","12/7/2011 0:00","Wednesday","December","12/31/1899 5:50","1","TRENTON PD","PATROL",0,0,1,0,0,"Injury","At Intersection","No","No","Pedalcyclist",1,"NJ 33","South",33,"","33",NA,"State Highway","Straight and Level","Blacktop","Wet","Dark (Street Lights On/ continuous)","Rain","None","None",NA,"At","NULL","HAMPTON ST","NULL","","NULL",25,NA,0,0,"No","","436",NA,NA,NA,"DVRPC",0,"Moderate Injury",11268746,40.2210475,-74.7428693
3747324,"20111111I-2011-007910","I-2011-007910",2011,"MERCER","Trenton City","3/23/2011 0:00","Wednesday","March","12/31/1899 19:25","1","EWING TWP PD","PLATOON 1",0,0,0,0,0,"Property Damage","At Intersection","No","No","Pedalcyclist",1,"MERCER COUNTY 634","NULL",634,"","11000634",NA,"County","Straight and Level","Blacktop","Wet","Dark (Street Lights On/ continuous)","Rain","None","None",NA,"At","NULL","HILLCREST AVENUE","NULL","","NULL",40,25,0,0,"No","","115",NA,NA,NA,"DVRPC",0,"PDO",11069383,40.2442074,-74.7829545
3747939,"20111112I-2011-016484","I-2011-016484",2011,"MERCER","Washington Twp  (Mercer Co)","9/5/2011 0:00","Monday","September","12/31/1899 9:27","1","ROBBINSVILLE TWP PD","",0,0,1,0,0,"Injury","Not At Intersection","No","No","Pedalcyclist",1,"CHURCH STREET","East",NA,"","11000672",1.974,"County","Straight and Level","Blacktop","Dry","Daylight","Clear","None","None",50,"Foot","West","US 130","NULL","","NULL",25,55,0,0,"No","","538",444752.750168,489616.102262,NA,"DVRPC",0,"Pain",11188885,40.2402103,-74.5790659
3748372,"2011111311-8909","Nov-09",2011,"MERCER","West Windsor Township","3/24/2011 0:00","Thursday","March","12/31/1899 8:00","1","WEST WINDSOR TWP PD","2011-8909",0,0,1,0,0,"Injury","At Intersection","No","No","Pedalcyclist",1,"ASCOT CRESCENT","North",NA,"","",NA,"Municipal","Straight and Level","Blacktop","Wet","Daylight","Rain","Curbed Median","None",NA,"At","NULL","BEAR BROOK ROAD","NULL","","NULL",25,35,0,0,"No","RED BIANCHI ROAD BICYCLE","581",NA,NA,NA,"DVRPC",0,"Pain",11058847,40.3059963,-74.6487206
3748411,"201111132011-02194","2011-02194",2011,"MERCER","West Windsor Township","1/20/2011 0:00","Thursday","January","12/31/1899 17:40","1","WEST WINDSOR TWP PD","2011-02194",0,0,1,0,0,"Injury","At Intersection","No","No","Pedalcyclist",1,"US 1","South",1,"","1",11.27,"State Highway","Straight and Level","Blacktop","Dry","Dark (Street Lights On/ continuous)","Clear","Barrier Median","None",NA,"At","NULL","ROUTE 571 / WASHINGTON RD","NULL","","NULL",55,40,0,0,"No","","568",453772.450773,545796.383177,NA,"DVRPC",0,"Pain",11015795,40.3198246,-74.6231544
3748618,"201111132011-16049","2011-16049",2011,"MERCER","West Windsor Township","5/27/2011 0:00","Friday","May","12/31/1899 8:27","1","WEST WINDSOR TWP PD","2011-16049",0,0,1,0,0,"Injury","Not At Intersection","No","No","Pedalcyclist",1,"MERCER COUNTY 638","South",638,"","11000638",NA,"County","Straight and Level","Blacktop","Dry","Daylight","Clear","None","None",NA,"NULL","NULL","WEST WINDSOR PLAINSBORO HIGH SCHOOL","NULL","","NULL",NA,NA,0,0,"No","","576",NA,NA,NA,"DVRPC",0,"Pain",11108227,40.3225097,-74.6006179
3748640,"201111132011-16565","2011-16565",2011,"MERCER","West Windsor Township","6/2/2011 0:00","Thursday","June","12/31/1899 7:26","1","WEST WINDSOR TWP PD","2011-16565",0,0,1,0,0,"Injury","At Intersection","No","No","Pedalcyclist",1,"NEW VILLAGE ROAD","East",NA,"","11131344",1.81,"Municipal","Curve and Level","Blacktop","Dry","Daylight","Clear","None","None",NA,"At","NULL","SOUTHFIELD ROAD","NULL","","NULL",35,50,0,0,"No","","571",465072.939799,523896.409902,NA,"DVRPC",0,"Pain",11109741,40.2716943,-74.5969054
3748655,"201111132011-17095","2011-17095",2011,"MERCER","West Windsor Township","6/7/2011 0:00","Tuesday","June","12/31/1899 7:02","1","WEST WINDSOR TWP PD","2011-17095",0,0,1,0,0,"Injury","At Intersection","No","No","Pedalcyclist",1,"NEW RD","West",NA,"","",NA,"Municipal","Straight and Level","Blacktop","Dry","Daylight","Clear","Grass Median","None",NA,"At","NULL","MERCER COUNTY PARK MARINA ENTRANCE","NULL","","NULL",30,NA,0,0,"No","DAMAGE TO BICYCLE ESTIMATED AT $4500.00","575",NA,NA,NA,"DVRPC",0,"Moderate Injury",11131827,40.2626548,-74.6428936
3749425,"201111132011-8259","2011-8259",2011,"MERCER","West Windsor Township","3/18/2011 0:00","Friday","March","12/31/1899 18:05","1","WEST WINDSOR TWP PD","2011-8259",0,0,1,0,0,"Injury","Not At Intersection","No","No","Pedalcyclist",1,"700 ALEXANDER PARK","South",NA,"","",NA,"Private Property","Straight and Level","Blacktop","Dry","Daylight","Clear","None","None",NA,"NULL","NULL","700 ALEXANDER PARK DRIVEWAY","NULL","","NULL",NA,NA,0,0,"No","NONE","585",NA,NA,NA,"DVRPC",0,"Pain",11051729,40.3200001,-74.6353219
4025901,"2012110112-11215","12-11215",2012,"MERCER","East Windsor Township","9/8/2012 0:00","Saturday","September","12/31/1899 12:34","1","EAST WINDSOR TWP PD","TRAFFIC SAFETY?",0,0,1,0,0,"Injury","At Intersection","No","No","Pedalcyclist",1,"ROUTE 539","South",539,"","539",50.94,"County","Straight and Level","Blacktop","Wet","Daylight","Clear","None","None",NA,"At","NULL","AIRPORT RD","NULL","","NULL",40,45,0,0,"No","NONE","78",484590.714642,517815.660128,NA,"DVRPC",0,"Moderate Injury",12198548,40.2548479,-74.5270444
4025922,"2012110112-11477","12-11477",2012,"MERCER","East Windsor Township","9/14/2012 0:00","Friday","September","12/31/1899 11:50","1","EAST WINDSOR TWP PD","TRAFFIC SAFETY",0,0,0,0,0,"Property Damage","Not At Intersection","No","No","Pedalcyclist",1,"US 130","North",130,"","130",68.55,"State Highway","Straight and Level","Blacktop","Dry","Daylight","Clear","None","None",100,"Foot","South","ROUTE 571 / PRCTN-WRSTN RD / STOCKT","NULL","","NULL",45,25,0,0,"No","","563",481213.826244,523927.084854,NA,"DVRPC",0,"PDO",12187419,40.272941,-74.5380378
4025951,"2012110112-11979","12-11979",2012,"MERCER","East Windsor Township","9/25/2012 0:00","Tuesday","September","12/31/1899 19:00","1","EAST WINDSOR TWP PD","TRAFFIC SAFETY",0,0,1,0,0,"Injury","Not At Intersection","No","No","Pedalcyclist",1,"LANNING BOULEVARD","South",NA,"","11011111",0.038,"Municipal","Straight and Level","Blacktop","Dry","Dark (Street Lights On/ continuous)","Clear","Grass Median","None",200,"Foot","North","CR 571","NULL","","NULL",25,45,0,0,"No","","78",480647.889769,525125.066894,NA,"DVRPC",0,"Pain",12198187,40.2746432,-74.5416111
4026308,"2012110112-4276","Dec-76",2012,"MERCER","East Windsor Township","4/6/2012 0:00","Friday","April","12/31/1899 21:32","1","EAST WINDSOR TWP PD","",0,0,1,0,0,"Injury","At Intersection","No","No","Pedalcyclist",1,"NJ 33","West",33,"","33",NA,"State Highway","Straight and Level","Blacktop","Dry","Dark (Street Lights On/ continuous)","Clear","None","None",NA,"At","NULL","HICKORY CORNER RD","NULL","","NULL",45,40,0,0,"No","","551",NA,NA,NA,"DVRPC",0,"Pain",12057099,40.2581979,-74.5472768
4026366,"2012110112-5557","Dec-57",2012,"MERCER","East Windsor Township","5/5/2012 0:00","Saturday","May","12/31/1899 18:24","1","EAST WINDSOR TWP PD","TRAFFIC SAFETY?",0,0,1,0,0,"Injury","Not At Intersection","No","No","Pedalcyclist",1,"DUTCHNECK RD","West",NA,"","11011144",0.13,"Municipal","Straight and Level","Blacktop","Dry","Daylight","Clear","None","None",200,"Foot","East","WESTFIELD AVENUE","NULL","","NULL",35,25,0,0,"No","NONE","78",481012.209976,522758.663743,NA,"DVRPC",0,"Pain",12082339,40.2684622,-74.5404724
4026802,"2012110212007540","12007541",2012,"MERCER","Ewing Township","7/3/2012 0:00","Tuesday","July","12/31/1899 9:35","1","TRENTON PD","TRAFFIC",0,0,1,0,0,"Injury","At Intersection","No","No","Pedalcyclist",1,"NJ 31","East",31,"","31",NA,"State Highway","Straight and Level","Blacktop","Dry","Daylight","Clear","None","None",NA,"At","NULL","MELON ST","NULL","","NULL",25,25,0,0,"No","","565",NA,NA,NA,"DVRPC",0,"Pain",12130047,40.237257,-74.7737844
4026819,"201211022012-03081","2012-03081",2012,"MERCER","Ewing Township","4/26/2012 0:00","Thursday","April","12/31/1899 18:15","99","COLLEGE OF NEW JERSEY","",0,0,1,0,0,"Injury","At Intersection","No","No","Pedalcyclist",1,"NJ 31","NULL",31,"","31",3.39,"State Highway","Straight and Level","Blacktop","Dry","Daylight","Clear","None","None",NA,"At","NULL","CARLTON AVE","NULL","","NULL",25,35,0,0,"No","","778",413168.762326,523910.8595,NA,"DVRPC",0,"Moderate Injury",12076608,40.271387,-74.7829847
4027217,"20121102I-2012-007276","I-2012-007276",2012,"MERCER","Ewing Township","3/29/2012 0:00","Thursday","March","12/31/1899 19:00","1","EWING TWP PD","SQUAD2 TRAFFIC",0,0,1,0,0,"Injury","Not At Intersection","No","No","Pedalcyclist",1,"1556 OLDEN AVE-CAPITAL PLAZA","NULL",NA,"","",NA,"Private Property","Straight and Level","Blacktop","Dry","Daylight","Clear","None","None",NA,"NULL","NULL","","NULL","","NULL",NA,NA,0,0,"No","","149",NA,NA,NA,"DVRPC",0,"Moderate Injury",12402122,40.2425725,-74.753015
4027311,"20121102I-2012-010016","I-2012-010016",2012,"MERCER","Ewing Township","4/27/2012 0:00","Friday","April","12/31/1899 12:35","1","EWING TWP PD","SQUAD 1B",0,0,1,0,0,"Injury","Not At Intersection","No","No","Pedalcyclist",1,"901 CALHOUN ST (D AND A DELI)","NULL",NA,"","",NA,"Private Property","Straight and Level","Blacktop","Dry","Daylight","Clear","None","None",NA,"NULL","NULL","","NULL","","NULL",NA,NA,0,0,"No","","175",NA,NA,NA,"DVRPC",0,"Pain",12403174,40.2351286,-74.7814201
4027352,"20121102I-2012-011107","I-2012-011107",2012,"MERCER","Ewing Township","5/10/2012 0:00","Thursday","May","12/31/1899 16:09","1","EWING TWP PD","SQUAD2 TRAFFIC",0,0,1,0,0,"Injury","Not At Intersection","No","No","Pedalcyclist",1,"54 WEST UPPER FERRY ROAD","NULL",NA,"","",NA,"Private Property","Straight and Level","Blacktop","Dry","Daylight","Clear","None","None",NA,"NULL","NULL","","NULL","","NULL",NA,NA,0,0,"No","","149",NA,NA,NA,"DVRPC",0,"Moderate Injury",12403432,40.266577,-74.818866
4027355,"20121102I-2012-011128","I-2012-011128",2012,"MERCER","Ewing Township","5/10/2012 0:00","Thursday","May","12/31/1899 19:22","1","EWING TWP PD","1A",0,0,1,0,0,"Injury","At Intersection","No","No","Pedalcyclist",1,"INGHAM AVENUE","NULL",NA,"","11111569",0.07,"Municipal","Straight and Level","Blacktop","Dry","Daylight","Clear","None","None",NA,"At","NULL","ROOSEVELT STREET","NULL","","NULL",25,NA,0,0,"No","","129",417906.658715,510075.419062,NA,"DVRPC",0,"Pain",12403435,40.2334597,-74.7658077
4027377,"20121102I-2012-011718","I-2012-011718",2012,"MERCER","Ewing Township","5/17/2012 0:00","Thursday","May","12/31/1899 15:24","1","EWING TWP PD","SQUAD4 TRAFFIC",0,0,1,0,0,"Injury","Not At Intersection","No","No","Pedalcyclist",1,"THERESA ST","West",NA,"","11021395",0,"Municipal","Straight and Level","Blacktop","Dry","Daylight","Clear","None","None",5,"Foot","East","LOWER FERRY ROAD (643)","NULL","","NULL",25,35,0,0,"No","","163",410111.19,521377.03,NA,"DVRPC",0,"Pain",12403598,40.2644276,-74.7939043
4027398,"20121102I-2012-012403","I-2012-012403",2012,"MERCER","Ewing Township","5/26/2012 0:00","Saturday","May","12/31/1899 13:57","1","EWING TWP PD","SQUAD4",0,0,1,0,0,"Injury","Not At Intersection","No","No","Pedalcyclist",1,"MERCER COUNTY 634","NULL",634,"","11000634",0,"County","Straight and Level","Blacktop","Dry","Daylight","Clear","None","None",50,"Foot","South","NJ 175 / RIVER RD","NULL","","NULL",35,35,0,0,"No","","158",397874.13,518724.82,NA,"DVRPC",0,"Pain",12412363,40.2570304,-74.8377307
4027446,"20121102I-2012-014029","I-2012-014029",2012,"MERCER","Ewing Township","6/14/2012 0:00","Thursday","June","12/31/1899 8:02","1","EWING TWP PD","P2-A",0,0,1,0,0,"Injury","Not At Intersection","No","No","Pedalcyclist",1,"POLAND STREET","East",NA,"","11021158",0.761,"Municipal","Straight and Grade","Blacktop","Dry","Daylight","Clear","None","None",50,"Foot","West","CR 636","NULL","","NULL",25,35,0,0,"No","","105",418747.705152,518964.012133,NA,"DVRPC",0,"Moderate Injury",12411583,40.257821,-74.762781
4028035,"20121103112-6755","112-6755",2012,"MERCER","Hamilton Twp (Mercer Co)","2/18/2012 0:00","Saturday","February","12/31/1899 9:32","1","HAMILTON TWP PD (MERCER)","HAMILTON",0,0,1,0,0,"Injury","At Intersection","No","No","Pedalcyclist",1,"FOY DR","NULL",NA,"","11032022",0,"Municipal","Straight and Level","Blacktop","Dry","Daylight","Clear","None","None",NA,"At","NULL","PAXSON AVE: EXT","NULL","","NULL",25,25,0,0,"No","BICYCLE-BERT RIM.","209",442882.51008,507773.219914,NA,"DVRPC",0,"Pain",12030074,40.2266496,-74.6682388
4028067,"2012110312-10100","12-10100",2012,"MERCER","Hamilton Twp (Mercer Co)","3/13/2012 0:00","Tuesday","March","12/31/1899 14:53","1","HAMILTON TWP PD (MERCER)","",0,0,1,0,0,"Injury","At Intersection","No","No","Pedalcyclist",1,"WHITEHORSE-HAMILTON SQ RD","NULL",NA,"","11031988",0.96,"Municipal","Straight and Grade","Blacktop","Dry","Daylight","Clear","None","Utility Zone",NA,"At","NULL","KLOCKNER RD.","NULL","","NULL",40,35,0,0,"No","","364",443777.471176,504771.340649,NA,"DVRPC",0,"Moderate Injury",12051704,40.2191507,-74.6730046
4028434,"2012110312-17109","12-17109",2012,"MERCER","Hamilton Twp (Mercer Co)","5/2/2012 0:00","Wednesday","May","12/31/1899 15:32","1","HAMILTON TWP PD (MERCER)","",0,0,1,0,0,"Injury","At Intersection","No","No","Pedalcyclist",1,"S CLINTON AVE","NULL",NA,"","11031969",0.35,"Municipal","Straight and Level","Blacktop","Dry","Daylight","Clear","None","None",NA,"At","NULL","WOODSIDE AVE","NULL","","NULL",35,25,0,0,"No","","361",433479.35,494959.66,NA,"DVRPC",0,"Moderate Injury",12085886,40.1921236,-74.7099463
4028463,"2012110312-17448","12-17448",2012,"MERCER","Hamilton Twp (Mercer Co)","5/4/2012 0:00","Friday","May","12/31/1899 19:19","1","HAMILTON TWP PD (MERCER)","",0,0,0,0,0,"Property Damage","Not At Intersection","No","No","Pedalcyclist",1,"NORWAY AVE","North",NA,"","11031410",0.522,"Municipal","Straight and Level","Blacktop","Dry","Daylight","Clear","None","None",200,"Foot","North","BROOKSIDE AVE","NULL","","NULL",25,25,0,0,"No","","407",428063.800635,508167.100486,NA,"DVRPC",0,"PDO",12090523,40.2286512,-74.7297751
4028477,"2012110312-17716","12-17716",2012,"MERCER","Hamilton Twp (Mercer Co)","5/6/2012 0:00","Sunday","May","12/31/1899 18:41","1","HAMILTON TWP PD (MERCER)","",0,0,1,0,0,"Injury","At Intersection","No","No","Pedalcyclist",1,"WHITEHORSE-HAMILTON SQ RD","NULL",NA,"","11031988",0.96,"Municipal","Straight and Level","Blacktop","Dry","Daylight","Clear","None","None",NA,"At","NULL","KLOCKNER RD","NULL","","NULL",40,40,0,0,"No","","470",443777.471176,504771.340649,NA,"DVRPC",0,"Pain",12090509,40.2191507,-74.6730046
4028501,"2012110312-18057","12-18057",2012,"MERCER","Hamilton Twp (Mercer Co)","5/9/2012 0:00","Wednesday","May","12/31/1899 4:45","1","HAMILTON TWP PD (MERCER)","PATROL",0,0,1,0,0,"Injury","Not At Intersection","No","No","Pedalcyclist",1,"CHURCHILL AVE","South",NA,"","11031490",0.119,"Municipal","Straight and Level","Blacktop","Wet","Dark (Street Lights On/ continuous)","Rain","None","None",50,"Foot","South","W. MCGALLIARD AVE","NULL","","NULL",25,25,0,0,"No","","453",432565.465379,496660.585058,NA,"DVRPC",0,"Pain",12090011,40.1968834,-74.7131301
4028979,"2012110312-27520","12-27520",2012,"MERCER","Hamilton Twp (Mercer Co)","7/12/2012 0:00","Thursday","July","12/31/1899 21:28","1","HARRISON PD (HUDSON)","",0,0,1,0,0,"Injury","Not At Intersection","No","No","Pedalcyclist",1,"374 RT 33","NULL",NA,"","",NA,"Private Property","Curve and Grade","Blacktop","Dry","Dark (Street Lights On/ continuous)","Clear","None","Utility Zone",NA,"NULL","NULL","","NULL","","NULL",NA,NA,0,0,"No","","332",NA,NA,NA,"DVRPC",0,"Pain",12143429,40.2331161,-74.6857048