"ID","DOT_WEB_ID","CASE_NUMBER","CRASH_YEAR","COUNTY","MUNICIPALITY","CRASH_DATE","CRASH_DAY_OF_WEEK","CRASH_MONTH","CRASH_TIME","POLICE_DEPT_CODE","POLICE_DEPARTMENT","POLICE_STATION","TOTAL_KILLED","TOTAL_INCAPACITATED","TOTAL_INJURED","PEDESTRIANS_KILLED","PEDESTRIANS_INJURED","SEVERITY","INTERSECTION","ALCOHOL_INVOLVED","HAZMAT_INVOLVED","CRASH_TYPE","TOTAL_VEHICLES_INVOLVED","CRASH_LOCATION","LOCATION_DIRECTION","ROUTE","ROUTE_SUFFIX","SRI","MILEPOST","ROAD_SYSTEM","ROAD_CHARACTER","ROAD_SURFACE_TYPE","SURFACE_CONDITION","LIGHT_CONDITION","ENVIRONMENTAL_CONDITION","ROAD_DIVIDED_BY","TEMP_TRAFFIC_CONTROL_ZONE","DISTANCE_TO_CROSS_STREET","UNIT_OF_MEASUREMENT","DIRECTION_FROM_CROSS_STREET","CROSS_STREET_NAME","IS_RAMP","RAMP_TO_FROM_ROUTE_NAME","RAMP_TO_FROM_ROUTE_DIRECTION","POSTED_SPEED","POSTED_SPEED_CROSS_STREET","LATITUDE","LONGITUDE","CELL_PHONE_IN_USE","OTHER_PROPERTY_DAMAGE","REPORTING_BADGE_NO","X","Y","CRASH_NARRATIVE","MPO","TOTAL_PEDESTRIANS_INVOLVED","EPDO","DLN","LatitudeGeocoded","LongitudeGeocoded"
4029007,"2012110312-28198","12-28198",2012,"MERCER","Hamilton Twp (Mercer Co)","7/17/2012 0:00","Tuesday","July","12/31/1899 20:06","1","HAMILTON TWP PD (MERCER)","",0,0,1,0,0,"Injury","Not At Intersection","No","No","Pedalcyclist",1,"BUNTING AVENUE","South",NA,"","11031741",0.047,"Municipal","Straight and Level","Blacktop","Dry","Daylight","Clear","None","None",15,"Foot","North","HENRY STREET","NULL","","NULL",25,25,0,0,"No","?","443",422907.949963,497257.570014,NA,"DVRPC",0,"Pain",12143433,40.19834,-74.747801
4029008,"2012110312-28274","12-28274",2012,"MERCER","Hamilton Twp (Mercer Co)","7/18/2012 0:00","Wednesday","July","12/31/1899 10:11","1","HAMILTON TWP PD (MERCER)","",0,0,1,0,0,"Injury","At Intersection","No","No","Pedalcyclist",1,"NJ 33","East",33,"","33",2.14,"State Highway","Straight and Level","Blacktop","Dry","Daylight","Clear","None","None",NA,"At","NULL","WARD AVE","NULL","","NULL",35,25,0,0,"No","","384",429957.838397,509105.282419,NA,"DVRPC",0,"Moderate Injury",12141915,40.230899,-74.7227
4029148,"2012110312-31037","12-31037",2012,"MERCER","Hamilton Twp (Mercer Co)","8/6/2012 0:00","Monday","August","12/31/1899 20:13","1","HAMILTON TWP PD (MERCER)","",0,0,1,0,0,"Injury","Not At Intersection","Yes","No","Pedalcyclist",1,"WARD AVE","NULL",NA,"","11032003",0,"Municipal","Straight and Level","Blacktop","Dry","Dusk","Clear","None","None",100,"Foot","South","NJ 33","NULL","","NULL",25,35,0,0,"No","","361",430667.09,506256.05,NA,"DVRPC",0,"Pain",12166841,40.230899,-74.7227
4029182,"2012110312-31518","12-31518",2012,"MERCER","Hamilton Twp (Mercer Co)","8/10/2012 0:00","Friday","August","12/31/1899 6:34","1","HAMILTON TWP PD (MERCER)","",0,0,1,0,0,"Injury","At Intersection","No","No","Pedalcyclist",1,"MERCER COUNTY 614","NULL",614,"","11000614",0.68,"County","Straight and Level","Blacktop","Dry","Daylight","Clear","None","None",NA,"At","NULL","WARNER DR","NULL","","NULL",25,25,0,0,"No","","475",429182.152536,509747.992491,NA,"DVRPC",0,"Pain",12161435,40.2307887,-74.7236935
4029251,"2012110312-32511","12-32511",2012,"MERCER","Hamilton Twp (Mercer Co)","8/17/2012 0:00","Friday","August","12/31/1899 15:22","1","HAMILTON TWP PD (MERCER)","",0,0,1,0,0,"Injury","Not At Intersection","No","No","Pedalcyclist",1,"GENESEE ST","South",NA,"","11031471",0.514,"Municipal","Straight and Level","Blacktop","Dry","Daylight","Clear","None","None",75,"Foot","North","JOSEPH ST.","NULL","","NULL",25,25,0,0,"No","","418",427458.045766,497904.478877,NA,"DVRPC",0,"Moderate Injury",12166845,40.200192,-74.731611
4029308,"2012110312-33671","12-33671",2012,"MERCER","Hamilton Twp (Mercer Co)","6/8/2012 0:00","Friday","June","12/31/1899 21:45","1","HAMILTON TWP PD (MERCER)","",0,0,1,0,0,"Injury","Not At Intersection","No","No","Pedalcyclist",1,"NJ 33","NULL",33,"","33",4.49,"State Highway","Straight and Level","Blacktop","Dry","Dark (Street LIghts On/ spot)","Clear","None","None",600,"Foot","East","WESTON AVE","NULL","","NULL",35,25,0,0,"No","","381",441979.761734,509331.903159,NA,"DVRPC",0,"Moderate Injury",12178382,40.232127,-74.6817171
4029322,"2012110312-33984","12-33984",2012,"MERCER","Hamilton Twp (Mercer Co)","8/27/2012 0:00","Monday","August","12/31/1899 21:16","1","HAMILTON TWP PD (MERCER)","",0,0,0,0,0,"Property Damage","Not At Intersection","No","No","Pedalcyclist",1,"WHITEHORSE-HAMILTON SQ RD","North",NA,"","11031988",2.32,"Municipal","Straight and Level","Blacktop","Wet","Dark (Street Lights On/ continuous)","Rain","Painted Median","None",500,"Foot","North","KUSER RD","NULL","","NULL",35,35,0,0,"No","","440",439032.480733,499387.679932,NA,"DVRPC",0,"PDO",12174320,40.2053542,-74.6887199
4029339,"2012110312-34497","12-34497",2012,"MERCER","Hamilton Twp (Mercer Co)","8/31/2012 0:00","Friday","August","12/31/1899 11:34","1","HAMILTON TWP PD (MERCER)","",0,0,1,0,0,"Injury","Not At Intersection","No","No","Pedalcyclist",1,"MERCER COUNTY 619","East",619,"","11000619",0.89,"County","Straight and Level","Blacktop","Dry","Daylight","Clear","None","None",900,"Foot","South","NOTTINGHILL LN","NULL","","NULL",35,25,0,0,"No","","407",433890.930054,503050.26328,NA,"DVRPC",0,"Pain",12183104,40.2194203,-74.7246528
4029412,"2012110312-35866","12-35866",2012,"MERCER","Hamilton Twp (Mercer Co)","9/9/2012 0:00","Sunday","September","12/31/1899 15:09","1","HAMILTON TWP PD (MERCER)","",0,0,1,0,0,"Injury","Not At Intersection","No","No","Pedalcyclist",1,"LIBERTY ST","North",NA,"","",NA,"Municipal","Straight and Level","Blacktop","Dry","Daylight","Clear","None","None",10,"Foot","South","MOFFATT AVE.","NULL","","NULL",25,25,0,0,"No","","414",NA,NA,NA,"DVRPC",0,"Moderate Injury",12183135,40.217592,-74.728156
4029571,"2012110312-38649","12-38649",2012,"MERCER","Hamilton Twp (Mercer Co)","9/28/2012 0:00","Friday","September","12/31/1899 7:32","1","HAMILTON TWP PD (MERCER)","",0,0,0,0,0,"Property Damage","At Intersection","No","No","Pedalcyclist",1,"YARDVILLE-HAMILTON SQ RD","NULL",NA,"","11031990",3.01,"Municipal","Straight and Level","Blacktop","Dry","Daylight","Clear","None","None",NA,"At","NULL","ESTATES BLVD","NULL","","NULL",35,25,0,0,"No","","322",446982.53,505237.19,NA,"DVRPC",0,"PDO",12199997,40.2205577,-74.6617181
4029597,"2012110312-39021","12-39021",2012,"MERCER","Hamilton Twp (Mercer Co)","9/30/2012 0:00","Sunday","September","12/31/1899 20:30","1","HAMILTON TWP PD (MERCER)","",0,0,1,0,1,"Injury","At Intersection","Yes","No","Pedalcyclist",1,"US 206","East",206,"","206",39.55,"Municipal","Straight and Level","Blacktop","Dry","Dark (Street Lights On/ continuous)","Clear","None","None",NA,"At","NULL","CHURCH HILL AVE","NULL","","NULL",40,25,0,0,"No","NONE","442",431837.943107,495196.802217,NA,"DVRPC",1,"Pain",12200022,40.1928322,-74.7160174
4029612,"2012110312-39295","12-39295",2012,"MERCER","Hamilton Twp (Mercer Co)","10/2/2012 0:00","Tuesday","October","12/31/1899 22:21","1","HAMILTON TWP PD (MERCER)","",0,0,1,0,0,"Injury","Not At Intersection","No","No","Pedalcyclist",1,"KLOCKNER RD","North",NA,"","11031976",4.55,"Municipal","Straight and Level","Blacktop","Wet","Dark (Street Lights On/ continuous)","Rain","None","None",528,"Foot","North","YARDVILLE HAMILTON SQ RD","NULL","","NULL",35,35,0,0,"No","NONE","442",447246.514128,503026.039559,NA,"DVRPC",0,"Pain",12206409,40.2143034,-74.6607178
4031273,"2.01211042012069E+016","201206945",2012,"MERCER","Hightstown Borough","8/9/2012 0:00","Thursday","August","12/31/1899 15:34","1","HIGHTSTOWN PD","BOROUGH",0,1,1,0,0,"Injury","At Intersection","No","No","Pedalcyclist",1,"BANK STREET","East",NA,"","11041027",0.18,"Municipal","Straight and Grade","Blacktop","Dry","Daylight","Clear","None","None",NA,"At","NULL","MECHANIC STREET","NULL","","NULL",25,25,0,0,"No","","111",485659.310024,523960.570085,NA,"DVRPC",0,"Incapacitating Injury",12224081,40.2719074,-74.5231866
4031295,"20121105HB2012-002781","HB2012-002781",2012,"MERCER","Hopewell Borough","9/5/2012 0:00","Wednesday","September","12/31/1899 15:10","1","HOPEWELL TWP PD","HWB052",0,0,1,0,0,"Injury","At Intersection","No","No","Pedalcyclist",1,"MERCER COUNTY 654","West",654,"","11000654",2.95,"County","Straight and Level","Blacktop","Dry","Daylight","Clear","None","None",NA,"At","NULL","N LANNING AVE / S LANNING AVE","NULL","","NULL",30,25,0,0,"No","","28",417635.93735,565679.240127,NA,"DVRPC",0,"Moderate Injury",12177640,40.3861114,-74.7674439
4031365,"20121106HB2012-003686","HB2012-003686",2012,"MERCER","Hopewell Twp (Mercer Co)","11/17/2012 0:00","Saturday","November","12/31/1899 8:40","1","HOPEWELL TWP PD","HOPEWELL BOROU",0,0,1,0,0,"Injury","At Intersection","No","No","Pedalcyclist",1,"ROUTE 518","West",518,"","518",NA,"County","Straight and Level","Blacktop","Dry","Daylight","Clear","None","None",NA,"At","South","N GREENWOOD AV","NULL","","NULL",30,25,0,0,"No","","39",NA,NA,NA,"DVRPC",0,"Moderate Injury",12239169,40.3891699,-74.7619616
4031589,"20121106HT2012-013792","HT2012-013792",2012,"MERCER","Hopewell Twp (Mercer Co)","5/30/2012 0:00","Wednesday","May","12/31/1899 16:47","1","HAMILTON TWP PD (MERCER)","53",0,0,1,0,0,"Injury","Not At Intersection","No","No","Pedalcyclist",1,"NJ 29","South",29,"","29",11.9,"State Highway","Curve and Level","Blacktop","Dry","Daylight","Clear","None","None",10,"Foot","North","COLEMAN LANE","NULL","","NULL",45,25,0,0,"No","","34",389956.059579,533092.847917,NA,"DVRPC",0,"Pain",12106213,40.2956759,-74.8658773
4031736,"20121106HT2012-020680","HT2012-020680",2012,"MERCER","Hopewell Twp (Mercer Co)","8/24/2012 0:00","Friday","August","12/31/1899 17:00","1","HOPEWELL TWP PD","51SO",0,0,1,0,0,"Injury","At Intersection","No","No","Pedalcyclist",1,"NJ 31","South",31,"","31",5.64,"State Highway","Straight and Level","Blacktop","Dry","Daylight","Clear","None","None",NA,"At","NULL","DIVERTY RD","NULL","","NULL",45,25,0,0,"No","","28",412887.614197,534917.400562,NA,"DVRPC",0,"Pain",12177648,40.3019121,-74.7841295
4032172,"2012110712-17609-AC","12-17609-AC",2012,"MERCER","Lawrence Twp (Mercer Co)","5/2/2012 0:00","Wednesday","May","12/31/1899 17:52","1","LAWRENCE TWP PD","",0,0,1,0,0,"Injury","At Intersection","No","No","Pedalcyclist",1,"US 206","North",206,"","206",45.14,"State Highway","Straight and Level","Blacktop","Wet","Daylight","Overcast","None","None",NA,"At","NULL","MAPLEWOOD AVE","NULL","","NULL",40,25,0,0,"No","","215",424458.885138,514743.061641,NA,"DVRPC",0,"Pain",12081874,40.2466808,-74.7424163
4032394,"2012110712-27369-AC","12-27369-AC",2012,"MERCER","Lawrence Twp (Mercer Co)","7/19/2012 0:00","Thursday","July","12/31/1899 17:12","1","LAWRENCE TWP PD","",0,0,0,0,0,"Property Damage","At Intersection","No","No","Pedalcyclist",1,"LAKE DR","NULL",NA,"","11071117",0.09,"Municipal","Straight and Level","Blacktop","Dry","Daylight","Clear","None","None",NA,"At","NULL","BRUNSWICK PIKE","NULL","","NULL",25,45,0,0,"No","","213",428184.090001,518298.449848,NA,"DVRPC",0,"PDO",12148375,40.256088,-74.7290088
4032505,"2012110712-30825-AC","12-30825-AC",2012,"MERCER","Lawrence Twp (Mercer Co)","8/17/2012 0:00","Friday","August","12/31/1899 17:44","1","LAWRENCE TWP PD","",0,0,1,0,0,"Injury","Not At Intersection","No","No","Pedalcyclist",1,"GEORGE ST","NULL",NA,"","11071203",0.152,"Municipal","Straight and Level","Blacktop","Dry","Daylight","Clear","None","None",150,"Foot","South","PHILLIPS AVE","NULL","","NULL",25,25,0,0,"No","","209",427663.241672,533394.437326,NA,"DVRPC",0,"Pain",12169161,40.297872,-74.730701
4033408,"2012110912-53389-AC","12-53389-AC",2012,"MERCER","Princeton Borough","6/21/2012 0:00","Thursday","June","12/31/1899 16:30","99","PRINCETON UNIVERSITY PD","",0,0,1,0,0,"Injury","Not At Intersection","No","No","Pedalcyclist",1,"100 FACULTY RD","NULL",NA,"","",NA,"Private Property","Straight and Level","Blacktop","Dry","Daylight","Clear","NULL","NULL",4,"Foot","North","FACULTY RD","NULL","","NULL",NA,25,0,0,"No","","147",NA,NA,NA,"DVRPC",0,"Moderate Injury",12134935,40.338298,-74.657331
4033490,"201211092012-011228","2012-011228",2012,"MERCER","Princeton Borough","6/2/2012 0:00","Saturday","June","12/31/1899 16:44","1","PRINCETON BORO PD","",0,0,0,0,0,"Property Damage","At Intersection","No","No","Pedalcyclist",1,"NORTH HARRISON STREET","NULL",NA,"","11091239",0.58,"Municipal","Straight and Grade","Blacktop","Dry","Daylight","Clear","None","None",NA,"At","NULL","HORNER LANE","NULL","","NULL",25,25,0,0,"No","","152",450737.196624,555285.116612,NA,"DVRPC",0,"PDO",12101915,40.3576311,-74.6483951
4033497,"201211092012-012830","2012-012830",2012,"MERCER","Princeton Borough","6/27/2012 0:00","Wednesday","June","12/31/1899 19:32","1","PRINCETON BORO PD","",0,0,1,0,0,"Injury","At Intersection","No","No","Pedalcyclist",1,"US 206","NULL",206,"","206",54.17,"State Highway","Straight and Level","Blacktop","Dry","Daylight","Clear","None","None",NA,"At","NULL","HODGE RD / PAUL ROBESON PL","NULL","","NULL",25,25,0,0,"No","","154",445756.672863,552857.020064,NA,"DVRPC",0,"Moderate Injury",12125225,40.3511018,-74.6663728
4033576,"201211092012-12460","2012-12460",2012,"MERCER","Princeton Borough","6/21/2012 0:00","Thursday","June","12/31/1899 11:19","1","PRINCETON BORO PD","",0,0,1,0,0,"Injury","At Intersection","No","No","Pedalcyclist",1,"LINDEN LANE","NULL",NA,"","11091133",0.24,"Municipal","Straight and Level","Blacktop","Dry","Daylight","Clear","None","None",NA,"At","NULL","HAMILTON AVENUE","NULL","","NULL",25,25,0,0,"No","","150",450199.632779,554694.984357,NA,"DVRPC",0,"Moderate Injury",12119107,40.3561998,-74.6504472
4033611,"201211092012-16570","2012-16570",2012,"MERCER","Princeton Borough","8/27/2012 0:00","Monday","August","12/31/1899 22:32","1","PRINCETON BORO PD","",0,0,1,0,0,"Injury","At Intersection","No","No","Pedalcyclist",1,"WITHERSPOON ST","NULL",NA,"","11091241",0.31,"Municipal","Straight and Level","Blacktop","Dry","Dark (Street LIghts On/ spot)","Clear","None","None",NA,"At","NULL","SHIRLEY COURT","NULL","","NULL",25,25,0,0,"No","","141",447092.99855,553883.050783,NA,"DVRPC",0,"Moderate Injury",12173208,40.3538811,-74.6615582
4033612,"201211092012-16598","2012-16598",2012,"MERCER","Princeton Borough","8/28/2012 0:00","Tuesday","August","12/31/1899 12:30","1","PRINCETON BORO PD","",0,0,1,0,0,"Injury","At Intersection","No","No","Pedalcyclist",1,"N HARRISON ST","NULL",NA,"","11091239",0.52,"Municipal","Straight and Grade","Blacktop","Dry","Daylight","Clear","None","None",NA,"At","NULL","HAMILTON AVE","NULL","","NULL",25,25,0,0,"No","","114",450885.1348,555007.395783,NA,"DVRPC",0,"Pain",12173202,40.3568308,-74.647836
4033778,"2012111012-11013","12-11013",2012,"MERCER","Princeton Township","7/28/2012 0:00","Saturday","July","12/31/1899 18:21","1","PRINCETON TWP PD","",0,0,1,0,0,"Injury","At Intersection","No","No","Pedalcyclist",1,"BIRCH AVENUE","NULL",NA,"","11101160",0.25,"Municipal","Straight and Level","Blacktop","Dry","Daylight","Overcast","None","None",NA,"At","NULL","JOHN STREET","NULL","","NULL",25,25,0,0,"No","","8",446095.500045,554899.120085,NA,"DVRPC",0,"Pain",12153515,40.356724,-74.66517
4033785,"2012111012-11129","12-11129",2012,"MERCER","Princeton Township","7/31/2012 0:00","Tuesday","July","12/31/1899 20:26","1","PRINCETON TWP PD","",0,0,1,0,0,"Injury","At Intersection","No","No","Pedalcyclist",1,"BIRCH AVENUE","NULL",NA,"","11101160",0.37,"Municipal","Straight and Level","Blacktop","Dry","Daylight","Clear","None","None",NA,"At","NULL","WITHERSPOON STREET","NULL","","NULL",25,25,0,0,"No","","100",446680.479846,555121.419837,NA,"DVRPC",0,"Pain",12153513,40.3573294,-74.663059
4033806,"2012111012-12223","12-12223",2012,"MERCER","Princeton Township","8/26/2012 0:00","Sunday","August","12/31/1899 14:51","1","PRINCETON TWP PD","",0,0,1,0,0,"Injury","At Intersection","No","No","Pedalcyclist",1,"MT LUCAS ROAD","NULL",NA,"","11101020",0.68,"Municipal","Straight and Level","Blacktop","Dry","Daylight","Clear","None","None",NA,"At","NULL","CAMPBELL WOODS WAY","NULL","","NULL",35,25,0,0,"No","","85",448785.275115,563445.494921,NA,"DVRPC",0,"Pain",12176412,40.3801228,-74.6556406
4033816,"2012111012-12771","12-12771",2012,"MERCER","Princeton Township","9/8/2012 0:00","Saturday","September","12/31/1899 11:53","1","PRINCETON TWP PD","",0,0,2,0,0,"Injury","Not At Intersection","No","No","Pedalcyclist",1,"GREAT RD WEST","NULL",NA,"","11091030",0.92,"Municipal","Straight and Grade","Blacktop","Dry","Daylight","Clear","None","None",1056,"Foot","North","PRETTYBROOK ROAD","NULL","","NULL",40,35,0,0,"No","","84",440531.006034,556131.145287,NA,"DVRPC",0,"Pain",12177527,40.3576144,-74.6832964
4034007,"2012111012-3668","Dec-68",2012,"MERCER","Princeton Township","3/11/2012 0:00","Sunday","March","12/31/1899 15:25","1","PRINCETON TWP PD","",0,0,1,0,0,"Injury","Not At Intersection","No","No","Pedalcyclist",1,"MERCER COUNTY 604","NULL",604,"","11000604",1.76,"County","Straight and Level","Blacktop","Dry","Daylight","Clear","None","None",400,"Foot","West","GENERAL JOHNSON RD","NULL","","NULL",45,15,0,0,"No","","85",439266.58995,550883.939226,NA,"DVRPC",0,"Moderate Injury",12044381,40.3457063,-74.6880674
4034034,"2012111012-539","12-539",2012,"MERCER","Princeton Township","1/11/2012 0:00","Wednesday","January","12/31/1899 14:51","1","PRINCETON TWP PD","",0,0,1,0,0,"Injury","At Intersection","No","No","Pedalcyclist",1,"MT LUCAS ROAD","NULL",NA,"","11101020",0.09,"Municipal","Straight and Grade","Blacktop","Dry","Daylight","Clear","None","None",NA,"At","NULL","REDDING CIRCLE","NULL","","NULL",30,25,0,0,"No","","8",447748.540046,560614.83011,NA,"DVRPC",0,"Moderate Injury",12002508,40.3724038,-74.6592912
4034057,"2012111012-6436","Dec-36",2012,"MERCER","Princeton Township","4/30/2012 0:00","Monday","April","12/31/1899 14:53","1","PRINCETON TWP PD","",0,0,0,0,0,"Property Damage","At Intersection","No","No","Pedalcyclist",1,"HENRY AVENUE","NULL",NA,"","11101179",0.29,"Municipal","Straight and Level","Blacktop","Dry","Daylight","Clear","None","None",NA,"At","NULL","MOORE STREET","NULL","","NULL",25,25,0,0,"No","","98",448118.760106,555708.450159,NA,"DVRPC",0,"PDO",12080982,40.3589442,-74.6579231
4034116,"2012111012-9028","Dec-28",2012,"MERCER","Princeton Township","6/19/2012 0:00","Tuesday","June","12/31/1899 12:11","1","PRINCETON TWP PD","",0,0,0,0,0,"Property Damage","At Intersection","No","No","Pedalcyclist",1,"TERHUNE ROAD","NULL",NA,"","11101147",0.61,"Municipal","Straight and Level","Blacktop","Dry","Daylight","Overcast","None","None",NA,"At","NULL","NORTH HARRISON ST","NULL","","NULL",30,30,0,0,"No","","89",449111.536848,558201.286641,NA,"DVRPC",0,"PDO",12123646,40.36586,-74.6542581
4034120,"2012111012-9179","Dec-79",2012,"MERCER","Princeton Township","6/22/2012 0:00","Friday","June","12/31/1899 16:41","1","PRINCETON TWP PD","",0,0,0,0,0,"Property Damage","At Intersection","No","No","Pedalcyclist",1,"MOUNTAIN AVENUE","NULL",NA,"","11091030",1.87,"Municipal","Straight and Grade","Blacktop","Dry","Daylight","Clear","None","None",NA,"At","NULL","GREAT ROAD","NULL","","NULL",25,40,0,0,"No","BICYCLE BELONGING TO MARIA MENA","96",438193.340012,560384.50334,NA,"DVRPC",0,"PDO",12123647,40.3535377,-74.6801882
4034428,"2012111112000980","12000982",2012,"MERCER","Trenton City","1/25/2012 0:00","Wednesday","January","12/31/1899 13:40","1","TRENTON PD","TRAFFIC",0,0,1,0,0,"Injury","At Intersection","No","No","Pedalcyclist",1,"MERCER COUNTY 626","South",626,"","11000626",0.1,"County","Straight at Hillcrest","Blacktop","Dry","Daylight","Clear","None","None",NA,"At","NULL","CR 635 / E STATE ST","NULL","","NULL",25,25,0,0,"No","","565",422930.683083,506367.576148,NA,"DVRPC",0,"Pain",12013560,40.221098,-74.755444
4034694,"2012111112002450","12002452",2012,"MERCER","Trenton City","3/1/2012 0:00","Thursday","March","12/31/1899 16:44","1","TRENTON PD","NORTH PATROL",0,1,1,0,0,"Injury","At Intersection","No","No","Pedalcyclist",1,"PERRY ST","West",NA,"","11111556",0.06,"Municipal","Straight and Level","Blacktop","Dry","Daylight","Clear","None","None",NA,"At","NULL","N BROAD ST","NULL","","NULL",25,25,0,0,"No","","575",418301.62,506156.16,NA,"DVRPC",0,"Incapacitating Injury",12038199,40.222722,-74.764383
4034753,"2012111112002870","12002874",2012,"MERCER","Trenton City","3/12/2012 0:00","Monday","March","12/31/1899 18:29","1","TRENTON PD","WEST",0,0,1,0,0,"Injury","Not At Intersection","No","No","Pedalcyclist",1,"COOLIDGE AVE","NULL",NA,"","11111341",0.22,"Municipal","Straight and Level","Blacktop","Dry","Daylight","Clear","None","None",NA,"NULL","NULL","OAKLAND STREET","NULL","","NULL",25,NA,0,0,"No","","529",414578.00993,511027.239981,NA,"DVRPC",0,"Pain",12044814,40.236066,-74.777762
4034766,"2012111112002960","12002960",2012,"MERCER","Trenton City","3/14/2012 0:00","Wednesday","March","12/31/1899 21:30","1","TRENTON PD","PATROL",0,0,1,0,0,"Injury","At Intersection","No","No","Pedalcyclist",1,"NJ 129","North",129,"","129",1.08,"State Highway","Straight and Level","Blacktop","Dry","Dark (Street LIghts On/ spot)","Clear","Grass Median","None",NA,"At","NULL","CR 650 / LALOR ST","NULL","","NULL",40,25,0,0,"No","","555",421478.30628,497365.674937,NA,"DVRPC",0,"Pain",12044800,40.198335,-74.7528561
4034809,"2012111112003170","12003179",2012,"MERCER","Trenton City","3/19/2012 0:00","Monday","March","12/31/1899 18:25","1","TRENTON PD","PATROL",0,0,1,0,1,"Injury","At Intersection","No","No","Pedalcyclist",1,"US 206","North",206,"","206",42.34,"Municipal","Straight at Hillcrest","Blacktop","Dry","Daylight","Clear","None","NULL",NA,"At","NULL","CENTRE ST / GREENWOOD AVE","NULL","","NULL",25,25,0,0,"No","","575",419472.318776,502950.552318,NA,"DVRPC",1,"Pain",12044716,40.213986,-74.7606126
4034959,"2012111112003880","12003888",2012,"MERCER","Trenton City","4/6/2012 0:00","Friday","April","12/31/1899 6:58","1","TRENTON PD","PATROL",0,0,0,0,0,"Property Damage","At Intersection","No","No","Pedalcyclist",1,"MERCER COUNTY 606","East",606,"","11000606",1.47,"County","Straight and Level","Blacktop","Dry","Daylight","Clear","None","None",NA,"At","NULL","CR 622 / S OLDEN AVE","NULL","","NULL",25,25,0,0,"No","","529",427177.123246,505052.277287,NA,"DVRPC",0,"PDO",12056867,40.2266724,-74.7396627
4035058,"2012111112004430","12004438",2012,"MERCER","Trenton City","4/20/2012 0:00","Friday","April","12/31/1899 10:32","1","TRENTON PD","TRAFFIC",0,0,0,0,0,"Property Damage","At Intersection","No","No","Pedalcyclist",1,"MERCER COUNTY 622","West",622,"","11000622",2.92,"County","Straight and Level","Blacktop","Dry","Daylight","Clear","None","None",NA,"At","NULL","CR 635 / E STATE ST","NULL","","NULL",25,25,0,0,"No","","565",425204.03,507569.45,NA,"DVRPC",0,"PDO",12079962,40.2266724,-74.7396627
4035187,"2012111112005170","12005176",2012,"MERCER","Trenton City","5/7/2012 0:00","Monday","May","12/31/1899 19:24","1","TRENTON PD","TRAFFIC",0,0,0,0,0,"Property Damage","At Intersection","No","No","Pedalcyclist",1,"CHESTNUT AVE","South",NA,"","11111209",0.05,"Municipal","Straight and Level","Blacktop","Wet","Dusk","Clear","None","None",NA,"At","NULL","GENESEE ST","NULL","","NULL",25,25,0,0,"No","","565",423454.57791,500136.092457,NA,"DVRPC",0,"PDO",12085091,40.2061895,-74.7459289
4035224,"2012111112005380","12005384",2012,"MERCER","Trenton City","5/13/2012 0:00","Sunday","May","12/31/1899 0:15","1","TRENTON PD","PATROL",0,0,0,0,0,"Property Damage","At Intersection","No","No","Pedalcyclist",1,"MERCER COUNTY 635","West",635,"","11000635",0.94,"County","Straight and Level","Blacktop","Dry","Dark (Street Lights On/ continuous)","Clear","Painted Median","None",NA,"At","NULL","CR 622 / N OLDEN AVE / S OLDEN AVE","NULL","","NULL",25,25,0,0,"No","","518",425192.286354,507560.27272,NA,"DVRPC",0,"PDO",12088643,40.2266724,-74.7396627
4035293,"2012111112005850","12005859",2012,"MERCER","Trenton City","5/23/2012 0:00","Wednesday","May","12/31/1899 18:05","1","TRENTON PD","EAST",0,0,1,0,0,"Injury","Not At Intersection","No","No","Pedalcyclist",1,"WASHINGTON ST","East",NA,"","11111169",0.611,"Municipal","Straight and Level","Blacktop","Dry","Daylight","Clear","None","None",50,"Foot","East","ANDERSON ST","NULL","","NULL",25,25,0,0,"No","","499",423841.213116,503774.608959,NA,"DVRPC",0,"Moderate Injury",12096410,40.2165787,-74.7446756
4035322,"2012111112006030","12006035",2012,"MERCER","Trenton City","5/27/2012 0:00","Sunday","May","12/31/1899 17:35","1","TRENTON PD","PATROL",0,0,1,0,0,"Injury","At Intersection","No","No","Pedalcyclist",1,"BELLEVUE AVE","West",NA,"","11111560",0.93,"Municipal","Straight and Level","Blacktop","Dry","Daylight","Clear","None","None",NA,"At","NULL","MARION STREET","NULL","","NULL",25,25,0,0,"No","","342",415671.1,507917,NA,"DVRPC",0,"Moderate Injury",12100150,40.22754,-74.77383
4035337,"2012111112006090","12006099",2012,"MERCER","Trenton City","5/29/2012 0:00","Tuesday","May","12/31/1899 12:38","1","TRENTON PD","SOUTH",0,0,1,0,0,"Injury","At Intersection","No","No","Pedalcyclist",1,"US 206","North",206,"","206",41.29,"Municipal","Straight and Level","Blacktop","Dry","Daylight","Clear","None","None",NA,"At","NULL","DIVISION ST","NULL","","NULL",25,25,0,0,"No","","446",423778.125163,499599.351944,NA,"DVRPC",0,"Pain",12100135,40.204917,-74.745027
4035445,"2012111112007060","12007068",2012,"MERCER","Trenton City","6/21/2012 0:00","Thursday","June","12/31/1899 16:57","1","TRENTON PD","WEST",0,0,1,0,0,"Injury","At Intersection","No","No","Pedalcyclist",1,"BELLEVUE AVE","South",NA,"","11111560",0.8,"Municipal","Straight and Level","Blacktop","Dry","Daylight","Clear","Painted Median","NULL",NA,"At","NULL","PROSPECT ST","NULL","","NULL",25,25,0,0,"No","","445",415128.962616,508335.950051,NA,"DVRPC",0,"Pain",12127639,40.228739,-74.775861