"ID","DOT_WEB_ID","CASE_NUMBER","CRASH_YEAR","COUNTY","MUNICIPALITY","CRASH_DATE","CRASH_DAY_OF_WEEK","CRASH_MONTH","CRASH_TIME","POLICE_DEPT_CODE","POLICE_DEPARTMENT","POLICE_STATION","TOTAL_KILLED","TOTAL_INCAPACITATED","TOTAL_INJURED","PEDESTRIANS_KILLED","PEDESTRIANS_INJURED","SEVERITY","INTERSECTION","ALCOHOL_INVOLVED","HAZMAT_INVOLVED","CRASH_TYPE","TOTAL_VEHICLES_INVOLVED","CRASH_LOCATION","LOCATION_DIRECTION","ROUTE","ROUTE_SUFFIX","SRI","MILEPOST","ROAD_SYSTEM","ROAD_CHARACTER","ROAD_SURFACE_TYPE","SURFACE_CONDITION","LIGHT_CONDITION","ENVIRONMENTAL_CONDITION","ROAD_DIVIDED_BY","TEMP_TRAFFIC_CONTROL_ZONE","DISTANCE_TO_CROSS_STREET","UNIT_OF_MEASUREMENT","DIRECTION_FROM_CROSS_STREET","CROSS_STREET_NAME","IS_RAMP","RAMP_TO_FROM_ROUTE_NAME","RAMP_TO_FROM_ROUTE_DIRECTION","POSTED_SPEED","POSTED_SPEED_CROSS_STREET","LATITUDE","LONGITUDE","CELL_PHONE_IN_USE","OTHER_PROPERTY_DAMAGE","REPORTING_BADGE_NO","X","Y","CRASH_NARRATIVE","MPO","TOTAL_PEDESTRIANS_INVOLVED","EPDO","DLN","LatitudeGeocoded","LongitudeGeocoded"
4035536,"2012111112007510","12007510",2012,"MERCER","Trenton City","7/2/2012 0:00","Monday","July","12/31/1899 14:49","1","TRENTON PD","TRAFFIC",0,0,1,0,0,"Injury","At Intersection","No","No","Pedalcyclist",1,"US 206","North",206,"","206",NA,"State Highway","Straight and Level","Blacktop","Dry","Daylight","Clear","None","None",NA,"At","NULL","OLD ROSE ST","NULL","","NULL",25,25,0,0,"No","","565",NA,NA,NA,"DVRPC",0,"Moderate Injury",12130054,40.226356,-74.7596208
4035614,"2012111112007960","12007963",2012,"MERCER","Trenton City","7/12/2012 0:00","Thursday","July","12/31/1899 13:46","1","TRENTON PD","TRAFFIC",0,0,1,0,1,"Injury","At Intersection","No","No","Pedalcyclist",1,"PASSAIC ST","East",NA,"","11111383",0.45,"Municipal","Straight and Level","Blacktop","Dry","Daylight","Clear","None","None",NA,"At","NULL","CALHOUN ST","NULL","","NULL",25,25,0,0,"No","","565",415737.226198,506723.492799,NA,"DVRPC",1,"Pain",12131621,40.2241677,-74.7732498
4035684,"2012111112008350","12008350",2012,"MERCER","Trenton City","7/21/2012 0:00","Saturday","July","12/31/1899 20:47","1","TRENTON PD","EAST",0,0,0,0,0,"Property Damage","Not At Intersection","No","No","Pedalcyclist",1,"MERCER COUNTY 606","East",606,"","11000606",0.81,"County","Straight and Level","Blacktop","Dry","Dusk","Clear","None","None",200,"Foot","South","FRANKLIN ST","NULL","","NULL",25,25,0,0,"No","","574",423857.500882,503922.156091,NA,"DVRPC",0,"PDO",12146830,40.210424,-74.738703
4035764,"2012111112009150","12009156",2012,"MERCER","Trenton City","8/9/2012 0:00","Thursday","August","12/31/1899 20:26","1","TRENTON PD","EAST",0,0,0,0,0,"Property Damage","At Intersection","No","No","Pedalcyclist",1,"FRANKLIN ST","East",NA,"","11111160",0,"Municipal","Straight and Level","Blacktop","Dry","Dark (Street Lights On/ continuous)","Clear","None","None",NA,"At","NULL","HAMILTON AVE","NULL","","NULL",25,25,0,0,"No","","595",424028.070098,503979.17993,NA,"DVRPC",0,"PDO",12157523,40.2167952,-74.743849
4035889,"2012111112010070","12010070",2012,"MERCER","Trenton City","9/1/2012 0:00","Saturday","September","12/31/1899 19:12","1","TRENTON PD","EAST",0,0,1,0,0,"Injury","At Intersection","No","No","Pedalcyclist",1,"CENTENNIAL AVE","East",NA,"","11111103",0.07,"Municipal","Straight and Level","Blacktop","Dry","Daylight","Clear","None","None",NA,"At","NULL","WESLEY ALY","NULL","","NULL",25,15,0,0,"No","","566",426044.4264,503759.28005,NA,"DVRPC",0,"Pain",12178559,40.216255,-74.736548
4035899,"2012111112010100","12010105",2012,"MERCER","Trenton City","9/2/2012 0:00","Sunday","September","12/31/1899 23:07","1","TRENTON PD","PATROL",0,0,0,0,0,"Property Damage","At Intersection","No","No","Pedalcyclist",1,"E STATE ST","West",NA,"","11000635",0.88,"Municipal","Straight and Level","Blacktop","Dry","Dark (Street Lights On/ continuous)","Clear","Painted Median","None",NA,"At","NULL","S WALTER AVE","NULL","","NULL",25,25,0,0,"No","","445",424933.440773,507383.839248,NA,"DVRPC",1,"PDO",12178542,40.226167,-74.740614
4036025,"2012111112010840","12010842",2012,"MERCER","Trenton City","9/21/2012 0:00","Friday","September","12/31/1899 7:57","1","TRENTON PD","PATROL",0,0,1,0,1,"Injury","Not At Intersection","No","No","Pedalcyclist",1,"MERCER COUNTY 636","West",636,"","11000636",0.35,"County","Straight and Grade","Blacktop","Dry","Daylight","NULL","None","None",50,"Foot","NULL","WHITTIER AVE","NULL","","NULL",25,25,0,0,"No","","414",412093.954971,511001.149984,NA,"DVRPC",1,"Moderate Injury",12194207,40.2359962,-74.7866623
4036046,"2012111112010990","12010990",2012,"MERCER","Trenton City","9/24/2012 0:00","Monday","September","12/31/1899 17:19","1","TRENTON PD","PATROL",0,0,1,0,0,"Injury","At Intersection","No","No","Pedalcyclist",1,"WARREN STREET","South",NA,"","00000206Z",43.11,"Municipal","NULL","NULL","NULL","NULL","NULL","NULL","NULL",NA,"At","NULL","BANK STREET","NULL","","NULL",25,25,0,0,"No","","342",417984.787096,506061.959948,NA,"DVRPC",0,"Pain",12194221,40.2228245,-74.7654599
4036150,"2012111112012670","12012674",2012,"MERCER","Trenton City","11/1/2012 0:00","Thursday","November","12/31/1899 17:05","1","TRENTON PD","PATROL",0,0,1,0,1,"Injury","At Intersection","No","No","Pedalcyclist",1,"US 206","South",206,"","206",42.48,"Municipal","Straight at Hillcrest","Blacktop","Dry","Daylight","Overcast","Painted Median","None",NA,"At","NULL","MARKET ST","NULL","","NULL",25,25,0,0,"No","","575",419016.162079,503531.21437,NA,"DVRPC",1,"Pain",12233741,40.2157635,-74.7620464
4036277,"2012111112013560","12013563",2012,"MERCER","Trenton City","11/24/2012 0:00","Saturday","November","12/31/1899 20:36","1","TRENTON PD","PATROL-NORTH",0,0,1,0,0,"Injury","At Intersection","No","No","Pedalcyclist",1,"S CLINTON AVE","North",NA,"","11031969",4.7,"Municipal","Straight and Level","Blacktop","Dry","Dark (Street Lights On/ continuous)","Clear","None","None",NA,"At","NULL","SHERMAN AVE","NULL","","NULL",25,25,0,0,"No","","398",423924.753474,509521.662835,NA,"DVRPC",0,"Pain",12244897,40.2198581,-74.7549959
4036400,"2012111112014810","12014816",2012,"MERCER","Trenton City","12/28/2012 0:00","Friday","December","12/31/1899 10:56","1","TRENTON PD","PATROL",0,0,0,0,0,"Property Damage","At Intersection","No","No","Pedalcyclist",1,"MARKET ST","NULL",NA,"","11111526",0.38,"Municipal","Straight and Level","Blacktop","Dry","Daylight","Clear","None","None",NA,"At","NULL","US 206","NULL","","NULL",NA,NA,0,0,"No","","135",418817.69,503488.86,NA,"DVRPC",0,"PDO",12507068,40.2157635,-74.7620464
4037357,"2012111312-14232","12-14232",2012,"MERCER","West Windsor Township","5/13/2012 0:00","Sunday","May","12/31/1899 11:07","1","WEST WINDSOR TWP PD","2012-14232",0,0,1,0,0,"Injury","At Intersection","No","No","Pedalcyclist",1,"ROUTE 526","South",526,"","526",2.24,"County","Straight and Level","Blacktop","Dry","Daylight","Clear","Curbed Median","None",NA,"At","NULL","NEW VILLAGE RD","NULL","","NULL",40,35,0,0,"No","","558",461319.91625,525035.32125,NA,"DVRPC",0,"Pain",12090388,40.2746934,-74.6103885
4037742,"201211132012-11721","2012-11721",2012,"MERCER","West Windsor Township","4/17/2012 0:00","Tuesday","April","12/31/1899 15:31","1","WEST WINDSOR TWP PD","2012-11721",0,0,1,0,0,"Injury","At Intersection","No","No","Pedalcyclist",1,"N POST RD","South",NA,"","11131420",0,"Municipal","Straight and Level","Blacktop","Dry","Daylight","Clear","Curbed Median","None",NA,"At","NULL","VILLAGE ROAD WEST","NULL","","NULL",40,45,0,0,"No","","427",453875.43,528051.64,NA,"DVRPC",0,"Moderate Injury",12066961,40.2831,-74.6370946
4309446,"2013110113-10641","13-10641",2013,"MERCER","East Windsor Township","8/21/2013 0:00","Wednesday","August","12/31/1899 10:57","1","EAST WINDSOR TWP PD","TRAFFIC SAFETY",0,1,1,0,1,"Injury","Not At Intersection","No","No","Pedalcyclist",1,"MERCER COUNTY 630","West",630,"","11000630",0.36,"County","Straight and Level","Blacktop","Dry","Daylight","Clear","None","None",100,"Foot","East","BRADFORD RD","NULL","","NULL",40,25,0,0,"No","","551",485396.98,510134.04,NA,"DVRPC",1,"Incapacitating Injury",13510639,40.2338876,-74.5247993
4309479,"2013110113-11182","13-11182",2013,"MERCER","East Windsor Township","9/2/2013 0:00","Monday","September","12/31/1899 12:06","1","EAST WINDSOR TWP PD","TRAFFIC SAFETY?",0,0,1,0,0,"Injury","Not At Intersection","No","No","Pedalcyclist",1,"189 PRINCETON ARMS NORTH 2 (PARKING LOT)","West",NA,"","",NA,"Private Property","Straight and Level","Blacktop","Wet","Daylight","Rain","None","None",NA,"NULL","NULL","","NULL","","NULL",NA,NA,0,0,"No","NONE","78",NA,NA,NA,"DVRPC",0,"Moderate Injury",13218419,40.2766825,-74.5701634
4309483,"2013110113-11236","13-11236",2013,"MERCER","East Windsor Township","9/3/2013 0:00","Tuesday","September","12/31/1899 20:35","1","EAST WINDSOR TWP PD","UNIFORM SERVICE",0,0,1,0,0,"Injury","Not At Intersection","No","No","Pedalcyclist",1,"ABBINGTON DRIVE","West",NA,"","",NA,"Municipal","Curve and Level","Blacktop","Dry","Dark (Street Lights Off)","Clear","None","None",1000,"Foot","East","LAKE DRIVE","NULL","","NULL",25,30,0,0,"No","","574",NA,NA,NA,"DVRPC",0,"Pain",13223457,40.267213,-74.4941344
4309545,"2013110113-12381","13-12381",2013,"MERCER","East Windsor Township","9/28/2013 0:00","Saturday","September","12/31/1899 16:59","1","EAST WINDSOR TWP PD","TRAFFIC SAFETY",0,0,1,0,0,"Injury","At Intersection","No","No","Pedalcyclist",1,"MERCER COUNTY 630","West",630,"","11000630",0,"County","Straight and Level","Blacktop","Dry","Daylight","Clear","NULL","None",NA,"At","NULL","ROUTE 539 / YORK RD","NULL","","NULL",45,50,0,0,"No","","551",483432.9,509896.32,NA,"DVRPC",0,"Pain",13241141,40.2332875,-74.5311365
4309908,"2013110113-5321","13-5321",2013,"MERCER","East Windsor Township","4/28/2013 0:00","Sunday","April","12/31/1899 14:12","1","EAST WINDSOR TWP PD","UNIFORM SERVIC?",0,0,1,0,0,"Injury","At Intersection","No","No","Pedalcyclist",1,"DAVISON ROAD","North",NA,"","",NA,"Municipal","Straight and Level","Blacktop","Dry","Daylight","Clear","None","None",NA,"At","NULL","WARD STREET","NULL","","NULL",25,40,0,0,"No","NONE","79",NA,NA,NA,"DVRPC",0,"Moderate Injury",13148338,40.2653791,-74.5172743
4310018,"2013110113-7101","13-7101",2013,"MERCER","East Windsor Township","6/5/2013 0:00","Wednesday","June","12/31/1899 16:51","1","EAST WINDSOR TWP PD","TRAFFIC SAFETY?",0,0,1,0,0,"Injury","Not At Intersection","No","No","Pedalcyclist",1,"US 130","South",130,"","130",68.51,"State Highway","Straight and Level","Blacktop","Dry","Daylight","Clear","None","None",300,"Foot","South","ROUTE 571 / PRCTN-WRSTN RD / STOCKT","NULL","","NULL",45,45,0,0,"No","NONE","563",481087.221311,523757.607521,NA,"DVRPC",0,"Moderate Injury",13181944,40.272941,-74.5380378
4310070,"2013110113-7988","13-7988",2013,"MERCER","East Windsor Township","6/23/2013 0:00","Sunday","June","12/31/1899 16:24","1","EAST WINDSOR TWP PD","UNIFORM SERVICE",0,0,0,0,0,"Property Damage","Not At Intersection","No","No","Pedalcyclist",1,"US 130","South",130,"","130",68.3,"State Highway","Straight and Level","Blacktop","Dry","Daylight","Clear","Grass Median","None",500,"Foot","North","DUTCHNECK RD","NULL","","NULL",45,35,0,0,"No","","87",480431.111872,522863.553408,NA,"DVRPC",0,"PDO",13201582,40.2687701,-74.5422688
4310082,"2013110113-8170","13-8170",2013,"MERCER","East Windsor Township","6/27/2013 0:00","Thursday","June","12/31/1899 16:01","1","EAST WINDSOR TWP PD","TRAFFIC SAFETY",0,0,0,0,0,"Property Damage","Not At Intersection","No","No","Pedalcyclist",1,"US 130","North",130,"","130",68.22,"State Highway","Straight and Level","Blacktop","Dry","Daylight","Clear","Grass Median","None",60,"Foot","North","DUTCHNECK RD","NULL","","NULL",45,35,0,0,"No","","551",480179.199815,522522.739451,NA,"DVRPC",0,"PDO",13204260,40.2687701,-74.5422688
4310764,"20131102I-2013-009208","I-2013-009208",2013,"MERCER","Ewing Township","4/14/2013 0:00","Sunday","April","12/31/1899 20:42","1","EWING TWP PD","SQUAD4A",0,0,0,0,0,"Property Damage","Not At Intersection","No","No","Pedalcyclist",1,"NJ 31","NULL",31,"","31",1.82,"State Highway","Straight and Level","Blacktop","Dry","Dark (Street Lights On/ continuous)","Clear","None","None",20,"Foot","North","CR 622 / OLDEN AVE","NULL","","NULL",35,40,0,0,"No","","162",415158.09,516058.12,NA,"DVRPC",0,"PDO",13404230,40.2498235,-74.7757325
4310887,"20131102I-2013-013116","I-2013-013116",2013,"MERCER","Ewing Township","5/28/2013 0:00","Tuesday","May","12/31/1899 13:25","1","EWING TWP PD","1A",0,0,0,0,0,"Property Damage","Not At Intersection","No","No","Pedalcyclist",1,"1618 OLDEN AVENUE","NULL",NA,"","",NA,"Private Property","Straight and Grade","Concrete","Wet","Daylight","Rain","None","None",NA,"NULL","NULL","","NULL","","NULL",35,NA,0,0,"No","","145",NA,NA,NA,"DVRPC",0,"PDO",13406276,40.2447084,-74.7588309
4310910,"20131102I-2013-013720","I-2013-013720",2013,"MERCER","Ewing Township","6/2/2013 0:00","Sunday","June","12/31/1899 20:56","1","EWING TWP PD","TRAFFIC 04",0,0,1,0,0,"Injury","Not At Intersection","No","No","Pedalcyclist",1,"1510 OLDEN AVENUE","NULL",NA,"","",NA,"Private Property","Straight and Level","Blacktop","Dry","Dark (Street Lights On/ continuous)","Clear","None","None",NA,"NULL","NULL","","NULL","","NULL",NA,NA,0,0,"No","","163",NA,NA,NA,"DVRPC",0,"Pain",13405941,40.2410619,-74.7526754
4311104,"20131102I-2013-019643","I-2013-019643",2013,"MERCER","Ewing Township","8/5/2013 0:00","Monday","August","12/31/1899 21:36","1","EWING TWP PD","PLATOON 3 - SQ?",0,0,1,0,0,"Injury","Not At Intersection","No","No","Pedalcyclist",1,"1488 PENNINGTON ROAD","NULL",NA,"","",NA,"Private Property","Straight and Level","Blacktop","Dry","Dark (Street Lights On/ continuous)","Clear","None","None",NA,"NULL","NULL","","NULL","","NULL",NA,NA,0,0,"No","","151",NA,NA,NA,"DVRPC",0,"Pain",13521670,40.2490385,-74.7751153
4311144,"20131102I-2013-021377","I-2013-021377",2013,"MERCER","Ewing Township","8/24/2013 0:00","Saturday","August","12/31/1899 17:18","1","EWING TWP PD","3B",0,0,1,0,0,"Injury","Not At Intersection","No","No","Pedalcyclist",1,"RADNOR AVENUE","NULL",NA,"","",NA,"Municipal","Straight and Level","Blacktop","Dry","Daylight","Clear","None","None",60,"Foot","East","BERWYN AVENUE","NULL","","NULL",25,25,0,0,"No","","152",NA,NA,NA,"DVRPC",0,"Pain",13521709,40.244338,-74.784181
4311789,"2013110313-14185","13-14185",2013,"MERCER","Hamilton Twp (Mercer Co)","4/10/2013 0:00","Wednesday","April","12/31/1899 11:54","1","HAMILTON TWP PD (MERCER)","",0,0,0,0,0,"Property Damage","Not At Intersection","No","No","Pedalcyclist",1,"HUGHES DR","West",NA,"","11031978",1.51,"Municipal","Straight and Level","Blacktop","Dry","Daylight","Clear","None","None",100,"Foot","West","JEFFREY LN","NULL","","NULL",40,25,0,0,"No","","384",446512.085786,517855.866877,NA,"DVRPC",0,"PDO",13137450,40.255223,-74.663514
4311851,"2013110313-15302","13-15302",2013,"MERCER","Hamilton Twp (Mercer Co)","4/18/2013 0:00","Thursday","April","12/31/1899 16:05","1","HAMILTON TWP PD (MERCER)","",0,0,1,0,0,"Injury","At Intersection","No","No","Pedalcyclist",1,"NJ 33","NULL",33,"","33",3.2,"State Highway","Straight and Level","Blacktop","Dry","Daylight","Clear","None","None",NA,"At","NULL","WEGNER AVE","NULL","","NULL",35,25,0,0,"No","","381",435407,510029.47,NA,"DVRPC",0,"Pain",13159824,40.2334923,-74.7031515
4311888,"2013110313-1583","13-1583",2013,"MERCER","Hamilton Twp (Mercer Co)","1/11/2013 0:00","Friday","January","12/31/1899 18:12","1","HAMILTON TWP PD (MERCER)","",0,0,1,0,0,"Injury","At Intersection","No","No","Pedalcyclist",1,"HOMESTEAD AVE","NULL",NA,"","11031483",0,"Municipal","Straight and Level","Blacktop","Wet","Dark (Street Lights On/ continuous)","Rain","Curbed Median","None",NA,"At","NULL","SO BROAD ST","NULL","","NULL",25,35,0,0,"No","","401",433654.87007,494186.419988,NA,"DVRPC",0,"Pain",13100101,40.1900862,-74.7092589
4311906,"2013110313-16150","13-16150",2013,"MERCER","Hamilton Twp (Mercer Co)","4/24/2013 0:00","Wednesday","April","12/31/1899 15:00","1","HAMILTON TWP PD (MERCER)","",0,0,1,0,0,"Injury","Not At Intersection","No","No","Pedalcyclist",1,"ESTATES BLVD","NULL",NA,"","11031803",1.421,"Municipal","Straight and Level","Blacktop","Dry","Daylight","Clear","None","None",5,"Foot","West","WHITEHORSE HAMILTON SQUARE RD.","NULL","","NULL",25,40,0,0,"No","","401",NA,NA,NA,"DVRPC",0,"Moderate Injury",13139280,40.2234716,-74.6691123
4312200,"2013110313-21410","13-21410",2013,"MERCER","Hamilton Twp (Mercer Co)","5/30/2013 0:00","Thursday","May","12/31/1899 16:32","1","HAMILTON TWP PD (MERCER)","",0,0,1,0,0,"Injury","At Intersection","No","No","Pedalcyclist",1,"MERCER COUNTY 618","East",618,"","11000618",1.91,"County","Straight and Level","Blacktop","Dry","Daylight","Clear","None","None",NA,"At","NULL","CREST AVE","NULL","","NULL",40,25,0,0,"No","","398",449076.53,507719.52,NA,"DVRPC",0,"Pain",13178550,40.251378,-74.6592087
4312249,"2013110313-22473","13-22473",2013,"MERCER","Hamilton Twp (Mercer Co)","6/6/2013 0:00","Thursday","June","12/31/1899 17:06","1","HAMILTON TWP PD (MERCER)","",0,0,1,0,0,"Injury","Not At Intersection","No","No","Pedalcyclist",1,"CHURCH ST","North",NA,"","11031016",0.001,"Municipal","Straight and Level","Blacktop","Dry","Daylight","Overcast","None","None",5,"Foot","South","S. BROAD ST","NULL","","NULL",35,35,0,0,"No","","418",450739.231384,482826.832846,NA,"DVRPC",0,"Moderate Injury",13175547,40.18878,-74.6965759
4312283,"2013110313-22967","13-22967",2013,"MERCER","Hamilton Twp (Mercer Co)","6/10/2013 0:00","Monday","June","12/31/1899 13:52","1","HAMILTON TWP PD (MERCER)","",0,0,1,0,1,"Injury","Not At Intersection","No","No","Pedalcyclist",1,"CROSSWICKS HAMILTON SQUARE RD","West",NA,"","11031996",1.334,"Municipal","Straight and Level","Blacktop","Dry","Daylight","Rain","None","None",600,"Foot","East","EDGEBROOK RD","NULL","","NULL",35,35,0,0,"No","","407",451712.203274,493219.344922,NA,"DVRPC",2,"Pain",13182885,40.1890573,-74.6445082
4312287,"2013110313-23048","13-23048",2013,"MERCER","Hamilton Twp (Mercer Co)","6/11/2013 0:00","Tuesday","June","12/31/1899 7:23","1","HAMILTON TWP PD (MERCER)","",0,0,1,0,0,"Injury","Not At Intersection","No","No","Pedalcyclist",1,"265 WHITEHEAD RD","NULL",NA,"","",NA,"Private Property","Straight and Level","Blacktop","Wet","Daylight","Clear","None","None",NA,"NULL","NULL","","NULL","","NULL",NA,NA,0,0,"No","","384",NA,NA,NA,"DVRPC",0,"Moderate Injury",13175530,40.24038,-74.72999
4312332,"2013110313-23740","13-23740",2013,"MERCER","Hamilton Twp (Mercer Co)","6/15/2013 0:00","Saturday","June","12/31/1899 21:22","1","HAMILTON TWP PD (MERCER)","",0,0,1,0,0,"Injury","At Intersection","No","No","Pedalcyclist",1,"NEW CEDAR LN","North",NA,"","11031328",0,"Municipal","Straight and Level","Blacktop","Dry","Dark (Street Lights On/ continuous)","Clear","None","None",NA,"At","NULL","S BROAD ST","NULL","","NULL",25,35,0,0,"No","","469",426762.740154,497934.139855,NA,"DVRPC",0,"Moderate Injury",13187485,40.2002978,-74.733945
4312347,"2013110313-24003","13-24003",2013,"MERCER","Hamilton Twp (Mercer Co)","6/17/2013 0:00","Monday","June","12/31/1899 22:53","1","HAMILTON TWP PD (MERCER)","",0,1,1,0,0,"Injury","Not At Intersection","No","No","Pedalcyclist",1,"KLOCKNER RD","North",NA,"","",NA,"Municipal","Straight and Grade","Blacktop","Dry","Dark (No Street Lights)","Overcast","Painted Median","None",NA,"Foot","North","NEGRON DR","NULL","","NULL",45,NA,0,0,"No","","418",NA,NA,NA,"DVRPC",0,"Incapacitating Injury",13196665,40.2006461,-74.6499524
4312363,"2013110313-24388","13-24388",2013,"MERCER","Hamilton Twp (Mercer Co)","6/20/2013 0:00","Thursday","June","12/31/1899 14:55","1","HAMILTON TWP PD (MERCER)","",0,0,1,0,0,"Injury","Not At Intersection","No","No","Pedalcyclist",1,"WILFRED AVE","East",NA,"","11031466",NA,"Municipal","Straight and Level","Blacktop","Dry","Daylight","Clear","None","None",25,"Foot","East","LILY ST","NULL","","NULL",25,25,0,0,"No","","491",NA,NA,NA,"DVRPC",0,"Moderate Injury",13187461,40.203273,-74.727555
4312382,"2013110313-24704","13-24704",2013,"MERCER","Hamilton Twp (Mercer Co)","6/22/2013 0:00","Saturday","June","12/31/1899 13:11","1","HAMILTON TWP PD (MERCER)","",0,0,1,0,0,"Injury","At Intersection","No","No","Pedalcyclist",1,"HUGHES DR","North",NA,"","11031978",2.11,"Municipal","Curve and Level","Blacktop","Dry","Daylight","Clear","None","None",NA,"At","NULL","YOUNGS RD","NULL","","NULL",35,25,0,0,"No","","406",445424.325806,520815.896218,NA,"DVRPC",0,"Moderate Injury",13196632,40.263161,-74.66736
4312453,"2013110313-25824","13-25824",2013,"MERCER","Hamilton Twp (Mercer Co)","6/30/2013 0:00","Sunday","June","12/31/1899 3:27","1","HAMILTON TWP PD (MERCER)","",0,0,1,0,0,"Injury","Not At Intersection","No","No","Pedalcyclist",1,"CYPRESS LN","North",NA,"","11031810",0.51,"Municipal","Straight and Grade","Blacktop","Dry","Dark (Street Lights On/ continuous)","Clear","None","None",500,"Foot","NULL","HOBBS RD","NULL","","NULL",35,25,0,0,"No","","469",435004.336108,505970.715411,NA,"DVRPC",0,"Moderate Injury",13196649,40.2223252,-74.7045177
4312622,"2013110313-29256","13-29256",2013,"MERCER","Hamilton Twp (Mercer Co)","7/23/2013 0:00","Tuesday","July","12/31/1899 8:58","1","HAMILTON TWP PD (MERCER)","",0,0,1,0,0,"Injury","At Intersection","No","No","Pedalcyclist",1,"MERCER COUNTY 606","West",606,"","11000606",3.52,"County","Straight and Level","Blacktop","Dry","Daylight","Overcast","None","None",NA,"At","NULL","SAYBROOK AVE","NULL","","NULL",40,25,0,0,"No","","384",436777.219916,510064.358281,NA,"DVRPC",0,"Moderate Injury",13218729,40.22771,-74.6692043
4312725,"2013110313-31311","13-31311",2013,"MERCER","Hamilton Twp (Mercer Co)","8/6/2013 0:00","Tuesday","August","12/31/1899 13:08","1","HAMILTON TWP PD (MERCER)","",0,0,1,0,0,"Injury","At Intersection","No","No","Pedalcyclist",1,"S CLINTON AVE","East",NA,"","11031969",1.63,"Municipal","Straight and Level","Blacktop","Dry","Daylight","Clear","None","None",NA,"At","NULL","JOSEPH ST","NULL","","NULL",35,25,0,0,"No","","407",427535.738204,498171.694533,NA,"DVRPC",0,"Pain",13503061,40.200843,-74.731146
4313018,"2013110313-38500","13-38500",2013,"MERCER","Hamilton Twp (Mercer Co)","9/24/2013 0:00","Tuesday","September","12/31/1899 17:48","1","HAMILTON TWP PD (MERCER)","",0,0,1,0,0,"Injury","At Intersection","No","No","Pedalcyclist",1,"ROUTE 533","South",533,"","533",0.6,"County","Straight and Level","Blacktop","Dry","Daylight","Clear","None","None",NA,"At","NULL","MAGNOLIA LN","NULL","","NULL",35,25,0,0,"No","DAMAGE TO B1'S FRONT RIM","418",436139.45,496532.49,NA,"DVRPC",0,"Pain",13241190,40.1969257,-74.7001537
4313691,"2013110313-50371","13-50371",2013,"MERCER","Hamilton Twp (Mercer Co)","12/16/2013 0:00","Monday","December","12/31/1899 17:10","1","HAMILTON TWP PD (MERCER)","",0,0,1,0,0,"Injury","At Intersection","No","No","Pedalcyclist",1,"KUSER RD","NULL",NA,"","",NA,"Municipal","Straight and Level","Blacktop","Dry","Dark (Street LIghts On/ spot)","Clear","None","None",NA,"At","NULL","ESTATES BLVD","NULL","","NULL",35,25,0,0,"No","","#38",NA,NA,NA,"DVRPC",0,"Moderate Injury",13314936,40.2104693,-74.7034946
4313919,"2013110313-6835","13-6835",2013,"MERCER","Hamilton Twp (Mercer Co)","2/16/2013 0:00","Saturday","February","12/31/1899 12:15","1","HAMILTON TWP PD (MERCER)","",0,0,1,0,0,"Injury","Not At Intersection","No","No","Pedalcyclist",1,"WARD AVE","North",NA,"","11032003",NA,"Municipal","Straight and Level","Blacktop","Dry","Daylight","Clear","None","None",10,"Foot","South","NJ 33","NULL","","NULL",25,30,0,0,"No","NONE","418",NA,NA,NA,"DVRPC",0,"Pain",13018356,40.230899,-74.7227
4313971,"2013110313-8103","13-8103",2013,"MERCER","Hamilton Twp (Mercer Co)","2/25/2013 0:00","Monday","February","12/31/1899 21:55","1","HAMILTON TWP PD (MERCER)","",0,0,1,0,0,"Injury","Not At Intersection","No","No","Pedalcyclist",1,"MERCER COUNTY 616","NULL",616,"","11000616",0.32,"County","Straight at Hillcrest","Concrete","Dry","Dark (Street Lights On/ continuous)","Clear","None","None",500,"Foot","South","FIRST AVE","NULL","","NULL",30,25,0,0,"No","","467",428515.86706,512399.339618,NA,"DVRPC",0,"Pain",13116656,40.2194203,-74.7246528
4313983,"2013110313-8349","13-8349",2013,"MERCER","Hamilton Twp (Mercer Co)","2/27/2013 0:00","Wednesday","February","12/31/1899 20:40","1","HAMILTON TWP PD (MERCER)","",0,0,0,0,0,"Property Damage","At Intersection","No","No","Pedalcyclist",1,"NJ 33","NULL",33,"","33",2.14,"State Highway","Straight and Level","Blacktop","Dry","Dark (Street LIghts On/ spot)","Clear","None","None",NA,"At","NULL","WARD AVE","NULL","","NULL",25,25,0,0,"No","NONE","431",429957.838397,509105.282419,NA,"DVRPC",0,"PDO",13116646,40.230899,-74.7227
4314681,"2013110413-01515","13-01515",2013,"MERCER","Hightstown Borough","2/2/2013 0:00","Saturday","February","12/31/1899 9:53","1","HIGHTSTOWN PD","",0,0,1,0,0,"Injury","Not At Intersection","No","No","Pedalcyclist",1,"BANK STREET","NULL",NA,"","11041027",0.218,"Municipal","Straight and Grade","Blacktop","Dry","Daylight","Clear","None","None",200,"Foot","West","MECHANIC STREET","NULL","","NULL",25,25,0,0,"No","","111",485855.579979,523913.481603,NA,"DVRPC",0,"Pain",13019301,40.2719074,-74.5231866
4314805,"20131105HB2013-002127","HB2013-002127",2013,"MERCER","Hopewell Borough","7/30/2013 0:00","Tuesday","July","12/31/1899 19:24","1","HOPEWELL TWP PD","52 ZONE",0,0,0,0,0,"Property Damage","Not At Intersection","No","No","Pedalcyclist",1,"N GREENWOOD AV","North",NA,"","11051089",0.765,"Municipal","Straight at Hillcrest","Blacktop","Dry","Daylight","Clear","None","None",25,"Foot","North","GOLDEN AVE","NULL","","NULL",25,25,0,0,"No","","44",418540.716966,567804.028417,NA,"DVRPC",0,"PDO",13208673,40.391964,-74.7642019