"ID","DOT_WEB_ID","CASE_NUMBER","CRASH_YEAR","COUNTY","MUNICIPALITY","CRASH_DATE","CRASH_DAY_OF_WEEK","CRASH_MONTH","CRASH_TIME","POLICE_DEPT_CODE","POLICE_DEPARTMENT","POLICE_STATION","TOTAL_KILLED","TOTAL_INCAPACITATED","TOTAL_INJURED","PEDESTRIANS_KILLED","PEDESTRIANS_INJURED","SEVERITY","INTERSECTION","ALCOHOL_INVOLVED","HAZMAT_INVOLVED","CRASH_TYPE","TOTAL_VEHICLES_INVOLVED","CRASH_LOCATION","LOCATION_DIRECTION","ROUTE","ROUTE_SUFFIX","SRI","MILEPOST","ROAD_SYSTEM","ROAD_CHARACTER","ROAD_SURFACE_TYPE","SURFACE_CONDITION","LIGHT_CONDITION","ENVIRONMENTAL_CONDITION","ROAD_DIVIDED_BY","TEMP_TRAFFIC_CONTROL_ZONE","DISTANCE_TO_CROSS_STREET","UNIT_OF_MEASUREMENT","DIRECTION_FROM_CROSS_STREET","CROSS_STREET_NAME","IS_RAMP","RAMP_TO_FROM_ROUTE_NAME","RAMP_TO_FROM_ROUTE_DIRECTION","POSTED_SPEED","POSTED_SPEED_CROSS_STREET","LATITUDE","LONGITUDE","CELL_PHONE_IN_USE","OTHER_PROPERTY_DAMAGE","REPORTING_BADGE_NO","X","Y","CRASH_NARRATIVE","MPO","TOTAL_PEDESTRIANS_INVOLVED","EPDO","DLN","LatitudeGeocoded","LongitudeGeocoded"
4314844,"20131106HB2013-000431","HB2013-000431",2013,"MERCER","Hopewell Twp (Mercer Co)","2/13/2013 0:00","Wednesday","February","12/31/1899 16:39","1","HOPEWELL TWP PD","52 ZONE",0,0,1,0,0,"Injury","Not At Intersection","No","No","Pedalcyclist",1,"ROUTE 518","West",518,"","518",NA,"County","Straight and Level","Blacktop","Dry","Daylight","Clear","None","None",150,"Foot","East","PRINCETON AV","NULL","","NULL",30,25,0,0,"No","","43",NA,NA,NA,"DVRPC",0,"Moderate Injury",13016756,40.3902172,-74.7583406
4314849,"20131106HB2013-000990","HB2013-000990",2013,"MERCER","Hopewell Twp (Mercer Co)","4/13/2013 0:00","Saturday","April","12/31/1899 8:55","1","HOPEWELL TWP PD","52",0,0,1,0,0,"Injury","Not At Intersection","No","No","Pedalcyclist",1,"PRINCETON AVE","South",NA,"","569",8.528,"Municipal","Straight and Level","Blacktop","Dry","Daylight","Clear","None","None",10,"Foot","South","E BROAD ST","NULL","","NULL",25,30,0,0,"No","BICYCLE DAMAGED","48",420174.537019,567154.579902,NA,"DVRPC",0,"Moderate Injury",13133409,40.3902172,-74.7583406
4314995,"20131106HT2013-005800","HT2013-005800",2013,"MERCER","Hopewell Twp (Mercer Co)","3/13/2013 0:00","Wednesday","March","12/31/1899 19:11","1","HOPEWELL TWP PD","52",0,0,0,0,0,"Property Damage","At Intersection","No","No","Pedalcyclist",1,"ROUTE 546","North",546,"","546",5.54,"County","Straight and Level","Blacktop","Dry","Dusk","Clear","None","None",NA,"At","NULL","SIOUX RD","NULL","","NULL",45,25,0,0,"No","REAR BICYCLE WHEEL","48",416364.94349,537235.644209,NA,"DVRPC",0,"PDO",13116330,40.3080285,-74.7717647
4315254,"20131106HT2013-019208","HT2013-019208",2013,"MERCER","Hopewell Twp (Mercer Co)","8/28/2013 0:00","Wednesday","August","12/31/1899 8:41","1","HOPEWELL TWP PD","51 NORTH",0,0,1,0,0,"Injury","Not At Intersection","No","No","Pedalcyclist",1,"NJ 31","North",31,"","31",8.97,"State Highway","Straight and Level","Blacktop","Dry","Daylight","Clear","None","None",528,"Foot","South","WOOSAMONSA RD","NULL","","NULL",40,25,0,0,"No","","39",409508.021021,550884.988195,NA,"DVRPC",0,"Pain",13221948,40.3468935,-74.796688
4315672,"2013110713-13372-AC","13-13372-AC",2013,"MERCER","Lawrence Twp (Mercer Co)","5/17/2013 0:00","Friday","May","12/31/1899 18:31","1","LAWRENCE TWP PD","",0,0,1,0,0,"Injury","At Intersection","No","No","Pedalcyclist",1,"ROUTE 583","NULL",583,"","583",5.55,"Municipal","Straight and Level","Blacktop","Dry","Daylight","Clear","None","None",NA,"At","West","ROUTE 569 / FACKLER RD","NULL","","NULL",45,40,0,0,"No","","225",436968.55,536073.87,NA,"DVRPC",0,"Moderate Injury",13159730,40.304994,-74.69777
4316109,"2013110713-25519-AC","13-25519-AC",2013,"MERCER","Lawrence Twp (Mercer Co)","9/28/2013 0:00","Saturday","September","12/31/1899 18:59","1","LAWRENCE TWP PD","",0,0,0,0,0,"Property Damage","At Intersection","No","No","Pedalcyclist",1,"US 206","NULL",206,"","206",46.41,"State Highway","Straight and Level","Blacktop","Dry","Dark (Street Lights Off)","Clear","None","None",NA,"At","NULL","ALTAMAWR AVE","NULL","","NULL",35,25,0,0,"No","","210",425025.62,521396.35,NA,"DVRPC",0,"PDO",13250439,40.2630528,-74.747232
4316457,"2013110713-4515-AC","13-4515-AC",2013,"MERCER","Lawrence Twp (Mercer Co)","2/12/2013 0:00","Tuesday","February","12/31/1899 10:21","1","LAWRENCE TWP PD","",0,0,1,0,0,"Injury","Not At Intersection","No","No","Pedalcyclist",1,"TEXAS AVE","NULL",NA,"","11071395",0,"Municipal","Straight and Grade","Blacktop","Dry","Daylight","Clear","None","None",30,"Foot","West","US 1B","NULL","","NULL",25,50,0,0,"No","","156",429453.57,519629.89,NA,"DVRPC",0,"Pain",13012073,40.2597989,-74.7247098
4316878,"2013111013-00690","13-00690",2013,"MERCER","Princeton Township","1/7/2013 0:00","Monday","January","12/31/1899 12:29","1","PRINCETON TWP PD","",0,0,1,0,0,"Injury","At Intersection","No","No","Pedalcyclist",1,"S HARRISON ST","NULL",NA,"","11091239",0.22,"Municipal","Straight and Level","Blacktop","Dry","Daylight","Clear","None","None",NA,"At","NULL","SERGEANT STREET","NULL","","NULL",25,25,0,0,"No","","20",451695.307503,553664.289995,NA,"DVRPC",0,"Pain",13001706,40.3531763,-74.6449178
4316904,"2013111013-12452","13-12452",2013,"MERCER","Princeton Township","4/26/2013 0:00","Friday","April","12/31/1899 12:00","1","PRINCETON PD","",0,0,1,0,0,"Injury","Not At Intersection","No","No","Pedalcyclist",1,"US 206","NULL",206,"","206",NA,"State Highway","Straight and Level","Blacktop","Dry","Daylight","Clear","None","None",500,"Foot","North","STOCKTON ST.","NULL","","NULL",25,30,0,0,"No","","36",NA,NA,NA,"DVRPC",0,"Moderate Injury",13030677,40.348255,-74.6644189
4316931,"201311102013-03774","2013-03774",2013,"MERCER","Princeton Township","2/3/2013 0:00","Sunday","February","12/31/1899 17:57","1","PRINCETON TWP PD","",0,0,1,0,0,"Injury","At Intersection","No","No","Pedalcyclist",1,"HAMILTON AVENUE","NULL",NA,"","",NA,"Municipal","Straight and Grade","Blacktop","Dry","Dark (Street LIghts On/ spot)","Clear","None","None",NA,"At","NULL","HARRISON ST.","NULL","","NULL",25,25,0,0,"No","NONE","53",NA,NA,NA,"DVRPC",0,"Pain",13006489,40.3568308,-74.647836
4317006,"2013111113000210","13000219",2013,"MERCER","Trenton City","1/7/2013 0:00","Monday","January","12/31/1899 6:32","1","TRENTON PD","PATROL",0,0,0,0,0,"Property Damage","Not At Intersection","No","No","Pedalcyclist",1,"SOUTHARD ST","NULL",NA,"","11111558",0.36,"Municipal","Straight and Level","Blacktop","Dry","Dusk","Clear","None","None",NA,"NULL","NULL","BRUNSWICK AVE","NULL","","NULL",25,25,0,0,"No","","595",419974.113137,508718.34438,NA,"DVRPC",0,"PDO",13105093,40.2298088,-74.7584573
4317522,"2013111113002620","13002622",2013,"MERCER","Trenton City","3/13/2013 0:00","Wednesday","March","12/31/1899 13:25","1","TRENTON PD","SOUTH",0,0,1,0,0,"Injury","At Intersection","No","No","Pedalcyclist",1,"MERCER COUNTY 606","West",606,"","11000606",NA,"County","Straight and Level","Blacktop","Dry","Daylight","Clear","None","None",NA,"At","NULL","E CANAL ST","NULL","","NULL",25,25,0,0,"No","","413",NA,NA,NA,"DVRPC",0,"Pain",13128955,40.2137214,-74.7557448
4317764,"2013111113003830","13003835",2013,"MERCER","Trenton City","4/15/2013 0:00","Monday","April","12/31/1899 8:22","1","TRENTON PD","PATROL",0,0,1,0,0,"Injury","At Intersection","No","No","Pedalcyclist",1,"MERCER COUNTY 606","NULL",606,"","11000606",0.28,"County","Straight and Level","Blacktop","Dry","Daylight","Clear","Painted Median","NULL",NA,"At","NULL","S CLINTON AVE","NULL","","NULL",25,25,0,0,"No","","414",421182.158925,503027.772164,NA,"DVRPC",0,"Pain",13135504,40.211719,-74.7527549
4317853,"2013111113004570","13004572",2013,"MERCER","Trenton City","5/3/2013 0:00","Friday","May","12/31/1899 10:43","1","TRENTON PD","NORTH",0,0,1,0,0,"Injury","Not At Intersection","No","No","Pedalcyclist",1,"E STATE ST","East",NA,"","",NA,"Private Property","Straight and Level","Blacktop","Dry","Daylight","Clear","None","None",300,"Foot","NULL","N MONTGOMERY ST","NULL","","NULL",25,25,0,0,"No","NONE","498",NA,NA,NA,"DVRPC",0,"Pain",13145388,40.2203391,-74.7618357
4318102,"2013111113005670","13005677",2013,"MERCER","Trenton City","5/29/2013 0:00","Wednesday","May","12/31/1899 12:16","1","TRENTON PD","EAST",0,0,1,0,0,"Injury","Not At Intersection","No","No","Pedalcyclist",1,"S BROAD ST","North",NA,"","",NA,"Municipal","Straight and Level","Blacktop","Dry","Daylight","Clear","None","None",40,"Foot","NULL","DYE ST","NULL","","NULL",25,25,0,0,"No","","596",NA,NA,NA,"DVRPC",0,"Pain",13513267,40.20832,-74.753199
4318104,"2013111113005680","13005680",2013,"MERCER","Trenton City","5/29/2013 0:00","Wednesday","May","12/31/1899 14:08","1","TRENTON PD","PATROL",0,0,1,0,0,"Injury","At Intersection","No","No","Pedalcyclist",1,"MERCER COUNTY 635","West",635,"","11000635",0.19,"County","Straight and Level","Blacktop","Dry","Daylight","Clear","Curbed Median","None",NA,"At","NULL","CHESTNUT AVE / RAUL WALLENBERG AVE","NULL","","NULL",25,25,0,0,"No","","555",421783.769987,505695.295713,NA,"DVRPC",0,"Moderate Injury",13513265,40.2214575,-74.7518553
4318377,"2013111113007030","13007039",2013,"MERCER","Trenton City","7/2/2013 0:00","Tuesday","July","12/31/1899 14:08","1","TRENTON PD","PATROL",0,0,0,0,0,"Property Damage","At Intersection","No","No","Pedalcyclist",1,"FEDERAL ST","South",NA,"","11111532",0.28,"Municipal","Straight and Level","Blacktop","Dry","Daylight","Clear","None","None",NA,"At","NULL","SECOND ST","NULL","","NULL",25,25,0,0,"No","","596",420138.1,500981.17,NA,"DVRPC",0,"PDO",13509400,40.208542,-74.757748
4318380,"2013111113007050","13007052",2013,"MERCER","Trenton City","7/2/2013 0:00","Tuesday","July","12/31/1899 19:53","1","TRENTON PD","PATROL",0,0,1,0,1,"Injury","At Intersection","No","No","Pedalcyclist",1,"FERRY ST","East",NA,"","11111531",0.3,"Municipal","Straight and Level","Blacktop","Wet","Dark (Street Lights On/ continuous)","Rain","None","None",NA,"At","NULL","S BROAD ST","NULL","","NULL",25,25,0,0,"No","36'' BLACK BIKE JAHMEL - GLANTON 10 JERSEY ST  TRENTON  NJ 08611","603",419664.21,502705.95,NA,"DVRPC",1,"Pain",13509387,40.2132814,-74.759464
4318592,"2013111113008230","13008231",2013,"MERCER","Trenton City","7/29/2013 0:00","Monday","July","12/31/1899 19:30","1","TRENTON PD","EAST",0,0,1,0,0,"Injury","At Intersection","No","No","Pedalcyclist",1,"HUDSON ST","East",NA,"","",NA,"Municipal","Straight and Level","Blacktop","Dry","Daylight","Clear","None","None",NA,"At","NULL","PEARL ST","NULL","","NULL",25,25,0,0,"No","","596",NA,NA,NA,"DVRPC",0,"Pain",13511430,40.2153906,-74.7523279
4318643,"2013111113008500","13008506",2013,"MERCER","Trenton City","8/4/2013 0:00","Sunday","August","12/31/1899 15:34","1","TRENTON PD","EAST",0,0,0,0,0,"Property Damage","At Intersection","No","No","Pedalcyclist",1,"S BROAD ST","NULL",NA,"","",NA,"Municipal","Straight at Hillcrest","Blacktop","Dry","Daylight","Clear","None","None",NA,"At","NULL","CENTRE ST / GREENWOOD AVE","NULL","","NULL",25,25,0,0,"No","","596",NA,NA,NA,"DVRPC",0,"PDO",13502944,40.2038265,-74.741836
4318752,"2013111113009190","13009195",2013,"MERCER","Trenton City","8/20/2013 0:00","Tuesday","August","12/31/1899 19:33","1","TRENTON PD","WEST",0,0,0,0,0,"Property Damage","At Intersection","No","No","Pedalcyclist",1,"JARVIS PL","North",NA,"","",NA,"Municipal","Straight and Level","Blacktop","Dry","Dusk","Clear","None","NULL",NA,"At","NULL","PROSPECT ST","NULL","","NULL",25,25,0,0,"No","","529",NA,NA,NA,"DVRPC",0,"PDO",13305891,40.227506,-74.777109
4318856,"2013111113009750","13009756",2013,"MERCER","Trenton City","9/3/2013 0:00","Tuesday","September","12/31/1899 16:34","1","TRENTON PD","EAST",0,0,0,0,0,"Property Damage","At Intersection","No","No","Pedalcyclist",1,"NJ 129","South",129,"","129",2.14,"State Highway","Straight and Level","Blacktop","Dry","Daylight","Clear","None","None",NA,"At","NULL","CR 606 / HAMILTON AVE","NULL","","NULL",40,25,0,0,"No","","596",420501.763748,502966.212691,NA,"DVRPC",0,"PDO",13305772,40.2135629,-74.7563763
4318954,"2013111113010270","13010273",2013,"MERCER","Trenton City","9/15/2013 0:00","Sunday","September","12/31/1899 16:05","1","TRENTON PD","WEST",0,0,1,0,0,"Injury","At Intersection","Yes","No","Pedalcyclist",1,"MERCER COUNTY 653","West",653,"","11000653",0,"County","Straight and Grade","Blacktop","Dry","Daylight","Clear","None","None",NA,"At","NULL","W STATE ST","NULL","","NULL",25,25,0,0,"No","","331",415379.69,506046.67,NA,"DVRPC",0,"Pain",13301011,40.2224265,-74.7749435
4319034,"2013111113010710","13010718",2013,"MERCER","Trenton City","9/25/2013 0:00","Wednesday","September","12/31/1899 15:57","1","TRENTON PD","SOUTH",0,0,1,0,0,"Injury","At Intersection","No","No","Pedalcyclist",1,"CASS ST","South",NA,"","11111527",0.1,"County","Straight and Level","Blacktop","Dry","Daylight","Clear","Painted Median","None",NA,"At","NULL","CENTRE ST","NULL","","NULL",25,NA,0,0,"No","","609",419732.885008,499772.600002,NA,"DVRPC",0,"Pain",13305830,40.205358,-74.758377
4319043,"2013111113010760","13010764",2013,"MERCER","Trenton City","9/26/2013 0:00","Thursday","September","12/31/1899 12:54","1","TRENTON PD","PATROL",0,0,0,0,0,"Property Damage","Not At Intersection","No","No","Pedalcyclist",1,"MERCER COUNTY 635","West",635,"","11000635",0.95,"County","Straight and Level","Blacktop","Dry","Daylight","Clear","None","None",300,"Foot","West","GARFIELD AVE","NULL","","NULL",25,NA,0,0,"No","","555",425233.689949,507592.629961,NA,"DVRPC",0,"PDO",13305820,40.227304,-74.73869
4319070,"2013111113010930","13010933",2013,"MERCER","Trenton City","9/30/2013 0:00","Monday","September","12/31/1899 19:49","1","TRENTON PD","WEST",0,0,1,0,0,"Injury","At Intersection","No","No","Pedalcyclist",1,"MERCER COUNTY 653","South",653,"","11000653",0.2,"County","Straight and Level","Blacktop","Dry","Dark (Street Lights On/ continuous)","Clear","None","None",NA,"At","NULL","SPRING ST","NULL","","NULL",25,25,0,0,"No","","595",415994,506914.12,NA,"DVRPC",0,"Pain",13305795,40.224792,-74.77266
4319416,"2013111113012600","13012605",2013,"MERCER","Trenton City","11/9/2013 0:00","Saturday","November","12/31/1899 21:57","1","TRENTON PD","EAST",0,0,1,0,1,"Injury","Not At Intersection","No","No","Pedalcyclist",1,"MERCER COUNTY 606","East",606,"","11000606",NA,"County","Straight and Level","Blacktop","Dry","Dark (Street Lights On/ continuous)","Clear","None","None",20,"Foot","East","WASHINGTON ST","NULL","","NULL",25,25,0,0,"No","","565",NA,NA,NA,"DVRPC",1,"Pain",13309903,40.2100134,-74.7397705
4319432,"2013111113012680","13012684",2013,"MERCER","Trenton City","11/11/2013 0:00","Monday","November","12/31/1899 15:07","1","TRENTON PD","WEST",0,0,1,0,1,"Injury","Not At Intersection","No","No","Pedalcyclist",1,"STUYVESANT AVE","North",NA,"","11111568",0.33,"Municipal","Straight and Level","Blacktop","Dry","Daylight","Clear","None","None",25,"Foot","NULL","CHRISTOPH ST","NULL","","NULL",25,25,0,0,"No","","331",414176.353277,510148.624043,NA,"DVRPC",1,"Moderate Injury",13309920,40.23364,-74.779177
4320416,"20131112I-2013-014012","I-2013-014012",2013,"MERCER","Washington Twp  (Mercer Co)","7/10/2013 0:00","Wednesday","July","12/31/1899 8:03","1","ROBBINSVILLE TWP PD","",0,0,1,0,0,"Injury","Not At Intersection","No","No","Pedalcyclist",1,"ROUTE 526","West",526,"","526",6.63,"County","Straight and Level","Blacktop","Dry","Daylight","Clear","None","None",100,"Foot","East","NJ 33","NULL","","NULL",35,45,0,0,"No","","537",457096.913991,504108.534714,NA,"DVRPC",0,"Pain",13513773,40.2175912,-74.6261004
4320741,"2013111313-8896","13-8896",2013,"MERCER","West Windsor Township","4/3/2013 0:00","Wednesday","April","12/31/1899 17:30","1","WEST WINDSOR TWP PD","2013-8896",0,0,1,0,0,"Injury","Not At Intersection","No","No","Pedalcyclist",1,"PRINCETON JUNCTION TRAIN STATION","NULL",NA,"","",NA,"State/Interstate Authority","Straight and Level","Blacktop","Dry","Dusk","Clear","Curbed Median","None",NA,"NULL","NULL","STATION DRIVE PAY LOT","NULL","","NULL",NA,NA,0,0,"No","SCHRODER BICYCLE","588",NA,NA,NA,"DVRPC",0,"Moderate Injury",13129604,40.3130501,-74.6213042
4321066,"201311132013-10568","2013-10568",2013,"MERCER","West Windsor Township","4/21/2013 0:00","Sunday","April","12/31/1899 15:58","1","WEST WINDSOR TWP PD","2013-10568",0,0,2,0,0,"Injury","At Intersection","No","No","Pedalcyclist",1,"ASCOT CRESENT","West",NA,"","",NA,"Municipal","Straight and Level","Blacktop","Dry","Daylight","Clear","Curbed Median","None",NA,"At","NULL","BEAR BROOK RD.","NULL","","NULL",25,35,0,0,"No","KENT DUAL DRIVE 2 PERSON BICYCLE SERIAL#:L120706354","582",NA,NA,NA,"DVRPC",0,"Pain",13143122,40.3059963,-74.6487206
4321076,"201311132013-10808","2013-10808",2013,"MERCER","West Windsor Township","4/24/2013 0:00","Wednesday","April","12/31/1899 8:31","1","WEST WINDSOR TWP PD","2013-1 0808",0,0,1,0,0,"Injury","At Intersection","No","No","Pedalcyclist",1,"MERCER COUNTY 638","West",638,"","11000638",3.47,"County","Straight and Level","Blacktop","Dry","Daylight","Clear","None","None",NA,"At","NULL","N POST RD","NULL","","NULL",45,40,0,0,"No","","596",455101.134447,535728.011449,NA,"DVRPC",0,"Pain",13143116,40.304165,-74.63212
4321330,"201311132013-17747","2013-17747",2013,"MERCER","West Windsor Township","7/3/2013 0:00","Wednesday","July","12/31/1899 16:10","1","WEST WINDSOR TWP PD","2013-17747",0,0,1,0,0,"Injury","At Intersection","No","No","Pedalcyclist",1,"ALEXANDER RD","West",NA,"","11131424",0.37,"Municipal","Straight and Level","Blacktop","Dry","Daylight","Clear","None","None",NA,"At","NULL","VAUGHN DRIVE","NULL","","NULL",35,25,0,0,"No","","578",455155.29715,540004.306606,NA,"DVRPC",0,"Pain",13201637,40.3158328,-74.6324898
4321671,"201311132013-27386","2013-27386",2013,"MERCER","West Windsor Township","10/17/2013 0:00","Thursday","October","12/31/1899 8:13","1","WEST WINDSOR TWP PD","2013-27386",0,0,0,0,0,"Property Damage","Not At Intersection","No","No","Pedalcyclist",1,"PRINCETON JUNCTION TRAIN STATION","NULL",NA,"","",NA,"Mun Auth","Straight and Level","Blacktop","Dry","Daylight","Clear","None","None",NA,"NULL","NULL","WALLACE PERMIT LOT","NULL","","NULL",NA,NA,0,0,"No","","431",NA,NA,NA,"DVRPC",0,"PDO",13253036,40.3130501,-74.6213042
4322106,"2013111413-01162","13-01162",2013,"MERCER","Princeton Township","1/11/2013 0:00","Friday","January","12/31/1899 19:22","1","PRINCETON PD","",0,0,1,0,0,"Injury","At Intersection","No","No","Pedalcyclist",1,"S HARRISON ST","NULL",NA,"","11091239",0.04,"Municipal","Straight and Level","Blacktop","Wet","Dark (Street Lights On/ continuous)","Rain","None","None",NA,"At","NULL","PROSPECT AVENUE","NULL","","NULL",25,25,0,0,"No","","49",452172.842145,552854.610472,NA,"DVRPC",0,"Moderate Injury",13103300,40.3510086,-74.6432506
4322266,"2013111413-18998","13-18998",2013,"MERCER","Princeton Township","6/29/2013 0:00","Saturday","June","12/31/1899 17:47","1","PRINCETON PD","",0,0,1,0,0,"Injury","Not At Intersection","No","No","Pedalcyclist",1,"UNIVERSITY PLACE","NULL",NA,"","",NA,"Municipal","Straight and Level","Blacktop","Dry","Daylight","Clear","None","Construction Zone",150,"Foot","East","ALEXANDER ROAD","NULL","","NULL",25,25,0,0,"No","","50",NA,NA,NA,"DVRPC",0,"Moderate Injury",13182741,40.3251947,-74.6415892
4322297,"2013111413-20693","13-20693",2013,"MERCER","Princeton Township","7/17/2013 0:00","Wednesday","July","12/31/1899 10:05","1","PRINCETON PD","",0,0,1,0,0,"Injury","Not At Intersection","No","No","Pedalcyclist",1,"MACLEAN ST","NULL",NA,"","11091019",0.109,"Municipal","Straight and Level","Blacktop","Dry","Daylight","Clear","None","None",3,"Foot","West","WITHERSPOON ST.","NULL","","NULL",25,25,0,0,"No","","36",447021.443875,554080.194634,NA,"DVRPC",0,"Moderate Injury",13212666,40.3544833,-74.6618212
4322385,"2013111413-26224","13-26224",2013,"MERCER","Princeton Township","9/19/2013 0:00","Thursday","September","12/31/1899 7:27","1","PRINCETON PD","",0,0,0,0,0,"Property Damage","At Intersection","No","No","Pedalcyclist",1,"NORTH HARRISON ST","NULL",NA,"","",NA,"Municipal","Straight and Level","Blacktop","Dry","Daylight","Clear","None","None",NA,"At","NULL","TERHUNE RD.","NULL","","NULL",30,30,0,0,"No","","36",NA,NA,NA,"DVRPC",0,"PDO",13227842,40.36586,-74.6542581
4322441,"2013111413-29271","13-29271",2013,"MERCER","Princeton Township","10/20/2013 0:00","Sunday","October","12/31/1899 9:25","1","PRINCETON PD","",0,0,1,0,0,"Injury","At Intersection","No","No","Pedalcyclist",1,"FITZRANDOLPH ROAD","NULL",NA,"","",NA,"Private Property","Straight and Level","Blacktop","Dry","Daylight","Clear","None","None",NA,"At","NULL","WESTERN WAY","NULL","","NULL",NA,25,0,0,"No","NONE","42",NA,NA,NA,"DVRPC",0,"Pain",13252042,40.3482084,-74.6466705
4322445,"2013111413-29384","13-29384",2013,"MERCER","Princeton Township","10/21/2013 0:00","Monday","October","12/31/1899 16:41","1","PRINCETON PD","",0,0,1,0,0,"Injury","At Intersection","No","No","Pedalcyclist",1,"LEIGH AVENUE","NULL",NA,"","",NA,"Municipal","Straight and Level","Blacktop","Dry","Daylight","Clear","None","None",NA,"At","NULL","JOHN STREET","NULL","","NULL",25,20,0,0,"No","","19",NA,NA,NA,"DVRPC",0,"Pain",13257466,40.356097,-74.664866
4322504,"2013111413-31457","13-31457",2013,"MERCER","Princeton Township","11/13/2013 0:00","Wednesday","November","12/31/1899 15:16","1","PRINCETON PD","",0,0,1,0,0,"Injury","At Intersection","No","No","Pedalcyclist",1,"HAMILTON AVENUE","NULL",NA,"","",NA,"Municipal","Straight and Level","Blacktop","Dry","Daylight","Clear","None","None",NA,"At","NULL","LINDEN LANE","NULL","","NULL",25,25,0,0,"No","","14",NA,NA,NA,"DVRPC",0,"Moderate Injury",13276241,40.3561998,-74.6504472
4322550,"2013111413-33015","13-33015",2013,"MERCER","Princeton Township","12/1/2013 0:00","Sunday","December","12/31/1899 13:34","1","PRINCETON PD","",0,0,1,0,0,"Injury","At Intersection","No","No","Pedalcyclist",1,"NORTH HARRISON STREET","NULL",NA,"","",NA,"Municipal","Straight and Grade","Blacktop","Dry","Daylight","Clear","None","None",NA,"At","NULL","HORNOR LANE","NULL","","NULL",25,25,0,0,"No","","#38",NA,NA,NA,"DVRPC",0,"Pain",13283535,40.3576311,-74.6483951
4322573,"2013111413-33945","13-33945",2013,"MERCER","Princeton Township","12/12/2013 0:00","Thursday","December","12/31/1899 10:35","1","PRINCETON PD","",0,0,1,0,0,"Injury","At Intersection","No","No","Pedalcyclist",1,"VANDEVENTER AVENUE","NULL",NA,"","",NA,"Municipal","Straight and Grade","Blacktop","Dry","Daylight","Clear","None","None",NA,"At","NULL","PARK PLACE","NULL","","NULL",25,25,0,0,"No","","16",NA,NA,NA,"DVRPC",0,"Pain",13292026,40.3513653,-74.6576692
4322737,"201311142013-15077","2013-15077",2013,"MERCER","Princeton Township","5/21/2013 0:00","Tuesday","May","12/31/1899 16:46","1","PRINCETON PD","",0,0,1,0,0,"Injury","At Intersection","No","No","Pedalcyclist",1,"BIRCH AVE","NULL",NA,"","11101160",0.25,"Municipal","Straight and Level","Blacktop","Dry","Daylight","Clear","None","None",NA,"At","NULL","JOHN STREET","NULL","","NULL",25,20,0,0,"No","","41",446095.500045,554899.120085,NA,"DVRPC",0,"Pain",13155094,40.356724,-74.66517
4322758,"201311142013-17878","2013-17878",2013,"MERCER","Princeton Township","6/17/2013 0:00","Monday","June","12/31/1899 15:29","1","PRINCETON PD","",0,0,1,0,0,"Injury","At Intersection","No","No","Pedalcyclist",1,"NORTH HARRISON ST","NULL",NA,"","",NA,"Municipal","Straight and Level","Blacktop","Dry","Daylight","Clear","None","None",NA,"At","NULL","VALLEY RD.","NULL","","NULL",25,25,0,0,"No","NONE","45",NA,NA,NA,"DVRPC",0,"Moderate Injury",13175513,40.3641533,-74.6531998
4322811,"201311142013-26539","2013-26539",2013,"MERCER","Princeton Township","9/22/2013 0:00","Sunday","September","12/31/1899 15:25","1","PRINCETON PD","",0,0,1,0,0,"Injury","Not At Intersection","No","No","Pedalcyclist",1,"NJ 27","NULL",27,"","27",0.18,"State Highway","Straight and Level","Blacktop","Dry","Daylight","Clear","None","None",20,"Foot","West","PALMER SQ W","NULL","","NULL",25,25,0,0,"No","","29",447211.842271,552183.694427,NA,"DVRPC",0,"Moderate Injury",13238441,40.3498405,-74.6616721
4617268,"2004110104-17248","04-17248",2004,"MERCER","East Windsor Township","12/2/2004 0:00","Thursday","December","12/31/1899 17:40","1","EAST WINDSOR","TRAFFIC",0,0,1,0,0,"Injury","At Intersection","No","No","Pedalcyclist",1,"DUTCH NECK RD","NULL",NA,"","",NA,"Municipal","Straight and Level","Blacktop","Dry","Dark (Street Lights On/ continuous)","Clear","None","None",NA,"At","NULL","OAK CREEK ROAD","NULL","","NULL",35,NA,0,0,"No","","45",NA,NA,NA,"DVRPC",0,"Moderate Injury",4304863,40.2714634,-74.5572099
4618143,"20041102T2004-1103","T2004-1103",2004,"MERCER","Ewing Township","11/20/2004 0:00","Saturday","November","12/31/1899 2:05","1","EWING","P-1",0,0,1,0,0,"Injury","At Intersection","No","No","Pedalcyclist",1,"MERCER COUNTY 634","NULL",634,"","11000634",NA,"County","Straight and Level","Blacktop","Wet","Dark (Street Lights On/ continuous)","Rain","None","None",NA,"At","NULL","KELSEY AVE","NULL","","NULL",30,NA,0,0,"No","NONE","158",NA,NA,NA,"DVRPC",0,"Pain",4289750,40.236413,-74.7687361
4618617,"20041102T2004-453","T2004-453",2004,"MERCER","Ewing Township","5/16/2004 0:00","Sunday","May","12/31/1899 16:06","1","EWING TWP","P-4",0,0,0,0,0,"Property Damage","Not At Intersection","No","No","Pedalcyclist",1,"1600 N OLDEN AVE (CVS)","NULL",NA,"","",NA,"Private Property","Straight and Grade","Blacktop","Dry","Daylight","Clear","None","None",NA,"NULL","NULL","","NULL","","NULL",40,NA,0,0,"No","","108",NA,NA,NA,"DVRPC",0,"PDO",4114403,40.2447288,-74.7587665