"ID","DOT_WEB_ID","CASE_NUMBER","CRASH_YEAR","COUNTY","MUNICIPALITY","CRASH_DATE","CRASH_DAY_OF_WEEK","CRASH_MONTH","CRASH_TIME","POLICE_DEPT_CODE","POLICE_DEPARTMENT","POLICE_STATION","TOTAL_KILLED","TOTAL_INCAPACITATED","TOTAL_INJURED","PEDESTRIANS_KILLED","PEDESTRIANS_INJURED","SEVERITY","INTERSECTION","ALCOHOL_INVOLVED","HAZMAT_INVOLVED","CRASH_TYPE","TOTAL_VEHICLES_INVOLVED","CRASH_LOCATION","LOCATION_DIRECTION","ROUTE","ROUTE_SUFFIX","SRI","MILEPOST","ROAD_SYSTEM","ROAD_CHARACTER","ROAD_SURFACE_TYPE","SURFACE_CONDITION","LIGHT_CONDITION","ENVIRONMENTAL_CONDITION","ROAD_DIVIDED_BY","TEMP_TRAFFIC_CONTROL_ZONE","DISTANCE_TO_CROSS_STREET","UNIT_OF_MEASUREMENT","DIRECTION_FROM_CROSS_STREET","CROSS_STREET_NAME","IS_RAMP","RAMP_TO_FROM_ROUTE_NAME","RAMP_TO_FROM_ROUTE_DIRECTION","POSTED_SPEED","POSTED_SPEED_CROSS_STREET","LATITUDE","LONGITUDE","CELL_PHONE_IN_USE","OTHER_PROPERTY_DAMAGE","REPORTING_BADGE_NO","X","Y","CRASH_NARRATIVE","MPO","TOTAL_PEDESTRIANS_INVOLVED","EPDO","DLN","LatitudeGeocoded","LongitudeGeocoded"
4619064,"20041102T2004-922","T2004-922",2004,"MERCER","Ewing Township","10/7/2004 0:00","Thursday","October","12/31/1899 7:39","1","EWING POLICE","T-1",0,0,1,0,0,"Injury","Not At Intersection","No","No","Pedalcyclist",1,"BEECHWOOD AVE","NULL",NA,"","",NA,"Municipal","Straight and Level","Blacktop","Dry","Daylight","Clear","None","None",3,"Foot","South","RT 634","NULL","","NULL",25,NA,0,0,"No","NONE","128",NA,NA,NA,"DVRPC",0,"Pain",4241908,40.245633,-74.7840293
4619653,"2004110304-18962","04-18962",2004,"MERCER","Hamilton Twp (Mercer Co)","5/10/2004 0:00","Monday","May","12/31/1899 10:01","1","HAMILTON","",0,0,1,0,0,"Injury","At Intersection","No","No","Pedalcyclist",1,"DEACON DR","NULL",NA,"","",NA,"Municipal","Curve and Level","Blacktop","Dry","Daylight","Clear","None","None",NA,"At","NULL","LIONS RD.","NULL","","NULL",25,NA,0,0,"No","NONE","302",NA,NA,NA,"DVRPC",0,"Moderate Injury",4103164,40.250186,-74.676704
4619669,"2004110304-19197","04-19197",2004,"MERCER","Hamilton Twp (Mercer Co)","5/11/2004 0:00","Tuesday","May","12/31/1899 19:19","1","HAMILTON TWP","",0,0,0,0,0,"Property Damage","At Intersection","No","No","Pedalcyclist",1,"BOWHILL AVENUE","NULL",NA,"","11031994",0.53,"Municipal","Straight and Level","Blacktop","Dry","Daylight","Clear","None","Utility Zone",NA,"At","NULL","MARSHALL AVENUE","NULL","","NULL",25,NA,0,0,"No","NONE","286",425890.48993,497251.520157,NA,"DVRPC",0,"PDO",4103141,40.198334,-74.73712
4619751,"2004110304-20718","04-20718",2004,"MERCER","Hamilton Twp (Mercer Co)","5/21/2004 0:00","Friday","May","12/31/1899 14:38","1","HAMILTON","",0,0,1,0,0,"Injury","At Intersection","No","No","Pedalcyclist",1,"MERCER COUNTY 606","NULL",606,"","11000606",2.67,"County","Straight and Level","Blacktop","Dry","Daylight","Clear","None","None",NA,"At","NULL","","NULL","","NULL",35,NA,0,0,"No","NONE","302",432948.401718,507671.718144,NA,"DVRPC",0,"Pain",4113373,40.2309554,-74.7057543
4619830,"2004110304-22138","04-22138",2004,"MERCER","Hamilton Twp (Mercer Co)","5/29/2004 0:00","Saturday","May","12/31/1899 20:03","1","HAMILTON TWSP","",0,0,1,0,0,"Injury","Not At Intersection","No","No","Pedalcyclist",1,"MCADOO AVE","NULL",NA,"","",NA,"Municipal","Straight and Level","Blacktop","Dry","Dusk","Clear","None","None",10,"Foot","South","BAKER AVE","NULL","","NULL",25,NA,0,0,"No","","364",NA,NA,NA,"DVRPC",0,"Moderate Injury",4136630,40.239265,-74.677998
4620490,"2004110304-35883","04-35883",2004,"MERCER","Hamilton Twp (Mercer Co)","8/25/2004 0:00","Wednesday","August","12/31/1899 7:22","1","HAMILTON","",0,0,1,0,0,"Injury","At Intersection","No","No","Pedalcyclist",1,"MERCER COUNTY 619","NULL",619,"","11000619",1.48,"County","Straight and Level","Blacktop","Dry","Daylight","Clear","None","None",NA,"At","NULL","","NULL","","NULL",40,NA,0,0,"No","NONE","330",431646.18,505234.3,NA,"DVRPC",0,"Pain",4217272,40.2309554,-74.7057543
4620762,"2004110304-41126","04-41126",2004,"MERCER","Hamilton Twp (Mercer Co)","9/27/2004 0:00","Monday","September","12/31/1899 14:44","1","HAMILTON TWP","",0,0,1,0,0,"Injury","At Intersection","No","No","Pedalcyclist",1,"MERCER COUNTY 606","NULL",606,"","11000606",2.29,"County","Straight and Level","Blacktop","Dry","Daylight","Clear","None","None",NA,"At","East","","NULL","","NULL",35,NA,0,0,"No","?","412",431234.225451,506601.803017,NA,"DVRPC",0,"Pain",4236617,40.2309554,-74.7057543
4620766,"2004110304-41205","04-41205",2004,"MERCER","Hamilton Twp (Mercer Co)","9/27/2004 0:00","Monday","September","12/31/1899 20:30","1","HAMILTON","",0,0,1,0,0,"Injury","Not At Intersection","No","No","Pedalcyclist",1,"MERCER COUNTY 620","NULL",620,"","11000620",1.98,"County","Straight and Grade","Blacktop","Dry","Dark (Street Lights On/ continuous)","Clear","None","None",50,"Foot","North","","NULL","","NULL",40,NA,0,0,"No","NONE","375",432212.26,500172.6,NA,"DVRPC",0,"Moderate Injury",4236616,40.22771,-74.6692043
4620910,"2004110304-43773","04-43773",2004,"MERCER","Hamilton Twp (Mercer Co)","10/13/2004 0:00","Wednesday","October","12/31/1899 18:00","1","HAMILTON","",0,0,1,0,0,"Injury","Not At Intersection","No","No","Pedalcyclist",1,"4680 NOTTINGHAM WAY","NULL",NA,"","",NA,"Private Property","Straight and Level","Blacktop","Dry","Dusk","Clear","Grass Median","None",NA,"NULL","NULL","","NULL","","NULL",NA,NA,0,0,"No","","302",NA,NA,NA,"DVRPC",0,"Pain",4268131,40.221781,-74.638075
4621679,"2004110304-7004","Apr-04",2004,"MERCER","Hamilton Twp (Mercer Co)","2/20/2004 0:00","Friday","February","12/31/1899 21:09","1","HAMILTON TWP.","",0,0,1,0,0,"Injury","Not At Intersection","No","No","Pedalcyclist",1,"SLOAN AVE","NULL",NA,"","",NA,"Municipal","Straight and Grade","Blacktop","Dry","Dark (Street Lights On/ continuous)","Clear","None","None",200,"Foot","East","KLOCKNER RD.","NULL","","NULL",45,NA,0,0,"No","","322",NA,NA,NA,"DVRPC",0,"Moderate Injury",4052190,40.2523393,-74.7050886
4623897,"2004110704023100","4023101",2004,"MERCER","Lawrence Twp (Mercer Co)","5/24/2004 0:00","Monday","May","12/31/1899 11:43","1","LAWRENCE TWP.","04-023101",0,0,0,0,0,"Property Damage","Not At Intersection","No","No","Pedalcyclist",1,"US 1 BUSINESS","NULL",1,"B","00000001B",1.81,"State Highway","Straight and Level","Blacktop","Dry","Daylight","Clear","Barrier Median","None",0,"Mile","North","TEXAS AVENUE","NULL","","NULL",55,NA,0,0,"No","NONE","162",429637.811167,519828.132368,NA,"DVRPC",0,"PDO",4137020,40.2597989,-74.7247098
4625038,"2004110904-16274","04-16274",2004,"MERCER","Princeton Borough","10/1/2004 0:00","Friday","October","12/31/1899 15:31","1","PRINCETON BORO","",0,0,1,0,0,"Injury","Not At Intersection","No","No","Pedalcyclist",1,"VANDEVENTER AVE","NULL",NA,"","",NA,"Municipal","Straight at Hillcrest","Blacktop","Dry","Daylight","Clear","None","None",3,"Foot","South","WIGGINS STREET","NULL","","NULL",25,NA,0,0,"No","NONE","113",NA,NA,NA,"DVRPC",0,"Pain",4268783,40.3528242,-74.6583989
4625071,"2004110904-18193","04-18193",2004,"MERCER","Princeton Borough","11/11/2004 0:00","Thursday","November","12/31/1899 20:47","1","PRINCETON BORO","",0,0,1,0,0,"Injury","Not At Intersection","No","No","Pedalcyclist",1,"OLDEN ST","NULL",NA,"","",NA,"Municipal","Straight and Level","Blacktop","Dry","Dark (Street Lights On/ continuous)","Clear","None","None",250,"Foot","North","PROSPECT AVE","NULL","","NULL",25,NA,0,0,"No","","137",NA,NA,NA,"DVRPC",0,"Moderate Injury",4281601,40.348886,-74.651101
4625079,"2004110904-18818","04-18818",2004,"MERCER","Princeton Borough","11/20/2004 0:00","Saturday","November","12/31/1899 17:15","1","PRINCETON BORO","",0,0,1,0,0,"Injury","At Intersection","No","No","Pedalcyclist",1,"PROSPECT AVE","NULL",NA,"","",NA,"Municipal","Straight and Level","Blacktop","Dry","Dark (Street Lights On/ continuous)","Clear","None","None",NA,"At","NULL","BROADMEAD","NULL","","NULL",25,NA,0,0,"No","","124",NA,NA,NA,"DVRPC",0,"Moderate Injury",4290776,40.3502581,-74.6459984
4625186,"2004110904-6680","Apr-80",2004,"MERCER","Princeton Borough","4/7/2004 0:00","Wednesday","April","12/31/1899 18:23","1","PRINCETON BORO","",0,0,1,0,0,"Injury","Not At Intersection","No","No","Pedalcyclist",1,"HARRISON STREET","NULL",NA,"","",NA,"Municipal","Straight and Level","Concrete","Dry","Dusk","Clear","None","None",100,"Foot","North","NJ 27","NULL","","NULL",NA,NA,0,0,"No","","119",NA,NA,NA,"DVRPC",0,"Pain",4076414,40.3539545,-74.6455326
4625311,"2004111004-11226","04-11226",2004,"MERCER","Princeton Township","8/28/2004 0:00","Saturday","August","12/31/1899 9:52","1","PRINCETON TWP","",0,0,1,0,0,"Injury","At Intersection","No","No","Pedalcyclist",1,"CHERRY VALLEY RD","NULL",NA,"","11101018",NA,"Municipal","Straight and Level","Blacktop","Dry","Daylight","Clear","None","None",NA,"At","NULL","GREAT ROAD","NULL","","NULL",35,NA,0,0,"No","","80",NA,NA,NA,"DVRPC",0,"Pain",4199076,40.3808546,-74.6979121
4625337,"2004111004-12143","04-12143",2004,"MERCER","Princeton Township","9/16/2004 0:00","Thursday","September","12/31/1899 8:59","1","PRINCETON TWP.","",0,0,1,0,0,"Injury","At Intersection","No","No","Pedalcyclist",1,"MT LUCAS RD","NULL",NA,"","",NA,"Municipal","Straight and Level","Blacktop","Dry","Daylight","Clear","None","None",NA,"At","NULL","HERRONTOWN RD.","NULL","","NULL",25,NA,0,0,"No","","181",NA,NA,NA,"DVRPC",0,"Pain",4221216,40.3871649,-74.6531593
4625624,"2004111004-7656","Apr-56",2004,"MERCER","Princeton Township","6/7/2004 0:00","Monday","June","12/31/1899 13:38","1","PRINCETON TWP","",0,0,1,0,0,"Injury","At Intersection","No","No","Pedalcyclist",1,"193 NORTH HARRISON STREET","NULL",NA,"","",NA,"Private Property","Straight and Level","Blacktop","Dry","Daylight","Clear","None","None",0,"At","North","FRANKLIN AVENUE","NULL","","NULL",NA,NA,0,0,"No","","206",NA,NA,NA,"DVRPC",0,"Moderate Injury",4132475,40.3591268,-74.649593
4625662,"2004111004-8984","Apr-84",2004,"MERCER","Princeton Township","7/9/2004 0:00","Friday","July","12/31/1899 10:19","1","PRINCETON TWP.","",0,0,1,0,0,"Injury","Not At Intersection","No","No","Pedalcyclist",1,"JOHN ST","NULL",NA,"","",NA,"Municipal","Straight and Level","Blacktop","Dry","Daylight","Clear","None","None",2,"Foot","North","BIRCH AVENUE","NULL","","NULL",25,NA,0,0,"No","","146",NA,NA,NA,"DVRPC",0,"Pain",4158481,40.356724,-74.66517
4625766,"20041111004-04001576","004-04001576",2004,"MERCER","Trenton City","1/4/2004 0:00","Sunday","January","12/31/1899 19:04","","TRENTON","PATROL",0,0,0,0,0,"Property Damage","At Intersection","No","No","Pedalcyclist",1,"NJ 129","NULL",129,"","129",1.61,"State Highway","Straight and Level","Blacktop","Wet","Dark (Street Lights On/ continuous)","Rain","Curbed Median","None",NA,"At","NULL","CASS STREET","NULL","","NULL",45,NA,0,0,"No","","547",420997.20784,500170.371322,NA,"DVRPC",0,"PDO",4000239,40.2059759,-74.7546094
4626800,"20041111094-04041603","094-04041603",2004,"MERCER","Trenton City","4/3/2004 0:00","Saturday","April","12/31/1899 10:10","1","TRENTON","OPERATIONS",0,0,1,0,0,"Injury","At Intersection","No","No","Pedalcyclist",1,"MERCER COUNTY 653","NULL",653,"","11000653",0,"County","Straight and Grade","Blacktop","Wet","Daylight","Clear","None","None",NA,"At","NULL","CALHOUN STS.","NULL","","NULL",NA,NA,0,0,"No","","381",415379.69,506046.67,NA,"DVRPC",0,"Pain",4067220,40.229881,-74.7677148
4626966,"2.00411111080904E+018","10809048506",2004,"MERCER","Trenton City","4/17/2004 0:00","Saturday","April","12/31/1899 20:55","1","TRENTON","225 N. CLINTON?",0,0,1,0,0,"Injury","Not At Intersection","No","No","Pedalcyclist",1,"ANDERSON ST","NULL",NA,"","",NA,"Municipal","Straight and Level","Blacktop","Dry","Dark (Street Lights On/ continuous)","Clear","None","None",5,"Foot","West","RT 206","NULL","","NULL",25,NA,0,0,"No","NONE","243",NA,NA,NA,"DVRPC",0,"Pain",4079423,40.2043407,-74.7436738
4627088,"20041111118-04053552","118-04053552",2004,"MERCER","Trenton City","4/27/2004 0:00","Tuesday","April","12/31/1899 19:55","1","TRENTON","OPERATION",0,0,1,0,0,"Injury","At Intersection","No","No","Pedalcyclist",1,"GRAND ST","NULL",NA,"","11111534",0.34,"Municipal","NULL","NULL","NULL","NULL","NULL","NULL","NULL",NA,"At","NULL","ELM STREET","NULL","","NULL",25,NA,0,0,"No","NONE","318",423262.608349,499271.162491,NA,"DVRPC",0,"Pain",4086082,40.2038409,-74.7464174
4627100,"20041111119-04053946","119-04053946",2004,"MERCER","Trenton City","4/28/2004 0:00","Wednesday","April","12/31/1899 16:45","1","TRENTON","OPERATIONS",0,0,1,0,0,"Injury","Not At Intersection","No","No","Pedalcyclist",1,"S CLINTON AVE","NULL",NA,"","11031969",3.31,"Municipal","Straight and Level","Blacktop","Dry","Daylight","Clear","None","None",40,"Foot","South","TYLER STREET","NULL","","NULL",NA,NA,0,0,"No","","427",421095.716238,503518.500173,NA,"DVRPC",0,"Moderate Injury",4089383,40.2156708,-74.7543694
4627133,"20041111122-04055460","122-04055460",2004,"MERCER","Trenton City","5/1/2004 0:00","Saturday","May","12/31/1899 16:40","1","TRENTON","OPERATIONS",0,0,0,0,0,"Property Damage","Not At Intersection","No","No","Pedalcyclist",1,"SOUTH COOK AVE","NULL",NA,"","11111127",0.451,"Municipal","Straight and Level","Blacktop","Dry","Daylight","Clear","Other","None",50,"Foot","South","WALNUT AVENUE","NULL","","NULL",25,NA,0,0,"No","","***",424477.960012,506521.319963,NA,"DVRPC",0,"PDO",4096321,40.223907,-74.74239
4627220,"2.00411111290405E+018","12904059013",2004,"MERCER","Trenton City","5/8/2004 0:00","Saturday","May","12/31/1899 17:58","1","TRENTON PD","OPERATION",0,0,0,0,0,"Property Damage","At Intersection","No","No","Pedalcyclist",1,"US 206","NULL",206,"","206",43.63,"Municipal","Straight and Level","Blacktop","Dry","Daylight","Clear","None","None",NA,"At","NULL","SOUTHARD STREET","NULL","","NULL",NA,NA,0,0,"No","","341",419859.67234,508650.70941,NA,"DVRPC",0,"PDO",4097713,40.232128,-74.760626
4627253,"2004111113204-060680","13204-060680",2004,"MERCER","Trenton City","5/11/2004 0:00","Tuesday","May","12/31/1899 21:25","1","TRENTON","PATROL",0,0,0,0,0,"Property Damage","At Intersection","No","No","Pedalcyclist",1,"NORTH WILLOW ST","NULL",NA,"","",NA,"Municipal","Straight and Level","Blacktop","Dry","Dark (Street Lights On/ continuous)","Clear","None","None",NA,"At","NULL","KIRKBRIDE AVENUE","NULL","","NULL",25,NA,0,0,"No","","***",NA,NA,NA,"DVRPC",0,"PDO",4107322,40.235614,-74.759169
4627332,"20041111138-04063449","138-04063449",2004,"MERCER","Trenton City","5/17/2004 0:00","Monday","May","12/31/1899 15:35","**","TRENTON","OPERATIONS",0,0,0,0,0,"Property Damage","At Intersection","No","No","Pedalcyclist",1,"ANDERSON ST","NULL",NA,"","11111159",0.27,"Municipal","Straight and Level","Concrete","Dry","Daylight","Clear","None","None",NA,"At","NULL","HEWITT STREET","NULL","","NULL",25,NA,0,0,"No","","283",424563.714229,500774.351518,NA,"DVRPC",0,"PDO",4107375,40.208108,-74.741904
4627353,"20041111140-04062915","140-04062915",2004,"MERCER","Trenton City","5/27/2004 0:00","Thursday","May","12/31/1899 20:40","1","TRENTON","OPERATIONS",0,0,1,0,0,"Injury","Not At Intersection","No","No","Pedalcyclist",1,"MERCER COUNTY 635","NULL",635,"","11000635",0.8,"County","Straight and Level","Blacktop","Dry","Dark (Street Lights On/ continuous)","Clear","None","None",100,"Foot","West","CUYLER AVENUE","NULL","","NULL",25,NA,0,0,"No","NONE","109",424581.585607,507151.703737,NA,"DVRPC",0,"Pain",4119869,40.225689,-74.74155
4627441,"20041111146-04067764","146-04067764",2004,"MERCER","Trenton City","5/25/2004 0:00","Tuesday","May","12/31/1899 18:03","1","TRENTON","PATROL",0,0,0,0,0,"Property Damage","Not At Intersection","No","No","Pedalcyclist",1,"LAKESIDE DR","NULL",NA,"","11111165",0.147,"Municipal","Straight and Level","Blacktop","Dry","Daylight","Clear","None","None",15,"Foot","West","GENESEE STREET","NULL","","NULL",25,NA,0,0,"No","","***",426006.2,498769.779916,NA,"DVRPC",0,"PDO",4113154,40.202436,-74.736775
4627478,"2004111114?04068915","14?04068915",2004,"MERCER","Trenton City","5/27/2004 0:00","Thursday","May","12/31/1899 20:40","1","TRENTON","OPERATIONS",0,0,1,0,0,"Injury","Not At Intersection","No","No","Pedalcyclist",1,"MERCER COUNTY 635","NULL",635,"","11000635",0.69,"County","Straight and Level","Blacktop","Dry","Dark (Street Lights On/ continuous)","Clear","None","None",100,"Foot","West","SOUTH COOK AVENUE","NULL","","NULL",25,NA,0,0,"No","NONE","109",424100.552748,506832.338959,NA,"DVRPC",0,"Pain",4114348,40.224816,-74.743275
4627576,"20041111157-04073476","157-04073476",2004,"MERCER","Trenton City","6/5/2004 0:00","Saturday","June","12/31/1899 14:00","","TRENTON","PATROL",0,0,0,0,0,"Property Damage","At Intersection","No","No","Pedalcyclist",1,"LIBERTY ST","NULL",NA,"","11112004",0.55,"Municipal","Straight and Level","Blacktop","Dry","Daylight","Clear","None","None",NA,"At","NULL","WILLIAM STREET","NULL","","NULL",25,NA,0,0,"No","","***",424837.95,499977.68,NA,"DVRPC",0,"PDO",4131353,40.2058529,-74.7409057
4627718,"20041111167-04-078525","167-04-078525",2004,"MERCER","Trenton City","6/15/2004 0:00","Tuesday","June","12/31/1899 9:00","1","TRENTON","OPERATIONS 1ST?",0,0,1,0,0,"Injury","At Intersection","No","No","Pedalcyclist",1,"MARKET STREET","NULL",NA,"","11111526",0.52,"Municipal","Straight and Level","Blacktop","Dry","Daylight","Clear","Curbed Median","None",NA,"At","NULL","STOCKTON STREET","NULL","","NULL",25,NA,0,0,"No","","***",419488.399139,503979.463775,NA,"DVRPC",0,"Pain",4134897,40.2172775,-74.7592327
4627725,"20041111168-04079244","168-04079244",2004,"MERCER","Trenton City","6/16/2004 0:00","Wednesday","June","12/31/1899 17:19","1","TRENTON","OPERATION B-56",0,0,1,0,0,"Injury","At Intersection","No","No","Pedalcyclist",1,"SOUTHARD ST","NULL",NA,"","11111558",0.46,"Municipal","Straight and Grade","Blacktop","Dry","Daylight","Clear","None","None",NA,"At","NULL","PROCTOR STREET","NULL","","NULL",25,NA,0,0,"No","","162",419673.23,509149.48,NA,"DVRPC",0,"Pain",4134893,40.230967,-74.759519
4627762,"20041111171-04080672","171-04080672",2004,"MERCER","Trenton City","6/19/2004 0:00","Saturday","June","12/31/1899 12:20","1","TRENTON","OPERATIONS",0,0,1,0,0,"Injury","At Intersection","No","No","Pedalcyclist",1,"MERCER COUNTY 606","NULL",606,"","11000606",1.46,"County","Straight and Level","Blacktop","Dry","Daylight","Clear","Other","None",NA,"At","NULL","CR 622","NULL","","NULL",25,NA,0,0,"No","","***",427127.243983,505036.325578,NA,"DVRPC",0,"Pain",4135416,40.21971,-74.732807
4627765,"20041111171-04080756","171-04080756",2004,"MERCER","Trenton City","6/19/2004 0:00","Saturday","June","12/31/1899 16:30","","T.P.D","TRENTON POLICE",0,0,0,0,0,"Property Damage","At Intersection","No","No","Pedalcyclist",1,"MERCER COUNTY 653","NULL",653,"","11000653",0,"County","Curve and Level","Blacktop","Dry","Daylight","Clear","Other","None",NA,"At","NULL","WEST STATE STREET","NULL","","NULL",25,NA,0,0,"No","?","622",415379.69,506046.67,NA,"DVRPC",0,"PDO",4135419,40.2224265,-74.7749435
4627796,"20041111174-04082381","174-04082381",2004,"MERCER","Trenton City","6/22/2004 0:00","Tuesday","June","12/31/1899 18:23","1","TRENTON","OPERATIONS B-56",0,0,1,0,0,"Injury","At Intersection","No","No","Pedalcyclist",1,"WALNUT AVE","NULL",NA,"","11111541",0.19,"Municipal","Straight and Level","Blacktop","Wet","Daylight","Rain","None","None",NA,"At","NULL","SOUTH COOK AVENUE","NULL","","NULL",25,NA,0,0,"No","","162",422422.081505,505302.074604,NA,"DVRPC",0,"Moderate Injury",4140361,40.223907,-74.74239
4627822,"20041111176-04083489","176-04083489",2004,"MERCER","Trenton City","6/24/2004 0:00","Thursday","June","12/31/1899 21:35","1","TRENTON","OPERATIONS B56",0,0,1,0,0,"Injury","At Intersection","No","No","Pedalcyclist",1,"US 206","NULL",206,"","206",41.55,"Municipal","Straight and Level","Blacktop","Dry","Dark (Street Lights On/ continuous)","Clear","None","None",NA,"At","NULL","BEATTY STREET","NULL","","NULL",25,NA,0,0,"No","","162",422574.784626,500260.023969,NA,"DVRPC",0,"Pain",4139491,40.206697,-74.749297
4627834,"2.00411111770408E+018","17704083858",2004,"MERCER","Trenton City","6/25/2004 0:00","Friday","June","12/31/1899 16:03","1","TRENTON","225 N. CLINTON",0,0,1,0,0,"Injury","Not At Intersection","No","No","Pedalcyclist",1,"CHESTNUT AVE","NULL",NA,"","11111537",0,"Municipal","Straight and Grade","Blacktop","Dry","Daylight","Clear","None","None",20,"Foot","South","CR 635","NULL","","NULL",NA,NA,0,0,"No","NONE","243",421810.72,505698.86,NA,"DVRPC",0,"Pain",4142937,40.2105027,-74.7462556
4627882,"20041111182-04086405","182-04086405",2004,"MERCER","Trenton City","6/30/2004 0:00","Wednesday","June","12/31/1899 19:33","1","CITY OF TRENTON","OPERATIONS",0,0,1,0,0,"Injury","At Intersection","No","No","Pedalcyclist",1,"S CLINTON AVE","NULL",NA,"","11031969",1.86,"Municipal","Straight and Level","Blacktop","Dry","Daylight","Clear","None","None",NA,"At","NULL","CAPNER AVE.","NULL","","NULL",25,NA,0,0,"No","NONE","***",426481.12,498786.45,NA,"DVRPC",0,"Pain",4167298,40.202565,-74.735014
4627996,"20041111190-04090280","190-04090280",2004,"MERCER","Trenton City","7/9/2004 0:00","Friday","July","12/31/1899 14:20","","TRENTON","OPERATIONS",0,0,0,0,0,"Property Damage","Not At Intersection","No","No","Pedalcyclist",1,"OAKLAND ST","NULL",NA,"","11111565",0.488,"Municipal","Straight and Level","Blacktop","Dry","Daylight","Clear","None","None",40,"Foot","South","HOFFMAN AVENUE","NULL","","NULL",25,NA,0,0,"No","","564",414317.370031,511365.090027,NA,"DVRPC",0,"PDO",4155124,40.237075,-74.778799
4628159,"20041111203-04096764","203-04096764",2004,"MERCER","Trenton City","7/21/2004 0:00","Wednesday","July","12/31/1899 21:46","1","TRENTON CITY","OPERATIONS",0,0,1,0,0,"Injury","At Intersection","No","No","Pedalcyclist",1,"NJ 129","NULL",129,"","129",1.61,"State Highway","Straight and Level","Blacktop","Dry","Dark (Street Lights On/ continuous)","Clear","Grass Median","None",NA,"At","NULL","CASS STREET","NULL","","NULL",40,NA,0,0,"No","","186",420997.20784,500170.371322,NA,"DVRPC",0,"Moderate Injury",4161887,40.2059759,-74.7546094
4628197,"20041111207-04098392","207-04098392",2004,"MERCER","Trenton City","7/25/2004 0:00","Sunday","July","12/31/1899 16:49","1","CITY OF TRENTON","OPERATIONS",0,0,1,0,0,"Injury","Not At Intersection","No","No","Pedalcyclist",1,"ENTERPRISE AVE","NULL",NA,"","11031419",0.842,"Municipal","Straight and Level","Blacktop","Dry","Daylight","Clear","None","None",10,"Foot","East","MULBERRY STREET","NULL","","NULL",25,NA,0,0,"No","","***",NA,NA,NA,"DVRPC",0,"Moderate Injury",4170201,40.237527,-74.740496
4628204,"20041111208-04098809","208-04098809",2004,"MERCER","Trenton City","7/5/2004 0:00","Monday","July","12/31/1899 17:30","1","TRENTON","OPERATIONS K-9)",0,0,0,0,0,"Property Damage","At Intersection","No","No","Pedalcyclist",1,"PERRY ST","NULL",NA,"","11111556",0.6,"Municipal","Straight and Level","Blacktop","Dry","Daylight","Clear","None","None",NA,"At","NULL","SOUTHARD STREET","NULL","","NULL",25,NA,0,0,"No","NONE","***",421038.98,507162.21,NA,"DVRPC",0,"PDO",4170744,40.2254692,-74.754728
4628206,"20041111208-04098882","208-04098882",2004,"MERCER","Trenton City","7/26/2004 0:00","Monday","July","12/31/1899 19:50","1","TRENTON","OPERATIONS",0,0,1,0,0,"Injury","At Intersection","No","No","Pedalcyclist",1,"W STATE ST","NULL",NA,"","11111552",2.19,"Municipal","Straight and Level","Blacktop","Dry","Daylight","Clear","Other","None",NA,"At","NULL","BARRACKS STREET","NULL","","NULL",25,NA,0,0,"No","","***",417284.828884,505350.825659,NA,"DVRPC",0,"Pain",4170211,40.220514,-74.7680681
4628400,"2.0041111225041E+018","22504106501",2004,"MERCER","Trenton City","8/13/2004 0:00","Friday","August","12/31/1899 14:09","1","TRENTON","225 N CLINTON ?",0,0,1,0,0,"Injury","Not At Intersection","No","No","Pedalcyclist",1,"MERCER COUNTY 606","NULL",606,"","11000606",1.46,"County","Straight and Grade","Blacktop","Dry","Daylight","Clear","None","Utility Zone",30,"Foot","East","CR 622","NULL","","NULL",25,NA,0,0,"No","NONE","243",427127.243983,505036.325578,NA,"DVRPC",0,"Pain",4185012,40.21971,-74.732807
4628404,"20041111226-04106382","226-04106382",2004,"MERCER","Trenton City","8/13/2004 0:00","Friday","August","12/31/1899 8:06","**","TRENTON","T.P.D.",0,0,1,0,0,"Injury","At Intersection","No","No","Pedalcyclist",1,"NJ 33","NULL",33,"","33",1.32,"County","Straight and Level","Blacktop","Dry","Daylight","Clear","None","None",NA,"At","NULL","GARFIELD AVENUE","NULL","","NULL",25,NA,0,0,"No","","526",426262.483709,506837.250933,NA,"DVRPC",0,"Moderate Injury",4185008,40.224592,-74.736017
4628407,"20041111226-04106679","226-04106679",2004,"MERCER","Trenton City","8/13/2004 0:00","Friday","August","12/31/1899 20:22","**","TRENTON","OPERATIONS",0,0,1,0,0,"Injury","Not At Intersection","No","No","Pedalcyclist",1,"MERCER COUNTY 622","NULL",622,"","11000622",2.96,"County","Straight and Level","Blacktop","Dry","Dark (Street Lights On/ continuous)","Clear","None","None",200,"Foot","North","E STATE ST","NULL","","NULL",25,NA,0,0,"No","","252",425079.23574,507735.277403,NA,"DVRPC",0,"Moderate Injury",4185017,40.2266724,-74.7396627
4628486,"20041111233-109666","233-109666",2004,"MERCER","Trenton City","8/20/2004 0:00","Friday","August","12/31/1899 12:51","**","TRENTON","OPERATIONS",0,0,1,0,0,"Injury","At Intersection","No","No","Pedalcyclist",1,"US 206","NULL",206,"","206",41.7,"Municipal","Straight and Level","Blacktop","Dry","Daylight","Clear","None","None",NA,"At","NULL","HUDSON STREET","NULL","","NULL",25,NA,0,0,"No","","228",421878.688904,500641.17556,NA,"DVRPC",0,"Pain",4188690,40.207772,-74.75188
4628490,"20041111234-04110078","234-04110078",2004,"MERCER","Trenton City","8/21/2004 0:00","Saturday","August","12/31/1899 14:30","1","TRENTON","OPERATIONS",0,0,0,0,0,"Property Damage","Not At Intersection","No","No","Pedalcyclist",1,"MALONE ST","NULL",NA,"","11111463",0.088,"Municipal","Straight and Level","Blacktop","Wet","Daylight","Rain","None","None",10,"Foot","West","RT 206","NULL","","NULL",25,NA,0,0,"No","","***",422845.819437,500098.506159,NA,"DVRPC",0,"PDO",4188706,40.206172,-74.748037