"ID","DOT_WEB_ID","CASE_NUMBER","CRASH_YEAR","COUNTY","MUNICIPALITY","CRASH_DATE","CRASH_DAY_OF_WEEK","CRASH_MONTH","CRASH_TIME","POLICE_DEPT_CODE","POLICE_DEPARTMENT","POLICE_STATION","TOTAL_KILLED","TOTAL_INCAPACITATED","TOTAL_INJURED","PEDESTRIANS_KILLED","PEDESTRIANS_INJURED","SEVERITY","INTERSECTION","ALCOHOL_INVOLVED","HAZMAT_INVOLVED","CRASH_TYPE","TOTAL_VEHICLES_INVOLVED","CRASH_LOCATION","LOCATION_DIRECTION","ROUTE","ROUTE_SUFFIX","SRI","MILEPOST","ROAD_SYSTEM","ROAD_CHARACTER","ROAD_SURFACE_TYPE","SURFACE_CONDITION","LIGHT_CONDITION","ENVIRONMENTAL_CONDITION","ROAD_DIVIDED_BY","TEMP_TRAFFIC_CONTROL_ZONE","DISTANCE_TO_CROSS_STREET","UNIT_OF_MEASUREMENT","DIRECTION_FROM_CROSS_STREET","CROSS_STREET_NAME","IS_RAMP","RAMP_TO_FROM_ROUTE_NAME","RAMP_TO_FROM_ROUTE_DIRECTION","POSTED_SPEED","POSTED_SPEED_CROSS_STREET","LATITUDE","LONGITUDE","CELL_PHONE_IN_USE","OTHER_PROPERTY_DAMAGE","REPORTING_BADGE_NO","X","Y","CRASH_NARRATIVE","MPO","TOTAL_PEDESTRIANS_INVOLVED","EPDO","DLN","LatitudeGeocoded","LongitudeGeocoded"
4628506,"2.00411112340411E+018","23404110285",2004,"MERCER","Trenton City","8/21/2004 0:00","Saturday","August","12/31/1899 19:00","1","TRENTON","",0,0,0,0,0,"Property Damage","At Intersection","No","No","Pedalcyclist",1,"LINCOLN  AVE","NULL",NA,"","11111542",0,"Municipal","Straight and Level","Blacktop","Wet","Daylight","Clear","None","None",NA,"At","NULL","NORTH CLINTON AVENUE","NULL","","NULL",25,NA,0,0,"No","","488",421329.469852,507269.009965,NA,"DVRPC",0,"PDO",4188713,40.2256282,-74.7532436
4628537,"20041111237-04111725","237-04111725",2004,"MERCER","Trenton City","8/24/2004 0:00","Tuesday","August","12/31/1899 21:37","1","TRENTON","OPERATIONS",0,0,1,0,0,"Injury","At Intersection","No","No","Pedalcyclist",1,"MERCER COUNTY 626","NULL",626,"","11000626",0.24,"County","Straight and Level","Blacktop","Dry","Dark (Street Lights On/ continuous)","Clear","None","None",NA,"At","NULL","LOCUST STREET","NULL","","NULL",25,NA,0,0,"No","","609",423333.835279,505728.938849,NA,"DVRPC",0,"Pain",4192020,40.2210425,-74.7459302
4628571,"20041111240-04113080","240-04113080",2004,"MERCER","Trenton City","8/27/2004 0:00","Friday","August","12/31/1899 19:26","**","TRENTON","TRENTON POLICE",0,0,0,0,0,"Property Damage","At Intersection","No","No","Pedalcyclist",1,"HOFFMAN AVE","NULL",NA,"","11111564",0.12,"Municipal","Straight and Level","Blacktop","Dry","Daylight","Clear","None","None",NA,"At","East","OLIVER STREET","NULL","","NULL",25,NA,0,0,"No","","615",414865.67,511901.58,NA,"DVRPC",0,"PDO",4197063,40.238471,-74.776759
4628622,"2.00411112450411E+018","24504115123",2004,"MERCER","Trenton City","9/1/2004 0:00","Wednesday","September","12/31/1899 17:27","1","TRENTON PD","OPERATION",0,0,1,0,0,"Injury","At Intersection","No","No","Pedalcyclist",1,"MERCER COUNTY 653","NULL",653,"","11000653",0.81,"County","Straight and Level","Blacktop","Dry","Daylight","Clear","None","None",NA,"At","NULL","WAYNE AVENUE","NULL","","NULL",25,NA,0,0,"No","","341",417942.42,509494.56,NA,"DVRPC",0,"Pain",4197911,40.2318865,-74.765715
4628764,"2.00411112590412E+018","25904121223",2004,"MERCER","Trenton City","9/12/2004 0:00","Sunday","September","12/31/1899 12:30","","TRENTON POLICE","TRENTON",0,0,1,0,0,"Injury","Not At Intersection","No","No","Pedalcyclist",1,"INGHAM ST","NULL",NA,"","11111358",NA,"Municipal","Straight and Level","Concrete","Dry","Daylight","Clear","Barrier Median","None",5,"Foot","West","RT 206S","NULL","","NULL",25,NA,0,0,"No","","112",NA,NA,NA,"DVRPC",1,"Pain",4207336,40.2310418,-74.761733
4628845,"20041111264-04123363","264-04123363",2004,"MERCER","Trenton City","9/20/2004 0:00","Monday","September","12/31/1899 20:40","1","TRENTON","OPERATIONS",0,0,1,0,0,"Injury","At Intersection","No","No","Pedalcyclist",1,"ANDERSON ST","NULL",NA,"","",NA,"Municipal","Straight and Level","Blacktop","Dry","NULL","Clear","None","None",NA,"At","NULL","RUSLING STREET","NULL","","NULL",25,NA,0,0,"No","","184",NA,NA,NA,"DVRPC",0,"Pain",4220063,40.207389,-74.74192
4628871,"20041111267-04124612","267-04124612",2004,"MERCER","Trenton City","9/23/2004 0:00","Thursday","September","12/31/1899 17:10","1","TRENTON","OPERATIONS",0,0,0,0,0,"Property Damage","Not At Intersection","No","No","Pedalcyclist",1,"MERCER COUNTY 650","NULL",650,"","11000650",0.74,"County","Straight and Level","Blacktop","Dry","Daylight","Clear","None","None",15,"Foot","East","DRESDEN AVENUE","NULL","","NULL",25,NA,0,0,"No","","***",424012.025051,497712.171438,NA,"DVRPC",0,"PDO",4218179,40.199571,-74.744027
4628927,"20041111272-04126418","272-04126418",2004,"MERCER","Trenton City","9/28/2004 0:00","Tuesday","September","12/31/1899 6:13","1","TRENTON","OPERATION",0,0,1,0,0,"Injury","At Intersection","No","No","Pedalcyclist",1,"CASS ST","NULL",NA,"","11111527",0.35,"Municipal","Straight and Level","Blacktop","Dry","Dark (Street Lights On/ continuous)","Clear","NULL","None",NA,"At","NULL","WOOLVERTON AVENUE","NULL","","NULL",25,NA,0,0,"No","","581",421130.447167,500072.923993,NA,"DVRPC",0,"Moderate Injury",4228992,40.2061115,-74.7538246
4628941,"20041111273-04126779","273-04126779",2004,"MERCER","Trenton City","9/29/2004 0:00","Wednesday","September","12/31/1899 7:54","","TRENTON","OPERATIONS",0,0,0,0,0,"Property Damage","At Intersection","No","No","Pedalcyclist",1,"NORTH CLINTON AVE","NULL",NA,"","11031969",4.57,"Municipal","Straight and Level","Blacktop","Dry","Daylight","Clear","None","None",NA,"At","NULL","MEADE STREET","NULL","","NULL",25,NA,0,0,"No","","516",423328.339629,509173.860439,NA,"DVRPC",0,"PDO",4229129,40.2310165,-74.7464781
4628981,"2.00411112750412E+018","27504127708",2004,"MERCER","Trenton City","10/1/2004 0:00","Friday","October","12/31/1899 11:50","1","TRENTON","225 N. CLINTON?",0,0,0,0,0,"Property Damage","Not At Intersection","No","No","Pedalcyclist",1,"OLIVE ST","NULL",NA,"","11111405",0.199,"Municipal","Straight and Level","Other","Dry","Daylight","Clear","None","None",5,"Foot","East","RT 206","NULL","","NULL",25,NA,0,0,"No","NONE","243",418310.590063,505994.0801,NA,"DVRPC",0,"PDO",4237870,40.222287,-74.7643624
4628982,"2.00411112750412E+018","27504127851",2004,"MERCER","Trenton City","10/1/2004 0:00","Friday","October","12/31/1899 17:20","1","TRENTON","225 N. CLINTON?",0,0,1,0,0,"Injury","Not At Intersection","No","No","Pedalcyclist",1,"MERCER COUNTY 622","NULL",622,"","11000622",2.31,"County","Straight and Level","Blacktop","Dry","NULL","Clear","None","None",10,"Foot","North","CR 606","NULL","","NULL",25,NA,0,0,"No","NONE","243",427112.28,505031.54,NA,"DVRPC",0,"Pain",4237865,40.21971,-74.732807
4629028,"20041111281-04130345","281-04130345",2004,"MERCER","Trenton City","10/7/2004 0:00","Thursday","October","12/31/1899 16:43","1","TRENTON","PATROL",0,0,0,0,0,"Property Damage","Not At Intersection","No","No","Pedalcyclist",1,"NJ 33","NULL",33,"","33",0.78,"County","Straight and Level","Blacktop","Dry","Daylight","Clear","None","None",200,"NULL","East","CR 626","NULL","","NULL",25,NA,0,0,"No","","***",423887.81207,505246.226967,NA,"DVRPC",0,"PDO",4233800,40.2199196,-74.7450688
4629029,"20041111281-04130382","281-04130382",2004,"MERCER","Trenton City","10/7/2004 0:00","Thursday","October","12/31/1899 18:05","1","TRENTON","PATROL",0,0,0,0,0,"Property Damage","At Intersection","No","No","Pedalcyclist",1,"S CLINTON AVE","NULL",NA,"","11031969",3.55,"Municipal","Straight and Level","Blacktop","Dry","Dusk","Clear","None","None",NA,"At","NULL","BARLOW STREET","NULL","","NULL",25,NA,0,0,"No","","598",420912.92867,504774.902029,NA,"DVRPC",0,"PDO",4233801,40.2189119,-74.7550056
4629083,"20041111286-04132479","286-04132479",2004,"MERCER","Trenton City","10/12/2004 0:00","Tuesday","October","12/31/1899 22:10","1","TRENTON POLICE","OPERATIONS",0,0,0,0,0,"Property Damage","Not At Intersection","No","No","Pedalcyclist",1,"CHARLES ST","NULL",NA,"","11111120",0.099,"Municipal","Straight and Level","Blacktop","Dry","Dark (Street Lights On/ continuous)","Clear","None","None",5,"Foot","South","ANDERSON STREET","NULL","","NULL",25,NA,0,0,"No","","578",423875.448983,503534.259336,NA,"DVRPC",0,"PDO",4267636,40.215579,-74.744371
4629312,"20041111304-04139627","304-04139627",2004,"MERCER","Trenton City","10/30/2004 0:00","Saturday","October","12/31/1899 14:39","1","TRENTON","OPERATIONS",0,0,1,0,0,"Injury","At Intersection","No","No","Pedalcyclist",1,"US 206","NULL",206,"","206",43.63,"Municipal","Straight and Grade","Concrete","Dry","Daylight","Other","None","None",NA,"At","NULL","SOUTHARD STREET","NULL","","NULL",25,NA,0,0,"No","","***",419859.67234,508650.70941,NA,"DVRPC",1,"Pain",4249464,40.232128,-74.760626
4629464,"20041111316-04145525","316-04145525",2004,"MERCER","Trenton City","11/11/2004 0:00","Thursday","November","12/31/1899 14:30","**","TRENTON","OPERATIONS",0,0,0,0,0,"Property Damage","Not At Intersection","No","No","Pedalcyclist",1,"MERCER COUNTY 622","NULL",622,"","11000622",3.96,"County","Straight and Level","Concrete","Dry","Daylight","Clear","None","None",20,"Foot","West","RT 206","NULL","","NULL",25,NA,0,0,"No","","283",422291.67,512049.57,NA,"DVRPC",0,"PDO",4266063,40.2498272,-74.742463
4629515,"20041111321-04147800","321-04147800",2004,"MERCER","Trenton City","11/16/2004 0:00","Tuesday","November","12/31/1899 16:11","**","TRENTON","OPERATIONS",0,0,0,0,0,"Property Damage","At Intersection","No","No","Pedalcyclist",1,"ADELINE ST","NULL",NA,"","11111533",0.77,"Municipal","Straight and Level","Concrete","Dry","Daylight","Clear","None","None",NA,"At","NULL","BEATTY STREET","NULL","","NULL",25,NA,0,0,"No","","283",422398.2,500062.02,NA,"DVRPC",0,"PDO",4266823,40.206079,-74.7497434
4629599,"20041111327-04150689","327-04150689",2004,"MERCER","Trenton City","11/22/2004 0:00","Monday","November","12/31/1899 20:05","1","TRENTON","OPERATIONS",0,0,0,0,0,"Property Damage","At Intersection","No","No","Pedalcyclist",1,"NJ 33","NULL",33,"","33",0.48,"County","Straight and Level","Blacktop","Wet","Dark (Street Lights On/ continuous)","Rain","None","NULL",NA,"At","NULL","CHESTNUT AVENUE","NULL","","NULL",NA,NA,0,0,"No","","537",422479.047446,504521.538723,NA,"DVRPC",0,"PDO",4279213,40.2182635,-74.749463
4629731,"2.00411113380415E+018","33804155574",2004,"MERCER","Trenton City","12/3/2004 0:00","Friday","December","12/31/1899 16:17","1","TRENTON","225 N. CLINTON?",0,0,1,0,0,"Injury","Not At Intersection","No","No","Pedalcyclist",1,"FAIRMONT AVE","NULL",NA,"","",NA,"Municipal","Straight and Level","Blacktop","Dry","Daylight","Clear","None","None",NA,"NULL","NULL","REPUBLIC ALLEY","NULL","","NULL",25,NA,0,0,"No","NONE","243",NA,NA,NA,"DVRPC",0,"Pain",4296289,40.21459,-74.732704
4629810,"20041111344-04158293","344-04158293",2004,"MERCER","Trenton City","12/9/2004 0:00","Thursday","December","12/31/1899 16:51","1","TRENTON","OPERATIONS",0,0,1,0,0,"Injury","Not At Intersection","No","No","Pedalcyclist",1,"PROSPECT ST","NULL",NA,"","11111562",0.4,"Municipal","Straight and Grade","Blacktop","Wet","Dark (Street Lights On/ continuous)","Rain","None","None",75,"Foot","West","STUYVESANT AVENUE","NULL","","NULL",NA,NA,0,0,"No","","410",415526.010012,509036.505028,NA,"DVRPC",0,"Pain",4299698,40.2307334,-74.7742792
4630220,"20041111V4100432A","V4100432A",2004,"MERCER","Trenton City","6/30/2004 0:00","Wednesday","June","12/31/1899 16:30","2","STATE POLICE","S.G.S.B.",0,0,0,0,0,"Property Damage","Not At Intersection","No","No","Pedalcyclist",1,"NEW JERSEY STATE PARKING LOT NUMBER THREE","NULL",NA,"","",NA,"State Park or Institution","Straight and Level","Blacktop","Dry","Daylight","Clear","None","None",400,"Foot","North","","NULL","","NULL",NA,NA,0,0,"No","NONE","449",NA,NA,NA,"DVRPC",0,"PDO",4166142,40.2211932,-74.7652518
4631907,"2004111304-33513","04-33513",2004,"MERCER","West Windsor Township","12/14/2004 0:00","Tuesday","December","12/31/1899 22:34","1","WEST WINDSOR POLICE","04-33513",0,0,1,0,0,"Injury","At Intersection","No","No","Pedalcyclist",1,"CANAL POINTE BLVD","NULL",NA,"","",NA,"Municipal","Straight and Level","Blacktop","Dry","Dark (Street Lights On/ continuous)","Clear","None","None",NA,"At","NULL","BAYBERRY DRIVE","NULL","","NULL",35,NA,0,0,"No","NONE","550",NA,NA,NA,"DVRPC",0,"Pain",4305306,40.3272836,-74.6486918
4935200,"2005110105-10002","05-10002",2005,"MERCER","East Windsor Township","7/25/2005 0:00","Monday","July","12/31/1899 13:35","1","EAST WINDSOR TWP","TRAFFIC SAFETY?",0,0,1,0,1,"Injury","Not At Intersection","No","No","Pedalcyclist",1,"70 ROUTE 571 WEST","NULL",NA,"","",NA,"Private Property","Straight and Level","Blacktop","Dry","Daylight","Clear","None","None",NA,"NULL","NULL","EAST WINDSOR VILLAGE-TARGET LOT","NULL","","NULL",NA,NA,0,0,"No","NONE","54",NA,NA,NA,"DVRPC",1,"Pain",5168365,40.2775069,-74.5412734
4935290,"2005110105-11973","05-11973",2005,"MERCER","East Windsor Township","9/2/2005 0:00","Friday","September","12/31/1899 15:45","1","EAST WINDSOR POLICE","TRAFFIC SAFETY?",0,0,0,0,0,"Property Damage","At Intersection","No","No","Pedalcyclist",1,"NJ 33","NULL",33,"","33",14.7,"State Highway","Straight and Level","Blacktop","Dry","NULL","Clear","None","None",NA,"At","NULL","DAVISON ROAD","NULL","","NULL",35,NA,0,0,"No","","551",487544.917814,522618.986206,NA,"DVRPC",0,"PDO",5200887,40.2681859,-74.5153002
4935382,"2005110105-14116","05-14116",2005,"MERCER","East Windsor Township","10/16/2005 0:00","Sunday","October","12/31/1899 15:29","1","EAST WINDSOR POLICE","TRAFFIC",0,0,2,0,0,"Injury","At Intersection","No","No","Pedalcyclist",1,"US 130","NULL",130,"","130",69.79,"State Highway","Straight and Level","Blacktop","Dry","Daylight","Clear","None","None",NA,"At","NULL","OLD CRANBURY ROAD","NULL","","NULL",45,NA,40.28645,-74.52546,"No","","63",485023.96685,529262.682001,NA,"DVRPC",0,"Moderate Injury",5248053,40.2874809,-74.5247191
4935562,"2005110105-18260","05-18260",2005,"MERCER","East Windsor Township","9/28/2005 0:00","Wednesday","September","12/31/1899 11:17","1","EAST WINDSOR","UNIFORM SERVIC?",0,0,1,0,0,"Injury","Not At Intersection","No","No","Pedalcyclist",1,"US 130","NULL",130,"","130",NA,"State Highway","Straight and Level","Blacktop","Dry","Daylight","Clear","Barrier Median","NULL",100,"Foot","South","TOWN CENTER DRIVE","NULL","","NULL",45,NA,0,0,"No","NONE","74",NA,NA,NA,"DVRPC",0,"Moderate Injury",5226567,40.2776563,-74.533874
4935912,"2005110105-9392","May-92",2005,"MERCER","East Windsor Township","7/13/2005 0:00","Wednesday","July","12/31/1899 21:20","1","EAST WINDSOR","TRAFFIC",0,0,1,0,0,"Injury","Not At Intersection","No","No","Pedalcyclist",1,"DEVONSHIRE DR","NULL",NA,"","",NA,"Municipal","Straight and Level","Blacktop","Dry","Dark (Street Lights On/ continuous)","Clear","None","None",300,"Foot","North","DORCHESTER DRIVE","NULL","","NULL",35,NA,0,0,"No","NONE","27",NA,NA,NA,"DVRPC",0,"Moderate Injury",5156086,40.2763153,-74.5689354
4936283,"20051102OIT-05325536","OIT-05325536",2005,"MERCER","Ewing Township","7/4/2005 0:00","Monday","July","12/31/1899 1:04","1","EWING","T-1",1,0,0,0,0,"Fatal","At Intersection","No","No","Pedalcyclist",1,"HOMECREST AVE","NULL",NA,"","11021271",0.08,"Municipal","Straight and Level","Blacktop","Dry","Dark (Street Lights On/ continuous)","Clear","None","None",NA,"At","NULL","DOUGLAS AVENUE","NULL","","NULL",25,NA,40.24071,-74.77002,"No","NONE","705",416746.929531,512710.776661,NA,"DVRPC",0,"Fatal Injury",5325536,40.240738,-74.770088
4936490,"20051102T2005-1217","T2005-1217",2005,"MERCER","Ewing Township","12/12/2005 0:00","Monday","December","12/31/1899 18:00","1","EWING","P-1",0,0,1,0,1,"Injury","At Intersection","No","No","Pedalcyclist",1,"ROUTE 579","NULL",579,"","579",1.41,"County","Straight and Grade","Concrete","Icy","Dark (Street Lights On/ continuous)","Clear","Curbed Median","None",NA,"At","NULL","SILVIA STREET","NULL","","NULL",40,NA,40.25488,-74.81549,"No","NONE","146",404070.771346,517942.335155,NA,"DVRPC",1,"Pain",5307872,40.2550422,-74.8155212
4937137,"20051102T2005-740","T2005-740",2005,"MERCER","Ewing Township","7/29/2005 0:00","Friday","July","12/31/1899 13:09","1","EWING TWP","TRAFFIC",0,1,1,0,0,"Injury","Not At Intersection","No","No","Pedalcyclist",1,"ALBEMARLE AVE","NULL",NA,"","",NA,"Municipal","Straight and Level","Blacktop","Dry","Daylight","Clear","None","None",300,"Foot","East","GREENVILLE AVENUE","NULL","","NULL",25,NA,0,0,"No","","139",NA,NA,NA,"DVRPC",0,"Incapacitating Injury",5174250,40.2450488,-74.7714088
4937275,"20051102T2005-889","T2005-889",2005,"MERCER","Ewing Township","9/16/2005 0:00","Friday","September","12/31/1899 23:28","1","EWING","P4",0,0,1,0,0,"Injury","Not At Intersection","No","No","Pedalcyclist",1,"MERCER COUNTY 622","NULL",622,"","11000622",5.57,"County","Straight and Grade","Blacktop","Dry","Dark (Street Lights On/ continuous)","Clear","Curbed Median","None",40,"Foot","East","RT 31","NULL","","NULL",40,NA,40.24989,-74.77579,"No","NONE","166",415108.065003,516069.620197,NA,"DVRPC",0,"Moderate Injury",5220765,40.2498235,-74.7757325
4937438,"2005110305-10336","05-10336",2005,"MERCER","Hamilton Twp (Mercer Co)","3/12/2005 0:00","Saturday","March","12/31/1899 15:46","1","HAMILTON","",0,0,1,0,0,"Injury","At Intersection","No","No","Pedalcyclist",1,"NEW CEDAR LANE","NULL",NA,"","11031993",NA,"Municipal","Straight and Level","Blacktop","Dry","Daylight","Clear","None","None",NA,"At","NULL","S. BROAD ST","NULL","","NULL",40,NA,0,0,"No","NONE","381",NA,NA,NA,"DVRPC",0,"Moderate Injury",5275129,40.2002978,-74.733945
4937827,"2005110305-18752","05-18752",2005,"MERCER","Hamilton Twp (Mercer Co)","5/4/2005 0:00","Wednesday","May","12/31/1899 16:51","1","HAMILTON","",0,0,1,0,0,"Injury","At Intersection","No","No","Pedalcyclist",1,"LIBERTY ST","NULL",NA,"","",NA,"Municipal","Straight and Level","Blacktop","Dry","Daylight","Clear","None","None",10,"At","North","CHAMBERS ST.","NULL","","NULL",25,NA,0,0,"No","NONE","375",NA,NA,NA,"DVRPC",0,"Pain",5096953,40.2097157,-74.737428
4937910,"2005110305-20252","05-20252",2005,"MERCER","Hamilton Twp (Mercer Co)","5/14/2005 0:00","Saturday","May","12/31/1899 15:47","1","HAMILTON","",0,0,2,0,0,"Injury","At Intersection","No","No","Pedalcyclist",1,"PARK LANE","NULL",NA,"","",NA,"Municipal","Straight and Level","Blacktop","Dry","Daylight","Clear","None","None",5,"At","West","WALNUT AVE","NULL","","NULL",25,NA,0,0,"No","NONE","381",NA,NA,NA,"DVRPC",0,"Moderate Injury",5104723,40.2306805,-74.7294291
4937931,"2005110305-20730","05-20730",2005,"MERCER","Hamilton Twp (Mercer Co)","5/17/2005 0:00","Tuesday","May","12/31/1899 22:28","1","HAMILTON","",0,0,1,0,0,"Injury","At Intersection","No","No","Pedalcyclist",1,"PAXSON AVE","NULL",NA,"","",NA,"Municipal","Straight and Level","Blacktop","Dry","Dark (Street Lights On/ continuous)","Clear","None","None",NA,"At","NULL","NJ 33","NULL","","NULL",25,NA,0,0,"No","","402",NA,NA,NA,"DVRPC",0,"Moderate Injury",5104735,40.232553,-74.668884
4938059,"2005110305-23098","05-23098",2005,"MERCER","Hamilton Twp (Mercer Co)","5/31/2005 0:00","Tuesday","May","12/31/1899 18:14","1","HAMILTON","",0,0,1,0,0,"Injury","At Intersection","No","No","Pedalcyclist",1,"ROUTE 535","NULL",535,"","535",3.34,"County","Straight and Level","Blacktop","Dry","Daylight","Clear","None","None",NA,"At","NULL","REGINA AVENUE","NULL","","NULL",40,NA,40.23598,-74.68986,"No","","363",439120.64539,510932.811439,NA,"DVRPC",0,"Moderate Injury",5120059,40.2360726,-74.6895084
4938194,"2005110305-25779","05-25779",2005,"MERCER","Hamilton Twp (Mercer Co)","6/16/2005 0:00","Thursday","June","12/31/1899 11:45","1","HAMILTON TWSP","",0,0,1,0,0,"Injury","Not At Intersection","No","No","Pedalcyclist",1,"KLOCKNER RD","NULL",NA,"","11031976",2.82,"Municipal","Straight and Grade","Blacktop","Dry","Daylight","Clear","None","None",250,"Foot","East","LAMONT AVENUE","NULL","","NULL",40,NA,40.22587,-74.68982,"No","","364",439177.671146,507223.849177,NA,"DVRPC",0,"Pain",5136333,40.2261701,-74.6906344
4938206,"2005110305-25973","05-25973",2005,"MERCER","Hamilton Twp (Mercer Co)","6/17/2005 0:00","Friday","June","12/31/1899 16:46","1","HAMILTON TWP","",0,0,1,0,0,"Injury","At Intersection","No","No","Pedalcyclist",1,"ROUTE 533","NULL",533,"","533",2.7,"County","Straight at Hillcrest","Blacktop","Dry","Daylight","Clear","None","None",10,"At","North","KLOCKNER ROAD","NULL","","NULL",45,NA,40.22494,-74.68709,"No","","351",439885.226951,506903.84795,NA,"DVRPC",0,"Pain",5136351,40.2247664,-74.687048
4938243,"2005110305-26822","05-26822",2005,"MERCER","Hamilton Twp (Mercer Co)","6/23/2005 0:00","Thursday","June","12/31/1899 10:57","1","HAMILTON","",0,0,1,0,0,"Injury","Not At Intersection","No","No","Pedalcyclist",1,"US 206","NULL",206,"","206",40.19,"Municipal","Straight and Level","Blacktop","Dry","Daylight","Clear","Other","None",280,"Foot","South","BUCHANAN AVENUE","NULL","","NULL",35,NA,40.19743,-74.72704,"No","","330",428876.605754,496820.090719,NA,"DVRPC",0,"Pain",5162295,40.1976224,-74.7277308
4938338,"2005110305-28296","05-28296",2005,"MERCER","Hamilton Twp (Mercer Co)","7/2/2005 0:00","Saturday","July","12/31/1899 16:25","1","HAMILTON","",0,0,1,0,0,"Injury","At Intersection","No","No","Pedalcyclist",1,"LAFAYETTE AVE","NULL",NA,"","11031992",0.43,"Municipal","Straight and Level","Blacktop","Dry","Daylight","Clear","None","None",NA,"At","NULL","SEWELL AVENUE","NULL","","NULL",25,NA,40.19852,-74.73215,"No","","363",427279.034967,497313.480018,NA,"DVRPC",0,"Pain",5159133,40.198489,-74.732065
4938394,"2005110305-29592","05-29592",2005,"MERCER","Hamilton Twp (Mercer Co)","7/10/2005 0:00","Sunday","July","12/31/1899 11:48","1","HAMILTON","",0,0,1,0,0,"Injury","At Intersection","No","No","Pedalcyclist",1,"ANNABELLE AVENUE","NULL",NA,"","",NA,"Municipal","Straight and Level","Blacktop","Dry","Daylight","Clear","None","None",NA,"At","NULL","BOW HILL AVENUE","NULL","","NULL",25,NA,0,0,"No","NONE","219",NA,NA,NA,"DVRPC",0,"Moderate Injury",5150863,40.198335,-74.734993
4938556,"2005110305-32966","05-32966",2005,"MERCER","Hamilton Twp (Mercer Co)","7/31/2005 0:00","Sunday","July","12/31/1899 22:46","1","HAMILTON TWP.","",0,0,1,0,0,"Injury","At Intersection","No","No","Pedalcyclist",1,"ROUTE 533","NULL",533,"","533",4.39,"County","Straight and Level","Blacktop","Dry","Dark (Street Lights On/ continuous)","Clear","None","None",NA,"At","NULL","SLOAN AVENUE","NULL","","NULL",45,NA,40.24891,-74.68511,"No","NONE NOTED","391",440442.28,515613,NA,"DVRPC",0,"Moderate Injury",5171097,40.2490249,-74.6851008
4938558,"2005110305-33042","05-33042",2005,"MERCER","Hamilton Twp (Mercer Co)","8/1/2005 0:00","Monday","August","12/31/1899 12:53","1","HAMILTON","",0,0,1,0,0,"Injury","At Intersection","No","No","Pedalcyclist",1,"MERCER COUNTY 618","NULL",618,"","11000618",1.48,"County","Straight and Level","Blacktop","Dry","Daylight","Clear","None","None",NA,"At","NULL","YARDVILLE-HAMILTON SQ ROAD","NULL","","NULL",30,NA,40.23005,-74.66134,"No","","325",447073.054257,508755.625795,NA,"DVRPC",0,"Moderate Injury",5174230,40.1955369,-74.6665727
4938614,"2005110305-33996","05-33996",2005,"MERCER","Hamilton Twp (Mercer Co)","8/7/2005 0:00","Sunday","August","12/31/1899 17:47","1","HAMILTON","PATROL",0,0,1,0,0,"Injury","At Intersection","No","No","Pedalcyclist",1,"ERMAN CT","NULL",NA,"","",NA,"Municipal","Straight and Level","Blacktop","Dry","Daylight","Clear","None","None",NA,"At","NULL","MASSACHUSETTS AVENUE","NULL","","NULL",25,NA,0,0,"No","","407",NA,NA,NA,"DVRPC",0,"Pain",5193560,40.2256022,-74.7316567
4938851,"2005110305-38827","05-38827",2005,"MERCER","Hamilton Twp (Mercer Co)","9/7/2005 0:00","Wednesday","September","12/31/1899 15:42","1","HAMILTON TWP.","",0,0,1,0,0,"Injury","Not At Intersection","No","No","Pedalcyclist",1,"MERCER COUNTY 606","NULL",606,"","11000606",2.54,"County","Straight and Level","Blacktop","Dry","Daylight","Clear","None","None",150,"Foot","East","POPE AVENUE","NULL","","NULL",35,NA,40.22598,-74.71404,"No","","364",432362.339163,507305.525227,NA,"DVRPC",0,"Pain",5205130,40.2309554,-74.7057543
4938855,"2005110305-39005","05-39005",2005,"MERCER","Hamilton Twp (Mercer Co)","9/8/2005 0:00","Thursday","September","12/31/1899 18:35","1","HAMILTON","",0,0,0,0,0,"Property Damage","At Intersection","No","No","Pedalcyclist",1,"KLOCKNER RD","NULL",NA,"","11031976",4.03,"Municipal","Straight and Grade","Blacktop","Dry","Daylight","Clear","None","None",10,"At","East","SECRETARIO WAY","NULL","","NULL",35,NA,0,0,"No","","365",444806.42,504248.36,NA,"DVRPC",0,"PDO",5206543,40.2176878,-74.6694218
4938917,"2005110305-40455","05-40455",2005,"MERCER","Hamilton Twp (Mercer Co)","9/17/2005 0:00","Saturday","September","12/31/1899 11:48","1","HAMILTON TWP","",0,0,0,0,0,"Property Damage","At Intersection","No","No","Pedalcyclist",1,"OLD YORK RD","NULL",NA,"","11031997",2.12,"Municipal","Straight and Level","Blacktop","Dry","Daylight","Clear","None","None",NA,"At","NULL","SAWMILL ROAD","NULL","","NULL",40,NA,0,0,"No","NONE","383",452498.271647,482959.926957,NA,"DVRPC",0,"PDO",5216862,40.1593087,-74.6416815
4938943,"2005110305-40874","05-40874",2005,"MERCER","Hamilton Twp (Mercer Co)","9/20/2005 0:00","Tuesday","September","12/31/1899 6:58","1","HAMILTON","",0,0,1,0,0,"Injury","At Intersection","No","No","Pedalcyclist",1,"ROUTE 535","NULL",535,"","535",0.44,"County","Straight and Level","Blacktop","Dry","Daylight","Clear","None","None",NA,"At","NULL","CR 614","NULL","","NULL",25,NA,40.23289,-74.73105,"No","NONE","330",427617.793054,509831.968561,NA,"DVRPC",0,"Pain",5214263,40.2333848,-74.7305958