"ID","DOT_WEB_ID","CASE_NUMBER","CRASH_YEAR","COUNTY","MUNICIPALITY","CRASH_DATE","CRASH_DAY_OF_WEEK","CRASH_MONTH","CRASH_TIME","POLICE_DEPT_CODE","POLICE_DEPARTMENT","POLICE_STATION","TOTAL_KILLED","TOTAL_INCAPACITATED","TOTAL_INJURED","PEDESTRIANS_KILLED","PEDESTRIANS_INJURED","SEVERITY","INTERSECTION","ALCOHOL_INVOLVED","HAZMAT_INVOLVED","CRASH_TYPE","TOTAL_VEHICLES_INVOLVED","CRASH_LOCATION","LOCATION_DIRECTION","ROUTE","ROUTE_SUFFIX","SRI","MILEPOST","ROAD_SYSTEM","ROAD_CHARACTER","ROAD_SURFACE_TYPE","SURFACE_CONDITION","LIGHT_CONDITION","ENVIRONMENTAL_CONDITION","ROAD_DIVIDED_BY","TEMP_TRAFFIC_CONTROL_ZONE","DISTANCE_TO_CROSS_STREET","UNIT_OF_MEASUREMENT","DIRECTION_FROM_CROSS_STREET","CROSS_STREET_NAME","IS_RAMP","RAMP_TO_FROM_ROUTE_NAME","RAMP_TO_FROM_ROUTE_DIRECTION","POSTED_SPEED","POSTED_SPEED_CROSS_STREET","LATITUDE","LONGITUDE","CELL_PHONE_IN_USE","OTHER_PROPERTY_DAMAGE","REPORTING_BADGE_NO","X","Y","CRASH_NARRATIVE","MPO","TOTAL_PEDESTRIANS_INVOLVED","EPDO","DLN","LatitudeGeocoded","LongitudeGeocoded"
4939006,"2005110305-42397","05-42397",2005,"MERCER","Hamilton Twp (Mercer Co)","9/28/2005 0:00","Wednesday","September","12/31/1899 16:48","1","HAMILTON TWP.","",0,0,1,0,0,"Injury","Not At Intersection","No","No","Pedalcyclist",1,"GREENBRIAR RD","NULL",NA,"","",NA,"Municipal","Straight and Level","Blacktop","Dry","Daylight","Clear","None","Utility Zone",10,"Foot","North","CR 618","NULL","","NULL",25,NA,0,0,"No","","364",NA,NA,NA,"DVRPC",0,"Moderate Injury",5232375,40.2246866,-74.6468087
4939056,"2005110305-43499","05-43499",2005,"MERCER","Hamilton Twp (Mercer Co)","10/5/2005 0:00","Wednesday","October","12/31/1899 6:29","1","HAMILTON TWP.","",0,0,1,0,0,"Injury","At Intersection","No","No","Pedalcyclist",1,"HAMILTON SQUARE-WHITEHORSE RD","NULL",NA,"","11031988",1.39,"Municipal","Straight and Level","Blacktop","Dry","Dark (Street Lights On/ continuous)","Fog/Smog/Smoke","None","None",NA,"At","NULL","SILVER COURT","NULL","","NULL",35,NA,40.21407,-74.67796,"No","NONE","366",442426.988619,502944.184107,NA,"DVRPC",0,"Moderate Injury",5232396,40.2141693,-74.6778584
4939215,"2005110305-46245","05-46245",2005,"MERCER","Hamilton Twp (Mercer Co)","10/23/2005 0:00","Sunday","October","12/31/1899 17:10","1","HAMILTON","",0,0,1,0,0,"Injury","At Intersection","No","No","Pedalcyclist",1,"MERCER COUNTY 622","NULL",622,"","11000622",1.31,"County","Straight and Level","Blacktop","Dry","Daylight","Clear","None","None",NA,"At","NULL","RYAN AVENUE","NULL","","NULL",25,NA,40.20979,-74.71918,"No","","401",430839.600271,501447.009864,NA,"DVRPC",0,"Pain",5251613,40.2194203,-74.7246528
4939216,"2005110305-46247","05-46247",2005,"MERCER","Hamilton Twp (Mercer Co)","10/23/2005 0:00","Sunday","October","12/31/1899 17:18","1","HAMILTON","PATROL",0,0,0,0,0,"Property Damage","Not At Intersection","No","No","Pedalcyclist",1,"CORNELL AVE","NULL",NA,"","11031276",0.153,"Municipal","Straight and Level","Blacktop","Dry","Daylight","Clear","None","None",250,"Foot","West","CHEWALLA BOULEVARD","NULL","","NULL",25,NA,0,0,"No","NONE","417",432797.342934,509481.838769,NA,"DVRPC",0,"PDO",5251612,40.2320361,-74.7116813
4939317,"2005110305-48000","05-48000",2005,"MERCER","Hamilton Twp (Mercer Co)","11/3/2005 0:00","Thursday","November","12/31/1899 16:10","1","HAMILTON","",0,0,1,0,0,"Injury","Not At Intersection","No","No","Pedalcyclist",1,"PARKINSON AVE","NULL",NA,"","",NA,"Municipal","Straight and Grade","Blacktop","Dry","Daylight","Clear","None","None",5,"Foot","South","MARY STREET","NULL","","NULL",25,NA,0,0,"No","NONE","381",NA,NA,NA,"DVRPC",0,"Pain",5263320,40.200818,-74.724336
4939436,"2005110305-50456","05-50456",2005,"MERCER","Hamilton Twp (Mercer Co)","11/19/2005 0:00","Saturday","November","12/31/1899 8:58","1","HAMILTON","HAMILTON",0,0,1,0,0,"Injury","Not At Intersection","No","No","Pedalcyclist",1,"1601 GREENWOOD AVE","NULL",NA,"","",NA,"Private Property","Straight and Level","Concrete","Dry","Daylight","Clear","None","None",NA,"NULL","NULL","","NULL","","NULL",NA,NA,0,0,"No","NONE","399",NA,NA,NA,"DVRPC",0,"Moderate Injury",5272456,40.2256506,-74.7330945
4939725,"2005110305-55483","05-55483",2005,"MERCER","Hamilton Twp (Mercer Co)","12/24/2005 0:00","Saturday","December","12/31/1899 11:23","1","HAMILTON TWP.","",0,0,1,0,0,"Injury","Not At Intersection","No","No","Pedalcyclist",1,"HAMILTON SQUARE-WHITEHORSE RD","NULL",NA,"","11031988",0.76,"Municipal","Straight and Level","Blacktop","Dry","Daylight","Clear","None","None",50,"Foot","South","BOW RD","NULL","","NULL",40,NA,40.22151,-74.67102,"No","","322",444370.475362,505649.534707,NA,"DVRPC",0,"Pain",5310251,40.2214041,-74.6711895
4940697,"2.00511042005058E+016","200505857",2005,"MERCER","Hightstown Borough","6/17/2005 0:00","Friday","June","12/31/1899 11:20","1","HIGHTSTOWN","BOROUGH",0,0,1,0,0,"Injury","Not At Intersection","No","No","Pedalcyclist",1,"NJ 33","NULL",33,"","33",14.29,"State Highway","Straight and Grade","Blacktop","Dry","Daylight","Clear","None","None",57,"Foot","East","CR 539","NULL","","NULL",25,NA,40.26966,-74.52307,"No","NONE","111",485837.24,523404.28,NA,"DVRPC",0,"Pain",5218786,40.279066,-74.5208666
4941099,"20051106HT2005-009752","HT2005-009752",2005,"MERCER","Hopewell Twp (Mercer Co)","6/2/2005 0:00","Thursday","June","12/31/1899 18:57","1","HOPEWELL","51NO",0,1,1,0,0,"Injury","At Intersection","No","No","Pedalcyclist",1,"ROUTE 546","NULL",546,"","546",5.26,"County","Straight and Level","Blacktop","Dry","Daylight","Clear","None","None",NA,"At","NULL","CR 632","NULL","","NULL",40,NA,40.30952,-74.77649,"No","NONE","37",415020.15,537782.44,NA,"DVRPC",0,"Incapacitating Injury",5117002,40.3095038,-74.7765179
4941329,"20051106HT2005-018384","HT2005-018384",2005,"MERCER","Hopewell Twp (Mercer Co)","10/29/2005 0:00","Saturday","October","12/31/1899 12:33","1","HOPEWELL","53",0,0,1,0,0,"Injury","Not At Intersection","No","No","Pedalcyclist",1,"NJ 29","NULL",29,"","29",12.4,"State Highway","Straight and Level","Blacktop","Dry","Daylight","Clear","None","None",528,"Foot","South","GRANT STREET","NULL","","NULL",45,NA,40.30225,-74.87125,"No","","42",388534.959779,535312.309701,NA,"DVRPC",0,"Moderate Injury",5251402,40.3033974,-74.8721573
4941881,"2005110705028810","5028818",2005,"MERCER","Lawrence Twp (Mercer Co)","6/28/2005 0:00","Tuesday","June","12/31/1899 17:22","1","LAWRENCE TWP","05-028818",0,0,1,0,0,"Injury","Not At Intersection","No","No","Pedalcyclist",1,"2999 PRINCETON PK","NULL",NA,"","",NA,"Private Property","Straight and Level","Blacktop","Dry","Daylight","Clear","Grass Median","None",NA,"NULL","NULL","","NULL","","NULL",NA,NA,0,0,"No","NONE","156",NA,NA,NA,"DVRPC",0,"Moderate Injury",5177799,40.280646,-74.717699
4941888,"2005110705029250","5029257",2005,"MERCER","Lawrence Twp (Mercer Co)","7/1/2005 0:00","Friday","July","12/31/1899 17:05","1","LAWRENCE TWP","05-029257",0,0,0,0,0,"Property Damage","At Intersection","No","No","Pedalcyclist",1,"ROUTE 583","NULL",583,"","583",3.2,"Municipal","Straight and Grade","Blacktop","Wet","Daylight","Rain","None","None",NA,"At","West","CRESTHILL ROAD","NULL","","NULL",25,NA,0,0,"No","NONE","192",430734.978686,525363.140229,NA,"DVRPC",0,"PDO",5177788,40.275524,-74.7200366
4943004,"20051107OIT-05136297","OIT-05136297",2005,"MERCER","Lawrence Twp (Mercer Co)","6/5/2005 0:00","Sunday","June","12/31/1899 16:24","1","LAWRENCE TWP","05-025472",0,0,1,0,0,"Injury","Not At Intersection","Yes","No","Pedalcyclist",1,"US 206","NULL",206,"","206",48.75,"State Highway","Straight and Level","Blacktop","Dry","Daylight","Clear","None","None",200,"Foot","South","CRAVEN LANE","NULL","","NULL",30,NA,40.29693,-74.73031,"No","NONE","156",427539.547778,532636.509444,NA,"DVRPC",0,"Moderate Injury",5136297,40.296075,-74.7310064
4943200,"2005110905-14297","05-14297",2005,"MERCER","Princeton Borough","9/27/2005 0:00","Tuesday","September","12/31/1899 7:46","1","PRINCETON BORO","",0,0,1,0,0,"Injury","At Intersection","No","No","Pedalcyclist",1,"LINDEN LN","NULL",NA,"","",NA,"Municipal","Straight and Level","Blacktop","Dry","Daylight","Clear","NULL","None",NA,"At","South","FRANKLIN AVENUE","NULL","","NULL",25,NA,0,0,"No","NONE","134",NA,NA,NA,"DVRPC",0,"Pain",5221004,40.3586583,-74.6514472
4943219,"2005110905-15168","05-15168",2005,"MERCER","Princeton Borough","10/14/2005 0:00","Friday","October","12/31/1899 5:53","1","PRINCETON BORO","",0,0,1,0,0,"Injury","Not At Intersection","No","No","Pedalcyclist",1,"NJ 27","NULL",27,"","27",0.26,"State Highway","Straight and Level","Blacktop","Wet","Dark (Street Lights On/ continuous)","Clear","None","None",40,"Foot","East","WITHERSPOON STREET","NULL","","NULL",25,NA,40.34965,-74.65977,"No","","114",447620.777811,552329.210454,NA,"DVRPC",0,"Moderate Injury",5241379,40.3496565,-74.6597434
4943259,"2005110905-16930","05-16930",2005,"MERCER","Princeton Borough","11/15/2005 0:00","Tuesday","November","12/31/1899 15:41","1","PRINCETON BORO","",0,0,1,0,0,"Injury","At Intersection","No","No","Pedalcyclist",1,"S HARRISON ST","NULL",NA,"","11091239",0.58,"Municipal","Straight and Grade","Blacktop","Wet","Daylight","Rain","None","None",NA,"At","NULL","HORNER LANE","NULL","","NULL",25,NA,40.3578,-74.64852,"No","NONE","138",450737.196712,555285.11659,NA,"DVRPC",0,"Moderate Injury",5272615,40.3576311,-74.6483951
4943449,"200511092005-008143","2005-008143",2005,"MERCER","Princeton Borough","6/3/2005 0:00","Friday","June","12/31/1899 7:56","1","PRINCETON BORO","",0,0,1,0,0,"Injury","At Intersection","No","No","Pedalcyclist",1,"PROSPECT AVE","NULL",NA,"","11091240",0.5,"Municipal","Straight and Level","Blacktop","Wet","Daylight","Rain","None","None",NA,"At","NULL","PRINCETON AVENUE","NULL","","NULL",25,NA,40.35023,-74.64611,"No","NONE","138",451403.69375,552524.6225,NA,"DVRPC",0,"Moderate Injury",5125041,40.3502581,-74.6459984
4943592,"2005111005-13304","05-13304",2005,"MERCER","Princeton Township","10/1/2005 0:00","Saturday","October","12/31/1899 22:27","1","PRINCETON TWP.","",0,0,1,0,0,"Injury","At Intersection","No","No","Pedalcyclist",1,"WITHERSPOON ST","NULL",NA,"","11091241",0.51,"Municipal","Straight and Grade","Blacktop","Dry","Dark (Street Lights On/ continuous)","Clear","None","None",NA,"At","NULL","LEIGH AVENUE","NULL","","NULL",25,NA,40.35669,-74.6628,"No","","181",446757.88,554882.69,NA,"DVRPC",0,"Moderate Injury",5231963,40.3567073,-74.6628
4943595,"2005111005-13363","05-13363",2005,"MERCER","Princeton Township","10/3/2005 0:00","Monday","October","12/31/1899 8:31","1","PRINCETON TWP","",0,0,1,0,0,"Injury","At Intersection","No","No","Pedalcyclist",1,"ROUTE 571","NULL",571,"","571",43.31,"County","Straight and Grade","Blacktop","Dry","Daylight","Clear","None","None",NA,"At","NULL","FACULTY ROAD","NULL","","NULL",40,NA,40.34094,-74.64962,"No","","25",450362.87,549224.41,NA,"DVRPC",0,"Pain",5227893,40.3411546,-74.6498158
4943632,"2005111005-14979","05-14979",2005,"MERCER","Princeton Township","10/31/2005 0:00","Monday","October","12/31/1899 8:21","1","PRINCETON TOWNSHIP","",0,0,1,0,0,"Injury","Not At Intersection","No","No","Pedalcyclist",1,"HARRISON ST","NULL",NA,"","",NA,"Municipal","Straight and Level","Blacktop","Dry","Daylight","Clear","None","None",100,"Foot","North","TERHUNE ROAD","NULL","","NULL",35,NA,0,0,"No","DALE S.KITCHEN 17 MULBERRY ROW PRINCETON NJ 08540","241",NA,NA,NA,"DVRPC",0,"Pain",5253943,40.36586,-74.6542581
4943820,"2005111005-4513","May-13",2005,"MERCER","Princeton Township","4/5/2005 0:00","Tuesday","April","12/31/1899 10:15","1","PRINCETON TWP","",0,0,1,0,0,"Injury","Not At Intersection","No","No","Pedalcyclist",1,"ALEXANDER RD","NULL",NA,"","",NA,"Municipal","Straight and Level","Blacktop","Dry","Daylight","Clear","None","None",350,"Foot","West","FACULTY RD","NULL","","NULL",35,NA,0,0,"No","","103",NA,NA,NA,"DVRPC",0,"Pain",5077602,40.3378924,-74.6569572
4943934,"2005111005-9310","May-10",2005,"MERCER","Princeton Township","7/13/2005 0:00","Wednesday","July","12/31/1899 18:08","1","PRINCETON TWP.","",0,0,1,0,0,"Injury","At Intersection","No","No","Pedalcyclist",1,"MOUNT LUCAS RD","NULL",NA,"","",NA,"Municipal","Curve and Grade","Blacktop","Dry","Daylight","Clear","None","None",20,"At","West","HERRONTOWN ROAD","NULL","","NULL",35,NA,0,0,"No","NONE","181",NA,NA,NA,"DVRPC",0,"Moderate Injury",5161272,40.3871649,-74.6531593
4944718,"20051111062-05027-286","062-05027-286",2005,"MERCER","Trenton City","3/3/2005 0:00","Thursday","March","12/31/1899 15:00","1","TRENTON","PATROL",0,0,0,0,0,"Property Damage","Not At Intersection","No","No","Pedalcyclist",1,"NEW YORK AVE","NULL",NA,"","11111545",0.27,"Municipal","Straight and Level","Blacktop","Dry","Daylight","Clear","None","None",150,"Foot","West","CR 622","NULL","","NULL",25,NA,0,0,"No","","***",423183.76853,511237.197101,NA,"DVRPC",0,"PDO",5039062,40.2364269,-74.7473647
4944857,"20051111073-05032135","073-05032135",2005,"MERCER","Trenton City","3/14/2005 0:00","Monday","March","12/31/1899 17:00","","TRENTON","PATROL",0,0,1,0,0,"Injury","At Intersection","No","No","Pedalcyclist",1,"PROSPECT ST","NULL",NA,"","11111562",0.04,"Municipal","Straight and Grade","Blacktop","Dry","Daylight","Clear","None","None",5,"At","West","SPRING STREET","NULL","","NULL",25,NA,40.22649,-74.77813,"No","","***",414468.124442,507539.712219,NA,"DVRPC",0,"Moderate Injury",5053695,40.2265662,-74.7780507
4945027,"20051111091-05040002","091-05040002",2005,"MERCER","Trenton City","4/1/2005 0:00","Friday","April","12/31/1899 17:30","","TRENTON","PATROL",0,0,0,0,0,"Property Damage","At Intersection","No","No","Pedalcyclist",1,"QUINTON AVE","NULL",NA,"","",NA,"Municipal","Straight and Level","Blacktop","Dry","Daylight","Clear","NULL","None",5,"At","South","RT 33","NULL","","NULL",25,NA,0,0,"No","","***",NA,NA,NA,"DVRPC",0,"PDO",5066612,40.221753,-74.7415034
4945090,"20051111096-05042194","096-05042194",2005,"MERCER","Trenton City","4/6/2005 0:00","Wednesday","April","12/31/1899 17:25","1","CITY OF TRENTON","PATROL",0,0,1,0,0,"Injury","At Intersection","No","No","Pedalcyclist",1,"MERCER COUNTY 635","NULL",635,"","11000635",0.19,"County","Straight and Level","Blacktop","Dry","Daylight","Clear","None","None",NA,"At","NULL","WALL STREET","NULL","","NULL",25,NA,40.2215,-74.75183,"No","","***",421783.769987,505695.295713,NA,"DVRPC",0,"Pain",5070173,40.2215461,-74.7518731
4945166,"2.00511111030504E+018","10305045205",2005,"MERCER","Trenton City","4/13/2005 0:00","Wednesday","April","12/31/1899 10:15","1","TRENTON","PATROL",0,0,0,0,0,"Property Damage","At Intersection","No","No","Pedalcyclist",1,"S CLINTON AVE","NULL",NA,"","11031969",3.27,"Municipal","Straight and Level","Blacktop","Dry","Daylight","Clear","None","None",30,"At","North","PEARL STREET","NULL","","NULL",25,NA,0,0,"No","","408",421127.7543,503307.365615,NA,"DVRPC",0,"PDO",5074667,40.2148891,-74.7542242
4945474,"20051111132-05058337","132-05058337",2005,"MERCER","Trenton City","5/12/2005 0:00","Thursday","May","12/31/1899 19:18","1","TRENTON","PATROL",0,0,1,0,0,"Injury","At Intersection","No","No","Pedalcyclist",1,"S CLINTON AVE","NULL",NA,"","11031969",3.41,"Municipal","Straight and Grade","Blacktop","Dry","Daylight","Clear","Grass Median","None",30,"At","North","RT 33","NULL","","NULL",25,NA,40.21694,-74.75465,"No","BICYCLE DAMAGED","***",421013.9335,504042.620451,NA,"DVRPC",0,"Moderate Injury",5099192,40.2169042,-74.754636
4945505,"20051111135-05059701","135-05059701",2005,"MERCER","Trenton City","5/15/2005 0:00","Sunday","May","12/31/1899 21:52","1","TRENTON","PATROL",0,0,1,0,0,"Injury","At Intersection","No","No","Pedalcyclist",1,"MONMOUTH ST","NULL",NA,"","11111544",0.43,"Municipal","Straight and Grade","Blacktop","Dry","Dark (Street Lights On/ continuous)","Clear","None","None",NA,"At","NULL","WALNUT AVENUE","NULL","","NULL",25,NA,40.22071,-74.74896,"No","","593",422607.04,505410.28,NA,"DVRPC",0,"Pain",5099156,40.220716,-74.748957
4945558,"2.00511111380507E+018","13805070411",2005,"MERCER","Trenton City","6/7/2005 0:00","Tuesday","June","12/31/1899 9:44","**","TRENTON","PATROL",0,0,1,0,0,"Injury","At Intersection","No","No","Pedalcyclist",1,"US 206","NULL",206,"","206",41.57,"Municipal","Straight and Level","Blacktop","Dry","Daylight","Clear","NULL","NULL",NA,"At","NULL","CASS STREET","NULL","","NULL",25,NA,40.20706,-74.75019,"No","","352",422481.566458,500311.274199,NA,"DVRPC",0,"Moderate Injury",5120882,40.2068689,-74.7496981
4945724,"20051111153-05068207","153-05068207",2005,"MERCER","Trenton City","6/2/2005 0:00","Thursday","June","12/31/1899 18:13","1","TRENTON","PATROL",0,0,1,0,0,"Injury","Not At Intersection","No","No","Pedalcyclist",1,"CLEVELAND AVE","NULL",NA,"","",NA,"Municipal","Straight and Level","Blacktop","Dry","Daylight","Clear","None","None",300,"Foot","NULL","FARRAGUT AVENUE","NULL","","NULL",25,NA,0,0,"No","NONE","***",NA,NA,NA,"DVRPC",0,"Moderate Injury",5117090,40.222752,-74.732546
4945745,"2.00511111540506E+018","15405068698",2005,"MERCER","Trenton City","6/3/2005 0:00","Friday","June","12/31/1899 18:49","1","TRENTON NJ","PATROL",0,0,1,0,0,"Injury","Not At Intersection","No","No","Pedalcyclist",1,"SOUTH COOK AVE","NULL",NA,"","",NA,"Municipal","Straight and Level","Blacktop","Wet","Daylight","Rain","None","None",NA,"NULL","East","BELGRADE ALLEY","NULL","","NULL",25,NA,0,0,"No","","***",NA,NA,NA,"DVRPC",0,"Moderate Injury",5117068,40.221767,-74.740264
4945816,"20051111160-05071760","160-05071760",2005,"MERCER","Trenton City","6/9/2005 0:00","Thursday","June","12/31/1899 20:54","1","TRENTON","PATROL B-56",0,0,1,0,0,"Injury","At Intersection","No","No","Pedalcyclist",1,"SOUTH COOK AVE","NULL",NA,"","",NA,"Municipal","Straight and Level","Blacktop","Dry","Dark (Street Lights On/ continuous)","Clear","None","None",30,"At","North","FARRAGUT AVENUE","NULL","","NULL",25,NA,0,0,"No","","162",NA,NA,NA,"DVRPC",0,"Pain",5123200,40.219559,-74.738083
4945839,"20051111162-05072599","162-05072599",2005,"MERCER","Trenton City","6/11/2005 0:00","Saturday","June","","1","TRENTON","PATROL",0,0,1,0,0,"Injury","At Intersection","No","No","Pedalcyclist",1,"HEWITT ST","NULL",NA,"","",NA,"Municipal","Straight and Level","Blacktop","Dry","Daylight","Clear","None","None",5,"At","North","ANDERSON STREET","NULL","","NULL",25,NA,0,0,"No","","381",NA,NA,NA,"DVRPC",0,"Pain",5125487,40.208108,-74.741904
4945902,"20051111168-05075629","168-05075629",2005,"MERCER","Trenton City","6/17/2005 0:00","Friday","June","12/31/1899 14:45","1","CITY OF TRENTON","PATROL",0,0,1,0,0,"Injury","At Intersection","No","No","Pedalcyclist",1,"QUINTIN AVE","NULL",NA,"","11111539",0,"Municipal","Straight and Level","Blacktop","Dry","Daylight","Clear","None","None",5,"At","South","RT 33","NULL","","NULL",25,NA,40.22175,-74.74151,"No","","***",424678.5575,505778.019375,NA,"DVRPC",0,"Moderate Injury",5131328,40.221753,-74.7415034
4945956,"20051111174-05078384","174-05078384",2005,"MERCER","Trenton City","6/23/2005 0:00","Thursday","June","12/31/1899 23:30","1","TRENTON","TRENTON",0,0,1,0,0,"Injury","At Intersection","No","No","Pedalcyclist",1,"EDGEWOOD AVE","NULL",NA,"","",NA,"Municipal","Straight and Level","Blacktop","Dry","Dark (Street Lights On/ continuous)","Clear","None","None",NA,"At","NULL","HERMITAGE AVENUE","NULL","","NULL",25,NA,0,0,"No","","619",NA,NA,NA,"DVRPC",0,"Pain",5133668,40.230588,-74.78297
4946024,"2.00511111805082E+017","1805082672",2005,"MERCER","Trenton City","7/1/2005 0:00","Friday","July","12/31/1899 15:37","1","TRENTON","225 N. CLINTON?",0,0,2,0,0,"Injury","At Intersection","No","No","Pedalcyclist",1,"SOUTHARD ST","NULL",NA,"","11111558",0.11,"Municipal","Straight and Grade","Gravel","Other","Daylight","Clear","None","None",NA,"At","NULL","ESCHER STREET","NULL","","NULL",25,NA,40.22694,-74.75553,"No","NONE","243",420783.11,507674.89,NA,"DVRPC",0,"Moderate Injury",5146725,40.2269024,-74.755578
4946076,"20051111186-05084556","186-05084556",2005,"MERCER","Trenton City","7/5/2005 0:00","Tuesday","July","12/31/1899 12:58","1","TRENTON","PATROL",0,0,1,0,0,"Injury","Not At Intersection","No","No","Pedalcyclist",1,"CROSS ST","NULL",NA,"","",NA,"Municipal","Straight and Level","Blacktop","Dry","Daylight","Clear","None","None",100,"Foot","East","CARROLL STREET","NULL","","NULL",25,NA,0,0,"No","","***",NA,NA,NA,"DVRPC",0,"Pain",5150025,40.222752,-74.75711
4946086,"20051111187-05085086","187-05085086",2005,"MERCER","Trenton City","7/6/2005 0:00","Wednesday","July","12/31/1899 15:12","1","TRENTON","PATROL",0,0,0,0,0,"Property Damage","At Intersection","No","No","Pedalcyclist",1,"NORTH CLINTON AVE","NULL",NA,"","11031969",4.23,"Municipal","Straight and Level","Blacktop","Dry","Daylight","Clear","None","None",NA,"At","NULL","PERRINE AVENUE","NULL","","NULL",25,NA,0,0,"No","","224",421897.972305,508104.016383,NA,"DVRPC",0,"PDO",5150033,40.228089,-74.751543
4946123,"20051111191-05-087070","191-05-087070",2005,"MERCER","Trenton City","7/10/2005 0:00","Sunday","July","12/31/1899 12:28","1","TRENTON NJ","PATROL 1ST PLA?",0,0,1,0,0,"Injury","At Intersection","No","No","Pedalcyclist",1,"MERCER COUNTY 606","NULL",606,"","11000606",1.58,"County","Straight and Level","Blacktop","Dry","Daylight","Clear","None","None",NA,"At","NULL","CLEVELAND AVENUE","NULL","","NULL",25,NA,40.22029,-74.73062,"No","","***",427722.13,505239.83,NA,"DVRPC",0,"Moderate Injury",5152031,40.2202892,-74.7306265
4946162,"20051111194-05088509","194-05088509",2005,"MERCER","Trenton City","7/13/2005 0:00","Wednesday","July","12/31/1899 14:10","1","TRENTON","PATROL",0,0,1,0,0,"Injury","At Intersection","No","No","Pedalcyclist",1,"NJ 33","NULL",33,"","33",0.18,"County","Curve and Grade","Blacktop","Dry","Daylight","Clear","None","None",NA,"At","NULL","SOUTH CLINTON AVENUE","NULL","","NULL",25,NA,40.21684,-74.75464,"No","","381",420999.23,504007.72,NA,"DVRPC",0,"Pain",5172951,40.2169042,-74.754636
4946191,"20051111197-05090124","197-05090124",2005,"MERCER","Trenton City","7/16/2005 0:00","Saturday","July","12/31/1899 12:59","1","TRENTON","PATROL",0,0,1,0,0,"Injury","At Intersection","No","No","Pedalcyclist",1,"NJ 129","NULL",129,"","129",1.08,"State Highway","Straight and Level","Blacktop","Dry","Daylight","Clear","Curbed Median","None",NA,"At","NULL","CR 650","NULL","","NULL",40,NA,40.19875,-74.75295,"No","","***",421478.30628,497365.674937,NA,"DVRPC",0,"Pain",5181234,40.198335,-74.7528561
4946495,"2005111122505-122411","22505-122411",2005,"MERCER","Trenton City","9/12/2005 0:00","Monday","September","12/31/1899 18:30","1","TRENTON NJ","PATROL 1ST PLA?",0,0,1,0,0,"Injury","At Intersection","No","No","Pedalcyclist",1,"CENTER ST","NULL",NA,"","11111528",0.31,"Municipal","Straight and Level","Blacktop","Dry","Daylight","Clear","None","NULL",NA,"At","NULL","FURMAN STREET","NULL","","NULL",25,NA,40.20979,-74.75951,"No","?","***",419650.35,501429.54,NA,"DVRPC",0,"Moderate Injury",5207344,40.209768,-74.759497
4946607,"20051111236-05113522","236-05113522",2005,"MERCER","Trenton City","8/24/2005 0:00","Wednesday","August","12/31/1899 18:24","1","TRENTON","TRENTON POLICE",0,0,1,0,0,"Injury","At Intersection","No","No","Pedalcyclist",1,"MARKET STREET","NULL",NA,"","11111526",0.52,"Municipal","Straight and Grade","Blacktop","Dry","Daylight","Clear","Curbed Median","None",NA,"At","NULL","STOCKTON STREET","NULL","","NULL",25,NA,40.21685,-74.75996,"No","NONE","***",419488.399139,503979.463775,NA,"DVRPC",0,"Moderate Injury",5210972,40.2172775,-74.7592327
4946646,"20051111241-05114936","241-05114936",2005,"MERCER","Trenton City","8/29/2005 0:00","Monday","August","12/31/1899 9:11","1","TRENTON","PATROL",0,0,0,0,0,"Property Damage","At Intersection","No","No","Pedalcyclist",1,"US 206","NULL",206,"","206",43.84,"Municipal","Straight and Level","Blacktop","Dry","Daylight","Clear","None","None",NA,"At","NULL","VINE STREET","NULL","","NULL",25,NA,0,0,"No","","446",420718.242791,509348.228123,NA,"DVRPC",0,"PDO",5209444,40.2345331,-74.7581688
4946709,"2.00511112460511E+018","24605118046",2005,"MERCER","Trenton City","9/3/2005 0:00","Saturday","September","12/31/1899 21:32","1","TRENTON","PATROL",0,0,1,0,0,"Injury","At Intersection","No","No","Pedalcyclist",1,"NJ 129","NULL",129,"","129",2.14,"State Highway","Straight and Level","Blacktop","Dry","Dark (Street Lights On/ continuous)","Clear","Barrier Median","None",NA,"At","NULL","CR 606","NULL","","NULL",50,NA,40.21425,-74.75653,"No","(1) RED MONGOL BICYCLE TIRE REAR DAMAGE.","541",420501.763748,502966.212691,NA,"DVRPC",0,"Pain",5204880,40.2135629,-74.7563763
4946733,"20051111249-05119509","249-05119509",2005,"MERCER","Trenton City","9/6/2005 0:00","Tuesday","September","12/31/1899 17:14","1","CITY OF TRENTON","C84",0,0,1,0,0,"Injury","At Intersection","No","No","Pedalcyclist",1,"PERRY ST","NULL",NA,"","11111556",0.32,"Municipal","Straight and Level","Blacktop","Dry","Daylight","Clear","None","None",NA,"At","NULL","ALLEN STREET","NULL","","NULL",25,NA,40.22404,-74.75964,"No","NONE","***",419627.8,506631.22,NA,"DVRPC",0,"Pain",5207765,40.2240488,-74.759632
4947145,"20051111292-05142303","292-05142303",2005,"MERCER","Trenton City","10/19/2005 0:00","Wednesday","October","12/31/1899 20:08","1","TRENTON","PATROL",0,0,0,0,0,"Property Damage","Not At Intersection","No","No","Pedalcyclist",1,"1200 GREENWOOD AVE","NULL",NA,"","",NA,"Private Property","NULL","Blacktop","Dry","Dark (Street Lights On/ continuous)","Clear","NULL","None",NA,"NULL","NULL","C V S PHARMACY","NULL","","NULL",15,NA,0,0,"No","","***",NA,NA,NA,"DVRPC",0,"PDO",5257145,40.2246852,-74.7366999