"ID","DOT_WEB_ID","CASE_NUMBER","CRASH_YEAR","COUNTY","MUNICIPALITY","CRASH_DATE","CRASH_DAY_OF_WEEK","CRASH_MONTH","CRASH_TIME","POLICE_DEPT_CODE","POLICE_DEPARTMENT","POLICE_STATION","TOTAL_KILLED","TOTAL_INCAPACITATED","TOTAL_INJURED","PEDESTRIANS_KILLED","PEDESTRIANS_INJURED","SEVERITY","INTERSECTION","ALCOHOL_INVOLVED","HAZMAT_INVOLVED","CRASH_TYPE","TOTAL_VEHICLES_INVOLVED","CRASH_LOCATION","LOCATION_DIRECTION","ROUTE","ROUTE_SUFFIX","SRI","MILEPOST","ROAD_SYSTEM","ROAD_CHARACTER","ROAD_SURFACE_TYPE","SURFACE_CONDITION","LIGHT_CONDITION","ENVIRONMENTAL_CONDITION","ROAD_DIVIDED_BY","TEMP_TRAFFIC_CONTROL_ZONE","DISTANCE_TO_CROSS_STREET","UNIT_OF_MEASUREMENT","DIRECTION_FROM_CROSS_STREET","CROSS_STREET_NAME","IS_RAMP","RAMP_TO_FROM_ROUTE_NAME","RAMP_TO_FROM_ROUTE_DIRECTION","POSTED_SPEED","POSTED_SPEED_CROSS_STREET","LATITUDE","LONGITUDE","CELL_PHONE_IN_USE","OTHER_PROPERTY_DAMAGE","REPORTING_BADGE_NO","X","Y","CRASH_NARRATIVE","MPO","TOTAL_PEDESTRIANS_INVOLVED","EPDO","DLN","LatitudeGeocoded","LongitudeGeocoded"
4947195,"20051111297-05144649","297-05144649",2005,"MERCER","Trenton City","10/24/2005 0:00","Monday","October","12/31/1899 12:15","1","CITY OF TRENTON","PATROL",0,0,0,0,0,"Property Damage","At Intersection","No","No","Pedalcyclist",1,"SOUTHARD ST","NULL",NA,"","11111558",0.11,"Municipal","Straight and Level","Blacktop","Dry","Daylight","Clear","None","None",NA,"At","NULL","ESCHER STREET","NULL","","NULL",25,NA,0,0,"No","","***",420783.11,507674.89,NA,"DVRPC",0,"PDO",5243677,40.2269024,-74.755578
4947196,"20051111297-05144651","297-05144651",2005,"MERCER","Trenton City","10/24/2005 0:00","Monday","October","12/31/1899 12:23","1","TRENTON","PATROL",0,0,1,0,0,"Injury","At Intersection","No","No","Pedalcyclist",1,"NJ 31","NULL",31,"","31",0.73,"County","Straight and Level","Blacktop","Dry","Daylight","Clear","NULL","None",NA,"At","NULL","PROSPECT STREET","NULL","","NULL",NA,NA,40.23475,-74.77132,"No","","***",416291.680498,510666.142921,NA,"DVRPC",0,"Pain",5243676,40.235233,-74.771773
4947306,"20051111304-05148438","304-05148438",2005,"MERCER","Trenton City","10/31/2005 0:00","Monday","October","12/31/1899 14:45","1","CITY OF TRENTON","PATROL",0,0,0,0,0,"Property Damage","At Intersection","No","No","Pedalcyclist",1,"NJ 33","NULL",33,"","33",0.18,"County","Straight and Level","Blacktop","Dry","Daylight","Clear","Curbed Median","None",NA,"At","NULL","SOUTH CLINTON AVEENUE","NULL","","NULL",25,NA,0,0,"No","","***",420999.23,504007.72,NA,"DVRPC",0,"PDO",5248753,40.2169042,-74.754636
4947367,"2.00511113090515E+018","30905151421",2005,"MERCER","Trenton City","11/5/2005 0:00","Saturday","November","12/31/1899 17:28","1","TRENTON","PATROL",0,0,1,0,0,"Injury","At Intersection","No","No","Pedalcyclist",1,"NJ 33","NULL",33,"","33",0.48,"County","Straight and Level","Blacktop","Dry","Dusk","Clear","None","None",NA,"At","NULL","CHESTNUT AVENUE","NULL","","NULL",25,NA,40.2183,-74.74933,"No","","***",422479.047446,504521.538723,NA,"DVRPC",0,"Moderate Injury",5260907,40.2182635,-74.749463
4947373,"20051111310-05151946","310-05151946",2005,"MERCER","Trenton City","11/6/2005 0:00","Sunday","November","12/31/1899 16:08","1","TRENTON","PATROL",0,0,2,0,0,"Injury","At Intersection","No","No","Pedalcyclist",1,"MERCER COUNTY 653","NULL",653,"","11000653",0.31,"County","Straight and Level","Blacktop","Dry","Daylight","Clear","None","None",NA,"At","NULL","BELLEVUE AVENUE","NULL","","NULL",35,NA,40.22607,-74.77142,"No","NONE","109",416341.074293,507379.621439,NA,"DVRPC",0,"Moderate Injury",5260909,40.2323315,-74.7818299
4947906,"2.00511113600517E+018","36005179272",2005,"MERCER","Trenton City","12/26/2005 0:00","Monday","December","12/31/1899 13:52","1","TRENTON","PATROL",0,0,0,0,0,"Property Damage","At Intersection","No","No","Pedalcyclist",1,"MELROSE AVE","NULL",NA,"","11111099",0.41,"Municipal","Straight and Level","Concrete","Dry","Daylight","NULL","None","None",NA,"At","NULL","CR 606","NULL","","NULL",25,NA,0,0,"No","","***",425758.210011,504568.800142,NA,"DVRPC",0,"PDO",5303547,40.218426,-74.737647
4947924,"20051111363-05180971","363-05180971",2005,"MERCER","Trenton City","12/29/2005 0:00","Thursday","December","12/31/1899 13:20","1","TRENTON","METRO",0,0,1,0,0,"Injury","Not At Intersection","No","No","Pedalcyclist",1,"MARKET STREET","NULL",NA,"","11111526",0.42,"Municipal","Straight and Level","Blacktop","Wet","Daylight","Rain","None","None",200,"Foot","North","RT 206","NULL","","NULL",25,NA,40.21585,-74.76169,"No","","572",419001.825591,503637.963862,NA,"DVRPC",0,"Moderate Injury",5314991,40.2153238,-74.7626264
4947997,"20051111C0602005-557A","C0602005-557A",2005,"MERCER","Trenton City","6/7/2005 0:00","Tuesday","June","12/31/1899 9:44","2","STATE POLICE","HAMILTON-SUB",0,0,1,0,0,"Injury","At Intersection","No","No","Pedalcyclist",1,"US 206","NULL",206,"","206",41.57,"Municipal","Straight and Level","Blacktop","Dry","Daylight","Clear","None","None",NA,"At","NULL","CASS STREET","NULL","","NULL",35,NA,40.20706,-74.75019,"No","NONE","462",422481.566458,500311.274199,NA,"DVRPC",0,"Moderate Injury",5153795,40.2068689,-74.7496981
4948878,"2005111305-12407","05-12407",2005,"MERCER","West Windsor Township","5/1/2005 0:00","Sunday","May","12/31/1899 18:11","1","WEST WINDSOR POLICE","2005-12407",0,0,1,0,0,"Injury","Not At Intersection","No","No","Pedalcyclist",1,"WOODMERE WAY","NULL",NA,"","",NA,"Municipal","Curve and Level","Blacktop","Dry","Daylight","Clear","None","None",225,"Foot","South","AMHERST WAY","NULL","","NULL",30,NA,0,0,"No","NONE","552",NA,NA,NA,"DVRPC",0,"Moderate Injury",5103298,40.2914,-74.614882
4949589,"2005111305-31148","05-31148",2005,"MERCER","West Windsor Township","10/31/2005 0:00","Monday","October","12/31/1899 16:10","1","WEST WINDSOR","05-31148",0,0,1,0,0,"Injury","At Intersection","No","No","Pedalcyclist",1,"REED DRIVE","NULL",NA,"","",NA,"Municipal","Straight and Level","Blacktop","Dry","Daylight","Clear","None","None",NA,"At","NULL","VILLAGE RD WEST","NULL","","NULL",35,NA,0,0,"No","NONE","538",NA,NA,NA,"DVRPC",0,"Moderate Injury",5275498,40.282806,-74.620669
5258746,"20031102T2003-242","T2003-242",2003,"MERCER","Ewing Township","3/3/2003 0:00","Monday","March","12/31/1899 15:44","1","EWING TWP","TRAFFIC",0,0,1,0,0,"Injury","Not At Intersection","No","No","Pedalcyclist",1,"MERCER COUNTY 627","NULL",627,"","11000627",0,"County","Straight and Level","Blacktop","Dry","Daylight","Clear","None","None",15,"Foot","North","PARKWAY AVE. (RT. #634)","NULL","","NULL",25,NA,0,0,"No","","139",416715.59,511440.82,NA,"DVRPC",0,"Pain",3042766,40.246573,-74.7845756
5259030,"20031102T2003-542","T2003-542",2003,"MERCER","Ewing Township","5/27/2003 0:00","Tuesday","May","12/31/1899 17:02","1","EWING TWP","P-3",0,0,1,0,0,"Injury","Not At Intersection","No","No","Pedalcyclist",1,"ROCKLEIGH DR","NULL",NA,"","",NA,"Municipal","Curve and Level","Blacktop","Dry","Daylight","Clear","None","None",150,"Foot","West","FRAN AVE","NULL","","NULL",25,NA,0,0,"No","NONE","131",NA,NA,NA,"DVRPC",0,"Pain",3134459,40.278793,-74.789265
5259101,"20031102T2003-616","T2003-616",2003,"MERCER","Ewing Township","6/6/2003 0:00","Friday","June","12/31/1899 19:42","1","EWING","T-1",0,0,1,0,0,"Injury","Not At Intersection","No","No","Pedalcyclist",1,"SOUTHARD STREET","NULL",NA,"","",NA,"Municipal","Straight and Level","Blacktop","Dry","Daylight","Clear","None","None",50,"Foot","West","CALHOUN STREET)","NULL","","NULL",25,NA,0,0,"No","NONE","105",NA,NA,NA,"DVRPC",0,"Pain",3136218,40.2339046,-74.7636121
5259257,"20031102T2003-778","T2003-778",2003,"MERCER","Ewing Township","8/8/2003 0:00","Friday","August","12/31/1899 12:12","1","EWING","P-4",0,0,1,0,0,"Injury","Not At Intersection","No","No","Pedalcyclist",1,"1655 OLDEN AVE (COLONIAL CADILLAC)","NULL",NA,"","",NA,"Private Property","Straight and Level","Concrete","Dry","Daylight","Clear","None","None",NA,"NULL","NULL","","NULL","","NULL",NA,NA,0,0,"No","","142",NA,NA,NA,"DVRPC",0,"Pain",3183205,40.245308,-74.762895
5259262,"20031102T2003-782","T2003-782",2003,"MERCER","Ewing Township","8/12/2003 0:00","Tuesday","August","12/31/1899 18:13","1","EWING TWP","TRAFFIC",0,1,1,0,0,"Injury","Not At Intersection","No","No","Pedalcyclist",1,"BROWNING AVE","NULL",NA,"","",NA,"Municipal","Straight and Level","Blacktop","Dry","Daylight","Clear","None","None",83,"Foot","North","ORMOND AVENUE","NULL","","NULL",25,NA,0,0,"No","","139",NA,NA,NA,"DVRPC",0,"Incapacitating Injury",3183209,40.258261,-74.771786
5259270,"20031102T2003-791","T2003-791",2003,"MERCER","Ewing Township","8/14/2003 0:00","Thursday","August","12/31/1899 18:18","1","EWING","3",0,0,1,0,0,"Injury","At Intersection","No","No","Pedalcyclist",1,"MERCER COUNTY 636","NULL",636,"","11000636",3.27,"County","Straight and Level","Blacktop","Dry","Daylight","Clear","None","None",NA,"At","NULL","RUNNING BROOK ROAD","NULL","","NULL",40,NA,0,0,"No","","148",418749.57,523226.47,NA,"DVRPC",0,"Moderate Injury",3183216,40.2696015,-74.7629651
5259594,"2003110303-11718","03-11718",2003,"MERCER","Hamilton Twp (Mercer Co)","3/26/2003 0:00","Wednesday","March","12/31/1899 12:57","1","HAMILTON","",0,0,0,0,0,"Property Damage","Not At Intersection","No","No","Pedalcyclist",1,"MERCER COUNTY 606","NULL",606,"","11000606",1.57,"County","Straight and Level","Blacktop","Dry","Daylight","Clear","None","None",NA,"Foot","NULL","","NULL","","NULL",30,NA,0,0,"No","NONE","330",427678.679201,505224.700614,NA,"DVRPC",0,"PDO",3067118,40.2309554,-74.7057543
5259647,"2003110303-12560","03-12560",2003,"MERCER","Hamilton Twp (Mercer Co)","4/1/2003 0:00","Tuesday","April","12/31/1899 14:59","1","HAMILTON TWP.","",0,1,1,0,0,"Injury","Not At Intersection","No","No","Pedalcyclist",1,"JOHNSTON AVENUE","NULL",NA,"","",NA,"Municipal","Straight and Level","Blacktop","Wet","Daylight","Rain","None","None",20,"Foot","South","D'ARCY AVE.","NULL","","NULL",30,NA,0,0,"No","","322",NA,NA,NA,"DVRPC",0,"Incapacitating Injury",3070789,40.2236372,-74.7239036
5259795,"2003110303-15684","03-15684",2003,"MERCER","Hamilton Twp (Mercer Co)","4/23/2003 0:00","Wednesday","April","12/31/1899 12:25","1","HAMILTON","",0,0,1,0,0,"Injury","At Intersection","No","No","Pedalcyclist",1,"SCHILLER AVE","NULL",NA,"","",NA,"Municipal","Straight and Level","Blacktop","Dry","Daylight","Clear","None","None",NA,"At","NULL","NEW CEDAR LANE","NULL","","NULL",25,NA,0,0,"No","NONE","302",NA,NA,NA,"DVRPC",0,"Pain",3084898,40.198312,-74.734071
5259874,"2003110303-16993","03-16993",2003,"MERCER","Hamilton Twp (Mercer Co)","5/1/2003 0:00","Thursday","May","12/31/1899 7:30","1","HAMILTON TWP.","",0,0,1,0,0,"Injury","At Intersection","No","No","Pedalcyclist",1,"MARY ST","NULL",NA,"","",NA,"Municipal","Straight and Level","Blacktop","Dry","Dawn","Clear","None","None",NA,"At","NULL","PARKINSON AVENUE","NULL","","NULL",25,NA,0,0,"No","","309",NA,NA,NA,"DVRPC",0,"Moderate Injury",3094082,40.200818,-74.724336
5260003,"2003110303-19560","03-19560",2003,"MERCER","Hamilton Twp (Mercer Co)","5/19/2003 0:00","Monday","May","12/31/1899 17:35","1","HAM. TWP.","",0,0,1,0,0,"Injury","At Intersection","No","No","Pedalcyclist",1,"EAST PARK AVE","NULL",NA,"","",NA,"Municipal","Straight and Level","Blacktop","Dry","Daylight","Clear","None","None",NA,"At","NULL","BERG AVENUE","NULL","","NULL",25,NA,0,0,"No","NONE","343",NA,NA,NA,"DVRPC",0,"Moderate Injury",3107802,40.201049,-74.721033
5260054,"2003110303-20251","03-20251",2003,"MERCER","Hamilton Twp (Mercer Co)","5/24/2003 0:00","Saturday","May","12/31/1899 9:42","1","HAMILTON TWP P.D.","P-3",0,0,1,0,0,"Injury","At Intersection","No","No","Pedalcyclist",1,"LIBERTY ST","NULL",NA,"","",NA,"Municipal","Straight and Level","Blacktop","Dry","Daylight","Clear","None","None",NA,"At","NULL","RT 620","NULL","","NULL",25,NA,0,0,"No","","374",NA,NA,NA,"DVRPC",0,"Pain",3111025,40.2061644,-74.7406242
5260470,"2003110303-28546","03-28546",2003,"MERCER","Hamilton Twp (Mercer Co)","7/17/2003 0:00","Thursday","July","12/31/1899 8:15","1","HAMILTON","",0,0,1,0,0,"Injury","At Intersection","No","No","Pedalcyclist",1,"KLOCKNER RD","NULL",NA,"","11031976",0.95,"Municipal","Straight and Level","Blacktop","Dry","Daylight","Clear","None","None",NA,"At","NULL","WILLIAM STREET","NULL","","NULL",35,NA,0,0,"No","NONE","330",433448.898749,512877.605065,NA,"DVRPC",0,"Pain",3163499,40.2413772,-74.7101928
5260676,"2003110303-33137","03-33137",2003,"MERCER","Hamilton Twp (Mercer Co)","8/15/2003 0:00","Friday","August","12/31/1899 11:22","1","HAMILTON TWP.","",0,0,1,0,0,"Injury","At Intersection","No","No","Pedalcyclist",1,"US 206","NULL",206,"","206",39.86,"Municipal","Straight and Level","Blacktop","Dry","Daylight","Clear","Grass Median","None",NA,"At","NULL","SAMDIN BOULEVARD","NULL","","NULL",35,NA,0,0,"No","NONE","366",430412.641686,495993.239262,NA,"DVRPC",0,"Moderate Injury",3193640,40.1949321,-74.7212036
5260682,"2003110303-33194","03-33194",2003,"MERCER","Hamilton Twp (Mercer Co)","8/15/2003 0:00","Friday","August","12/31/1899 17:46","1","HAMILTON TWP.","",0,0,1,0,0,"Injury","Not At Intersection","No","No","Pedalcyclist",1,"LALOR ST","NULL",NA,"","",NA,"Municipal","Straight and Level","Blacktop","Dry","Daylight","Clear","None","None",30,"Foot","West","JEREMIAH AVENUE","NULL","","NULL",25,NA,0,0,"No","","309",NA,NA,NA,"DVRPC",0,"Moderate Injury",3193654,40.199518,-74.744402
5260689,"2003110303-33349","03-33349",2003,"MERCER","Hamilton Twp (Mercer Co)","8/16/2003 0:00","Saturday","August","12/31/1899 20:17","1","HAMILTON","",0,0,1,0,0,"Injury","Not At Intersection","No","No","Pedalcyclist",1,"NJ 33","NULL",33,"","33",4.64,"State Highway","Straight and Level","Blacktop","Dry","Dark (Street Lights On/ continuous)","Clear","None","None",25,"Foot","West","EVERGREEN AVENUE","NULL","","NULL",40,NA,0,0,"No","","403",442734.32885,509089.578116,NA,"DVRPC",0,"Moderate Injury",3198909,40.2310114,-74.6771478
5260827,"2003110303-36074","03-36074",2003,"MERCER","Hamilton Twp (Mercer Co)","9/2/2003 0:00","Tuesday","September","12/31/1899 21:09","1","HAMILTON TWP.","",0,0,1,0,0,"Injury","At Intersection","No","No","Pedalcyclist",1,"S CLINTON AVE","NULL",NA,"","",NA,"Municipal","Straight and Level","Blacktop","Wet","Dark (Street Lights On/ continuous)","Rain","None","None",NA,"At","NULL","FETTER AVE.","NULL","","NULL",35,NA,0,0,"No","NONE","366",NA,NA,NA,"DVRPC",0,"Moderate Injury",3207714,40.1930517,-74.7125545
5260877,"2003110303-37136","03-37136",2003,"MERCER","Hamilton Twp (Mercer Co)","9/9/2003 0:00","Tuesday","September","12/31/1899 18:21","1","HAMILTON TWP","",0,0,1,0,0,"Injury","Not At Intersection","No","No","Pedalcyclist",1,"BROOK LANE","NULL",NA,"","",NA,"Municipal","Straight and Level","Blacktop","Dry","Daylight","Clear","None","None",60,"Foot","East","HAMILTON AVE","NULL","","NULL",25,NA,0,0,"No","","325",NA,NA,NA,"DVRPC",0,"Pain",3220765,40.224755,-74.7165971
5261327,"2003110303-45221","03-45221",2003,"MERCER","Hamilton Twp (Mercer Co)","10/28/2003 0:00","Tuesday","October","12/31/1899 13:28","1","HAMILTON TWP.","",0,0,1,0,0,"Injury","Not At Intersection","No","No","Pedalcyclist",1,"4125 SOUTH BROAD STREET","NULL",NA,"","",NA,"Private Property","Straight and Level","Blacktop","Dry","Daylight","Clear","None","None",NA,"NULL","NULL","","NULL","","NULL",NA,NA,0,0,"No","REAR BICYCLE FRAME & RIM WERE SLIGHTLY DAMAGED BY VEHICLE #1","270",NA,NA,NA,"DVRPC",1,"Pain",3259650,40.1849677,-74.6802
5261938,"2003110303-7268","Mar-68",2003,"MERCER","Hamilton Twp (Mercer Co)","2/23/2003 0:00","Sunday","February","12/31/1899 11:46","1","HAMILTON","",0,0,1,0,0,"Injury","Not At Intersection","No","No","Pedalcyclist",1,"JOHNSTON AVE","NULL",NA,"","",NA,"Municipal","Straight and Level","Blacktop","Wet","Daylight","Rain","None","None",300,"Foot","West","HAMILTON AVE.","NULL","","NULL",25,NA,0,0,"No","","401",NA,NA,NA,"DVRPC",0,"Pain",3046979,40.2223104,-74.7230006
5262107,"200311030326279","326279",2003,"MERCER","Hamilton Twp (Mercer Co)","7/2/2003 0:00","Wednesday","July","12/31/1899 18:51","1","HAMILTON TWP","",0,2,2,0,0,"Injury","Not At Intersection","No","No","Pedalcyclist",1,"MERCER COUNTY 616","NULL",616,"","11000616",0.2,"County","Straight at Hillcrest","Concrete","Dry","Daylight","Clear","None","None",1000,"Foot","North","","NULL","","NULL",35,NA,0,0,"No","","?32",428361.654671,511774.503349,NA,"DVRPC",0,"Incapacitating Injury",3153029,40.2309554,-74.7057543
5262733,"2.00311042003047E+016","200304797",2003,"MERCER","Hightstown Borough","8/11/2003 0:00","Monday","August","12/31/1899 20:15","1","HIGHTSTOWN","",0,0,1,0,0,"Injury","Not At Intersection","No","No","Pedalcyclist",1,"NJ 33","NULL",33,"","33",13.55,"State Highway","Straight and Level","Blacktop","Dry","Dusk","Clear","None","None",200,"Foot","South","SUMMIT STREET","NULL","","NULL",35,NA,0,0,"No","","110",482691.145183,521203.623957,NA,"DVRPC",0,"Moderate Injury",3284675,40.264897,-74.5326022
5262746,"2.00311042003057E+016","200305708",2003,"MERCER","Hightstown Borough","9/19/2003 0:00","Friday","September","12/31/1899 7:32","1","HIGHTSTOWN","PATROL",0,0,1,0,0,"Injury","At Intersection","No","No","Pedalcyclist",1,"NJ 33","NULL",33,"","33",14.11,"State Highway","Straight and Level","Blacktop","Wet","Daylight","Clear","None","None",NA,"At","NULL","ROGERS AVENUE","NULL","","NULL",25,NA,0,0,"No","","110",485310.925462,522742.324158,NA,"DVRPC",0,"Pain",3284690,40.2683097,-74.5050542
5264646,"2003110703037330","3037336",2003,"MERCER","Lawrence Twp (Mercer Co)","9/19/2003 0:00","Friday","September","12/31/1899 12:57","1","LAWRENCE TWP","03-037336",0,0,1,0,0,"Injury","At Intersection","No","No","Pedalcyclist",1,"MERCER COUNTY 613","NULL",613,"","11000613",0,"County","Curve and Level","Blacktop","Dry","Daylight","Clear","None","None",NA,"At","NULL","","NULL","","NULL",25,NA,0,0,"No","NONE","169",422137.69,513121.96,NA,"DVRPC",0,"Pain",3237642,40.2662976,-74.718801
5264668,"2003110703040520","3040520",2003,"MERCER","Lawrence Twp (Mercer Co)","10/8/2003 0:00","Wednesday","October","12/31/1899 16:12","1","LAWRENCE TWP.","03-040520",0,0,1,0,0,"Injury","At Intersection","No","No","Pedalcyclist",1,"PRINCETON PIKE","NULL",NA,"","",NA,"Municipal","Straight and Grade","Blacktop","Dry","Daylight","Clear","None","None",NA,"At","NULL","PRINCESS RD.","NULL","","NULL",40,NA,0,0,"No","NONE","162",NA,NA,NA,"DVRPC",0,"Moderate Injury",3255475,40.2837621,-74.7147732
5265526,"2003110903-1569","03-1569",2003,"MERCER","Princeton Borough","6/11/2003 0:00","Wednesday","June","12/31/1899 11:45","1","PRINCETON BORO","",0,0,1,0,0,"Injury","At Intersection","No","No","Pedalcyclist",1,"WITHERSPOON ST","NULL",NA,"","11091241",0.35,"Municipal","Straight and Level","Blacktop","Dry","Dark (Street Lights On/ continuous)","Clear","None","None",NA,"At","NULL","MACLEAN STREET","NULL","","NULL",25,NA,0,0,"No","NONE","132",447026.74,554081.86,NA,"DVRPC",0,"Moderate Injury",3124540,40.3544833,-74.6618212
5265547,"2003110903-16293","03-16293",2003,"MERCER","Princeton Borough","10/15/2003 0:00","Wednesday","October","12/31/1899 15:57","1","PRINCETON BORO","",0,0,1,0,0,"Injury","Not At Intersection","No","No","Pedalcyclist",1,"PAUL ROBESON PL","NULL",NA,"","",NA,"Municipal","Straight and Level","Blacktop","Dry","Daylight","Clear","None","None",5,"Foot","West","WITHERSPOON STREET","NULL","","NULL",25,NA,0,0,"No","NONE","125",NA,NA,NA,"DVRPC",0,"Pain",3333699,40.3519802,-74.6607489
5265748,"2003110903-957","03-957",2003,"MERCER","Princeton Borough","4/14/2003 0:00","Monday","April","12/31/1899 8:42","1","PRINCETON BORO","",0,0,1,0,0,"Injury","At Intersection","No","No","Pedalcyclist",1,"MOORE STREET","NULL",NA,"","",NA,"Municipal","Straight and Level","Other","Dry","Daylight","Clear","None","None",NA,"At","NULL","ST 27","NULL","","NULL",25,NA,0,0,"No","","127",NA,NA,NA,"DVRPC",0,"Moderate Injury",3079601,40.3530462,-74.6553434
5265886,"2003111003-12910","03-12910",2003,"MERCER","Princeton Township","10/13/2003 0:00","Monday","October","12/31/1899 15:43","1","PRINCETON TWP","",0,0,1,0,0,"Injury","At Intersection","No","No","Pedalcyclist",1,"WITHERSPOON STREET","NULL",NA,"","",NA,"Municipal","Straight and Level","Blacktop","Dry","Daylight","Clear","None","None",NA,"At","NULL","HENRY AVENUE","NULL","","NULL",25,NA,0,0,"No","","144",NA,NA,NA,"DVRPC",0,"Moderate Injury",3241952,40.3576366,-74.663194
5265925,"2003111003-13935","03-13935",2003,"MERCER","Princeton Township","11/4/2003 0:00","Tuesday","November","12/31/1899 17:28","1","PRINCETON TWP.","",0,0,1,0,0,"Injury","Not At Intersection","No","No","Pedalcyclist",1,"MOUNT LUCAS RD","NULL",NA,"","",NA,"Municipal","Straight and Grade","Blacktop","Wet","Dark (No Street Lights)","Rain","None","None",0,"Mile","South","POOR FARM ROAD","NULL","","NULL",35,NA,0,0,"No","","196",NA,NA,NA,"DVRPC",0,"Moderate Injury",3271860,40.3825834,-74.6535591
5266157,"2003111003-8017","Mar-17",2003,"MERCER","Princeton Township","6/27/2003 0:00","Friday","June","12/31/1899 7:27","1","PRINCETON TOWNSHIP","",0,0,1,0,0,"Injury","At Intersection","No","No","Pedalcyclist",1,"RIVERSIDE DRIVE","NULL",NA,"","11101131",1.33,"Municipal","Straight and Level","Blacktop","Dry","Daylight","Clear","None","None",NA,"At","NULL","PROSPECT AVENUE","NULL","","NULL",25,NA,0,0,"No","","204",453977.163884,553711.165986,NA,"DVRPC",0,"Pain",3149092,40.353488,-74.6368766
5266197,"2003111003-9272","Mar-72",2003,"MERCER","Princeton Township","7/28/2003 0:00","Monday","July","12/31/1899 18:41","1","PRINCETON TWP.","",0,0,1,0,0,"Injury","At Intersection","No","No","Pedalcyclist",1,"BIRCH AVE","NULL",NA,"","",NA,"Municipal","Straight and Level","Blacktop","Dry","NULL","Clear","None","Utility Zone",NA,"At","NULL","JOHN STREET","NULL","","NULL",25,NA,0,0,"No","NONE","181",NA,NA,NA,"DVRPC",0,"Moderate Injury",3176248,40.356724,-74.66517
5266645,"20031111050-03016235","050-03016235",2003,"MERCER","Trenton City","2/19/2003 0:00","Wednesday","February","12/31/1899 20:28","1","CITY OF TRENTON","TRAFFIC",0,0,1,0,0,"Injury","Not At Intersection","No","No","Pedalcyclist",1,"US 206","NULL",206,"","206",41.54,"Municipal","Straight and Level","Blacktop","Dry","Dark (Street Lights On/ continuous)","Clear","None","None",40,"Foot","South","BEATTY STREET","NULL","","NULL",25,NA,0,0,"No","","157",422621.16795,500234.496766,NA,"DVRPC",0,"Pain",3110078,40.206697,-74.749297
5266751,"20031111057-03218-169","057-03218-169",2003,"MERCER","Trenton City","2/26/2003 0:00","Wednesday","February","12/31/1899 17:10","","TRENTON","PATROL",0,0,1,0,0,"Injury","At Intersection","No","No","Pedalcyclist",1,"FULD ST","NULL",NA,"","",NA,"Municipal","Straight and Level","Blacktop","Dry","Dusk","Clear","None","None",NA,"At","NULL","NEW YORK AVENUE","NULL","","NULL",25,NA,0,0,"No","","501",NA,NA,NA,"DVRPC",0,"Pain",3107987,40.234422,-74.750268
5267278,"20031111108-03037112","108-03037112",2003,"MERCER","Trenton City","4/18/2003 0:00","Friday","April","12/31/1899 12:08","1","TRENTON P.D.","PATROL",0,0,1,0,0,"Injury","At Intersection","No","No","Pedalcyclist",1,"MERCER COUNTY 622","NULL",622,"","11000622",3.38,"County","Straight and Level","Blacktop","Dry","Daylight","Clear","None","None",NA,"At","NULL","NORTH CLINTON AVENUE","NULL","","NULL",25,NA,0,0,"No","","***",423876.59,509548.88,NA,"DVRPC",0,"Pain",3104402,40.2319711,-74.7443846
5267317,"20031111111-03038195","111-03038195",2003,"MERCER","Trenton City","4/21/2003 0:00","Monday","April","12/31/1899 7:48","1","CITY OF TRENTON","WEST TRAFFIC",0,0,1,0,0,"Injury","Not At Intersection","No","No","Pedalcyclist",1,"PROSPECT ST","NULL",NA,"","11111562",0.26,"Municipal","Straight and Level","Blacktop","Dry","Daylight","Clear","None","None",NA,"NULL","NULL","BELLEVUE AVENUE","NULL","","NULL",25,NA,0,0,"No","NONE","***",415160.63197,508426.143962,NA,"DVRPC",0,"Pain",3104372,40.228739,-74.775861
5267432,"20031111123-03043959","123-03043959",2003,"MERCER","Trenton City","5/3/2003 0:00","Saturday","May","12/31/1899 19:23","1","TRENTON","TRENTON",0,0,0,0,0,"Property Damage","Not At Intersection","No","No","Pedalcyclist",1,"OAKLAND ST 351","NULL",NA,"","",NA,"Private Property","Straight and Grade","NULL","Dry","Daylight","Clear","None","None",NA,"NULL","NULL","","NULL","","NULL",0,NA,0,0,"No","","***",NA,NA,NA,"DVRPC",0,"PDO",3108078,40.239527,-74.781952
5267474,"2.00311111270304E+018","12703045521",2003,"MERCER","Trenton City","5/7/2003 0:00","Wednesday","May","12/31/1899 16:49","1","TRENTON PD","K9 PATROL",0,0,1,0,0,"Injury","Not At Intersection","No","No","Pedalcyclist",1,"PERRY ST","NULL",NA,"","11111556",0.6,"Municipal","Straight and Level","Blacktop","Dry","Daylight","Clear","None","None",5,"Foot","West","SOUTHARD STREET","NULL","","NULL",25,NA,0,0,"No","","341",421038.98,507162.21,NA,"DVRPC",0,"Pain",3108073,40.2254692,-74.754728
5267483,"20031111128-03046086","128-03046086",2003,"MERCER","Trenton City","4/8/2003 0:00","Tuesday","April","12/31/1899 21:53","1","TRENTON","PATROL",0,0,1,0,0,"Injury","At Intersection","No","No","Pedalcyclist",1,"S CLINTON AVE","NULL",NA,"","11031969",3.55,"Municipal","Straight and Level","Blacktop","Wet","Dark (Street Lights On/ continuous)","Clear","None","None",NA,"At","NULL","BARLOW STREET","NULL","","NULL",25,NA,0,0,"No","","589",420912.92867,504774.902029,NA,"DVRPC",0,"Pain",3108060,40.2189119,-74.7550056
5267662,"20031111142-03052146","142-03052146",2003,"MERCER","Trenton City","5/22/2003 0:00","Thursday","May","12/31/1899 16:28","1","TRENTON","PATROL N.S.-1",0,0,1,0,0,"Injury","At Intersection","No","No","Pedalcyclist",1,"PERRY ST","NULL",NA,"","11111556",0.6,"Municipal","Straight and Level","Blacktop","Dry","Daylight","Other","None","None",NA,"At","NULL","SOUTHARD STREET","NULL","","NULL",25,NA,0,0,"No","","***",421038.98,507162.21,NA,"DVRPC",0,"Moderate Injury",3206156,40.2254692,-74.754728