"ID","DOT_WEB_ID","CASE_NUMBER","CRASH_YEAR","COUNTY","MUNICIPALITY","CRASH_DATE","CRASH_DAY_OF_WEEK","CRASH_MONTH","CRASH_TIME","POLICE_DEPT_CODE","POLICE_DEPARTMENT","POLICE_STATION","TOTAL_KILLED","TOTAL_INCAPACITATED","TOTAL_INJURED","PEDESTRIANS_KILLED","PEDESTRIANS_INJURED","SEVERITY","INTERSECTION","ALCOHOL_INVOLVED","HAZMAT_INVOLVED","CRASH_TYPE","TOTAL_VEHICLES_INVOLVED","CRASH_LOCATION","LOCATION_DIRECTION","ROUTE","ROUTE_SUFFIX","SRI","MILEPOST","ROAD_SYSTEM","ROAD_CHARACTER","ROAD_SURFACE_TYPE","SURFACE_CONDITION","LIGHT_CONDITION","ENVIRONMENTAL_CONDITION","ROAD_DIVIDED_BY","TEMP_TRAFFIC_CONTROL_ZONE","DISTANCE_TO_CROSS_STREET","UNIT_OF_MEASUREMENT","DIRECTION_FROM_CROSS_STREET","CROSS_STREET_NAME","IS_RAMP","RAMP_TO_FROM_ROUTE_NAME","RAMP_TO_FROM_ROUTE_DIRECTION","POSTED_SPEED","POSTED_SPEED_CROSS_STREET","LATITUDE","LONGITUDE","CELL_PHONE_IN_USE","OTHER_PROPERTY_DAMAGE","REPORTING_BADGE_NO","X","Y","CRASH_NARRATIVE","MPO","TOTAL_PEDESTRIANS_INVOLVED","EPDO","DLN","LatitudeGeocoded","LongitudeGeocoded"
5267868,"2.00311111570305E+018","15703058618",2003,"MERCER","Trenton City","6/6/2003 0:00","Friday","June","12/31/1899 17:28","**","TRENTON","PATROL",0,0,1,0,0,"Injury","At Intersection","No","No","Pedalcyclist",1,"EDGEWOOD AVE","NULL",NA,"","",NA,"Municipal","Straight and Level","Blacktop","Dry","Daylight","Clear","None","None",NA,"At","NULL","HERMITAGE AVENUE","NULL","","NULL",NA,NA,0,0,"No","","***",NA,NA,NA,"DVRPC",0,"Pain",3201156,40.230588,-74.78297
5267870,"2.00311111570305E+018","15703058651",2003,"MERCER","Trenton City","6/6/2003 0:00","Friday","June","12/31/1899 18:20","1","TRENTON","PATROL",0,0,1,0,0,"Injury","At Intersection","No","No","Pedalcyclist",1,"NJ 33","NULL",33,"","33",0.43,"County","Straight and Level","Concrete","Dry","Daylight","Clear","None","None",NA,"At","NULL","HOLLYWOOD","NULL","","NULL",NA,NA,0,0,"No","","***",422248.02,504407.19,NA,"DVRPC",0,"Pain",3201272,40.2179635,-74.750245
5267953,"2.00311111630306E+018","16303061238",2003,"MERCER","Trenton City","6/12/2003 0:00","Thursday","June","12/31/1899 22:58","1","TRENTON","PATROL",0,0,1,0,0,"Injury","Not At Intersection","Yes","No","Pedalcyclist",1,"MERCER COUNTY 636","NULL",636,"","11000636",0.46,"County","Curve and Level","Blacktop","Wet","Dark (Street Lights On/ continuous)","Rain","Other","None",150,"Foot","East","STUYVESANT AVE.","NULL","","NULL",25,NA,0,0,"No","","588",412505.406692,511396.280034,NA,"DVRPC",0,"Moderate Injury",3207015,40.2332498,-74.7785217
5268136,"20031111177-03067274","177-03067274",2003,"MERCER","Trenton City","6/26/2003 0:00","Thursday","June","12/31/1899 19:41","1","CITY OF TRENTON","PATROL",0,0,1,0,0,"Injury","Not At Intersection","No","No","Pedalcyclist",1,"LANDING ST","NULL",NA,"","",NA,"Municipal","Straight and Level","Blacktop","Dry","Dusk","Clear","None","None",NA,"NULL","NULL","NORWOOD ALLEY","NULL","","NULL",25,NA,0,0,"No","","***",NA,NA,NA,"DVRPC",0,"Moderate Injury",3206750,40.202991,-74.755599
5268164,"2.00311111780306E+018","17803067723",2003,"MERCER","Trenton City","6/27/2003 0:00","Friday","June","12/31/1899 19:52","1","TRENTON PD","K9 PATROL",0,0,1,0,0,"Injury","At Intersection","No","No","Pedalcyclist",1,"US 206","NULL",206,"","206",43.1,"Municipal","Straight and Grade","Blacktop","Dry","Dusk","Clear","None","None",NA,"At","NULL","FEEDER STREET","NULL","","NULL",25,NA,0,0,"No","","341",418283.730258,506588.130271,NA,"DVRPC",0,"Pain",3206241,40.22426,-74.764474
5268229,"20031111185-0-1-070773","185-0-1-070773",2003,"MERCER","Trenton City","7/4/2003 0:00","Friday","July","12/31/1899 18:40","","TRENTON","PATROL",0,0,0,0,0,"Property Damage","Not At Intersection","No","No","Pedalcyclist",1,"RUTHERFORD AVE","NULL",NA,"","11111286",0.089,"Municipal","Straight and Level","Blacktop","Dry","Daylight","Clear","None","None",50,"Foot","NULL","HOFFMAN AVENUE","NULL","","NULL",25,NA,0,0,"No","","***",413318.460024,510164.077393,NA,"DVRPC",0,"PDO",3201636,40.233783,-74.782439
5268238,"20031111185-04-070773","185-04-070773",2003,"MERCER","Trenton City","7/4/2003 0:00","Friday","July","12/31/1899 18:40","","TRENTON","PATROL",0,0,0,0,0,"Property Damage","Not At Intersection","No","No","Pedalcyclist",1,"RUTHERFORD AVE","NULL",NA,"","11111286",0.099,"Municipal","Straight and Level","Blacktop","Dry","Daylight","Clear","None","None",100,"Foot","East","HOFFMAN AVENUE","NULL","","NULL",25,NA,0,0,"No","","***",413361.952307,510130.348006,NA,"DVRPC",0,"PDO",3201609,40.233783,-74.782439
5268391,"2.00311111990307E+018","19903077216",2003,"MERCER","Trenton City","7/18/2003 0:00","Friday","July","12/31/1899 20:44","1","PATROL TPD","PATROL",0,0,1,0,0,"Injury","Not At Intersection","No","No","Pedalcyclist",1,"RUTHERFORD","NULL",NA,"","",NA,"Municipal","Straight and Level","Concrete","Wet","Dark (Street Lights On/ continuous)","Rain","None","None",NA,"NULL","NULL","PROSPECT","NULL","","NULL",25,NA,0,0,"No","","***",NA,NA,NA,"DVRPC",0,"Pain",3207508,40.2297804,-74.7748185
5268623,"20031111218-03-086184","218-03-086184",2003,"MERCER","Trenton City","8/6/2003 0:00","Wednesday","August","12/31/1899 12:42","1","TRENTON NJ","PATROL 1ST PLA?",0,0,1,0,0,"Injury","At Intersection","No","No","Pedalcyclist",1,"MERCER COUNTY 635","NULL",635,"","11000635",0.31,"County","Curve and Grade","Blacktop","Dry","Daylight","Clear","None","None",NA,"At","NULL","MOMOUTH ST","NULL","","NULL",25,NA,0,0,"No","NONE","184",422408.305567,505766.657784,NA,"DVRPC",0,"Moderate Injury",3205464,40.2216372,-74.7496782
5268648,"20031111219-03086799","219-03086799",2003,"MERCER","Trenton City","8/7/2003 0:00","Thursday","August","12/31/1899 19:35","1","TRENTON","PATROL",0,0,1,0,0,"Injury","Not At Intersection","No","No","Pedalcyclist",1,"HERMITAGE AVE","NULL",NA,"","",NA,"Municipal","Straight and Grade","Blacktop","Wet","Daylight","Rain","None","None",75,"Foot","West","BOUDINOT ST","NULL","","NULL",25,NA,0,0,"No","","***",NA,NA,NA,"DVRPC",0,"Pain",3205344,40.229998,-74.783571
5268654,"2.00311112190308E+018","21903086799",2003,"MERCER","Trenton City","8/7/2003 0:00","Thursday","August","12/31/1899 19:35","1","TRENTON","PATROL",0,0,1,0,0,"Injury","Not At Intersection","No","No","Pedalcyclist",1,"HERMITAGE AVENUE","NULL",NA,"","",NA,"Municipal","Straight and Grade","Blacktop","Wet","Daylight","Rain","None","None",75,"Foot","West","BOUDINOT ST","NULL","","NULL",25,NA,0,0,"No","","***",NA,NA,NA,"DVRPC",0,"Pain",3205321,40.229998,-74.783571
5268712,"20031111223-03088664","223-03088664",2003,"MERCER","Trenton City","8/11/2003 0:00","Monday","August","12/31/1899 22:30","1","TRENTON","PATROL",0,0,1,0,0,"Injury","Not At Intersection","No","No","Pedalcyclist",1,"W STATE ST","NULL",NA,"","11111552",NA,"Municipal","Straight and Level","Blacktop","Dry","Dark (Street Lights On/ continuous)","Clear","None","NULL",NA,"NULL","East","NORTH FISCHER ST.","NULL","","NULL",25,NA,0,0,"No","","***",NA,NA,NA,"DVRPC",0,"Pain",3205280,40.2275564,-74.78095
5268716,"20031111224-03-091405","224-03-091405",2003,"MERCER","Trenton City","8/17/2003 0:00","Sunday","August","12/31/1899 20:30","1","TRENTON NJ","PATROL 1ST PLA?",0,0,1,0,0,"Injury","At Intersection","No","No","Pedalcyclist",1,"BERNARD STREET","NULL",NA,"","",NA,"Municipal","Straight and Level","Gravel","Dry","Dark (Street Lights On/ continuous)","Clear","None","None",NA,"At","NULL","CALHOUN ST","NULL","","NULL",25,NA,0,0,"No","","***",NA,NA,NA,"DVRPC",0,"Pain",3207348,40.2267098,-74.7707897
5268765,"20031111229-03-091405","229-03-091405",2003,"MERCER","Trenton City","8/17/2003 0:00","Sunday","August","12/31/1899 20:30","1","TRENTON NJ","PATROL 1ST PLA?",0,0,1,0,0,"Injury","At Intersection","No","No","Pedalcyclist",1,"BERNARD STREET","NULL",NA,"","",NA,"Municipal","Straight and Level","Gravel","Dry","Dark (Street Lights On/ continuous)","Clear","None","None",NA,"At","NULL","CALHOUN ST","NULL","","NULL",26,NA,0,0,"No","","***",NA,NA,NA,"DVRPC",0,"Pain",3207323,40.2267098,-74.7707897
5268873,"20031111238-03095344","238-03095344",2003,"MERCER","Trenton City","8/26/2003 0:00","Tuesday","August","12/31/1899 11:49","1","TRENTON","PATROL",0,0,1,0,0,"Injury","Not At Intersection","No","No","Pedalcyclist",1,"FRAZIER ST","NULL",NA,"","",NA,"Municipal","Straight and Level","Blacktop","Dry","Daylight","Clear","None","None",300,"Foot","North","PENNINGTON AVE","NULL","","NULL",25,NA,0,0,"No","NONE","323",NA,NA,NA,"DVRPC",0,"Pain",3205063,40.2308902,-74.7692742
5268882,"20031111239-03095744","239-03095744",2003,"MERCER","Trenton City","8/27/2003 0:00","Wednesday","August","12/31/1899 12:00","1","TRENTON","PATROL C97",0,0,1,0,0,"Injury","At Intersection","No","No","Pedalcyclist",1,"SOUTH WALTER AVE","NULL",NA,"","",NA,"Municipal","Straight and Level","Blacktop","Dry","Daylight","Clear","NULL","None",NA,"At","NULL","GREENWOOD AVE.","NULL","","NULL",25,NA,0,0,"No","","426",NA,NA,NA,"DVRPC",0,"Pain",3205072,40.2235551,-74.7380285
5268883,"20031111239-03095749","239-03095749",2003,"MERCER","Trenton City","8/27/2003 0:00","Wednesday","August","12/31/1899 12:00","1","TRENTON","PATROL C97",0,0,1,0,0,"Injury","At Intersection","No","No","Pedalcyclist",1,"SOUTH WALTER AVE","NULL",NA,"","",NA,"Municipal","Straight and Level","Blacktop","Dry","Daylight","Clear","NULL","None",NA,"At","NULL","GREENWOOD AVE.","NULL","","NULL",25,NA,0,0,"No","","426",NA,NA,NA,"DVRPC",0,"Pain",3205156,40.2235551,-74.7380285
5268887,"20031111239-03095912","239-03095912",2003,"MERCER","Trenton City","8/27/2003 0:00","Wednesday","August","12/31/1899 20:00","1","TRENTON","PATROL",0,0,0,0,0,"Property Damage","At Intersection","No","No","Pedalcyclist",1,"CENTER ST","NULL",NA,"","11111528",0.2,"Municipal","Straight and Level","Blacktop","Dry","Dark (Street Lights On/ continuous)","Clear","None","None",NA,"At","NULL","BRIDGE ST","NULL","","NULL",25,NA,0,0,"No","","242",419539.770003,502009.487585,NA,"DVRPC",0,"PDO",3205078,40.211298,-74.759892
5268939,"20031111243-03-097744","243-03-097744",2003,"MERCER","Trenton City","8/31/2003 0:00","Sunday","August","12/31/1899 17:35","1","TRENTON","PATROL",0,0,1,0,0,"Injury","Not At Intersection","No","No","Pedalcyclist",1,"SWEETS AVE","NULL",NA,"","",NA,"Municipal","Straight and Level","Blacktop","Dry","Daylight","Clear","None","None",300,"Foot","North","CALHOUN","NULL","","NULL",25,NA,0,0,"No","","***",NA,NA,NA,"DVRPC",0,"Moderate Injury",3206686,40.23007,-74.767529
5268947,"20031111243-03097734","243-03097734",2003,"MERCER","Trenton City","8/31/2003 0:00","Sunday","August","12/31/1899 16:45","1","TRENTON","PATROL",0,0,1,0,0,"Injury","Not At Intersection","No","No","Pedalcyclist",1,"NEW YORK AVE","NULL",NA,"","",NA,"Municipal","Straight and Level","Blacktop","Dry","Daylight","Clear","None","None",50,"Foot","NULL","FULD STREEY","NULL","","NULL",NA,NA,0,0,"No","","465",NA,NA,NA,"DVRPC",0,"Moderate Injury",3206685,40.234422,-74.750268
5269019,"20031111248-03099812","248-03099812",2003,"MERCER","Trenton City","9/5/2003 0:00","Friday","September","12/31/1899 16:03","1","TRENTON","PATROL",0,0,1,0,0,"Injury","At Intersection","No","No","Pedalcyclist",1,"SOUTH COOK AVENUE","NULL",NA,"","",NA,"Municipal","Straight and Level","Blacktop","Dry","Daylight","Clear","None","None",NA,"At","NULL","TYLER STREET","NULL","","NULL",25,NA,0,0,"No","","274",NA,NA,NA,"DVRPC",0,"Pain",3205864,40.220849,-74.739371
5269088,"2.0031111253031E+018","25303101851",2003,"MERCER","Trenton City","9/10/2003 0:00","Wednesday","September","12/31/1899 6:56","","TRENTON","",0,0,1,0,0,"Injury","At Intersection","No","No","Pedalcyclist",1,"PERRY ST","NULL",NA,"","11111556",0.44,"Municipal","Straight and Grade","Blacktop","Dry","Daylight","Clear","None","None",NA,"At","NULL","CARROLL STREET","NULL","","NULL",25,NA,0,0,"No","","588",420225.19,506851.44,NA,"DVRPC",0,"Moderate Injury",3294482,40.224626,-74.757593
5269091,"2.0031111253031E+018","25303102175",2003,"MERCER","Trenton City","9/10/2003 0:00","Wednesday","September","12/31/1899 22:42","1","TRENTON","PATROL",0,0,1,0,0,"Injury","Not At Intersection","No","No","Pedalcyclist",1,"FRANKLIN ST","NULL",NA,"","",NA,"Municipal","Straight and Level","Blacktop","Dry","Daylight","Clear","None","None",100,"Foot","NULL","MIFFLIN STREET","NULL","","NULL",25,NA,0,0,"No","","***",NA,NA,NA,"DVRPC",0,"Pain",3294481,40.213867,-74.741619
5269518,"20031111291-03119522","291-03119522",2003,"MERCER","Trenton City","10/18/2003 0:00","Saturday","October","12/31/1899 15:49","","TRENTON","PATROL",0,1,1,0,0,"Injury","At Intersection","No","No","Pedalcyclist",1,"STUYVESANT AVE","NULL",NA,"","11111568",0.42,"Municipal","Straight and Level","Blacktop","Dry","Daylight","Clear","None","None",NA,"At","NULL","ELLSWORTH AVENUE","NULL","","NULL",25,NA,0,0,"No","","576",413797.387447,510434.285611,NA,"DVRPC",0,"Incapacitating Injury",3296711,40.234464,-74.780608
5269630,"20031111299-03122590","299-03122590",2003,"MERCER","Trenton City","10/25/2003 0:00","Saturday","October","12/31/1899 8:22","1","TRENTON","PATROL",0,0,1,0,0,"Injury","At Intersection","No","No","Pedalcyclist",1,"W STATE ST","NULL",NA,"","11111552",1.55,"Municipal","Straight and Level","Blacktop","Dry","Daylight","Clear","None","None",NA,"At","NULL","PERDICARIS PLACE","NULL","","NULL",15,NA,0,0,"No","NONE","338",414478.944211,507156.535002,NA,"DVRPC",0,"Pain",3296845,40.225293,-74.777967
5269950,"20031111325-03135016","325-03135016",2003,"MERCER","Trenton City","11/21/2003 0:00","Friday","November","12/31/1899 16:40","1","TRENTON","PATROL",0,0,0,0,0,"Property Damage","Not At Intersection","No","No","Pedalcyclist",1,"310 PROSPECT ST PARKING LOT","NULL",NA,"","",NA,"Private Property","Straight and Level","Blacktop","Dry","Daylight","Clear","None","None",NA,"NULL","NULL","","NULL","","NULL",25,NA,0,0,"No","","***",NA,NA,NA,"DVRPC",0,"PDO",3297839,42.3503387,-71.0710171
5270022,"2003111133003137?82","33003137?82",2003,"MERCER","Trenton City","11/25/2003 0:00","Tuesday","November","12/31/1899 21:00","1","TRENTON","PATROL",0,0,1,0,0,"Injury","At Intersection","No","No","Pedalcyclist",1,"ROEBLING AVE","NULL",NA,"","11111538",0.19,"Municipal","Straight and Level","Concrete","Dry","Dark (Street Lights On/ continuous)","Clear","None","None",NA,"At","NULL","ANDERSON STREET","NULL","","NULL",25,NA,0,0,"No","","456",424242.148761,502125.271253,NA,"DVRPC",0,"Moderate Injury",3297917,40.211733,-74.742987
5270408,"20031111361-03-149650","361-03-149650",2003,"MERCER","Trenton City","12/27/2003 0:00","Saturday","December","12/31/1899 21:20","","TRENTON","PATROL",0,0,0,0,0,"Property Damage","At Intersection","No","No","Pedalcyclist",1,"C/O INGAHM","NULL",NA,"","",NA,"Private Property","Straight and Level","Concrete","Dry","NULL","Clear","None","None",NA,"At","NULL","CALHOUN ST","NULL","","NULL",25,NA,0,0,"No","","***",NA,NA,NA,"DVRPC",2,"PDO",3324795,40.2328321,-74.764748
5270771,"200311122003-009419","2003-009419",2003,"MERCER","Washington Twp  (Mercer Co)","7/1/2003 0:00","Tuesday","July","12/31/1899 17:04","1","WASHINGTON TWP.","",0,0,1,0,0,"Injury","Not At Intersection","No","No","Pedalcyclist",1,"SPRING GARDEN ROAD","NULL",NA,"","",NA,"Municipal","Curve and Level","Blacktop","Dry","Daylight","Clear","None","None",0,"Mile","South","SHARON ROAD","NULL","","NULL",35,NA,0,0,"No","BICYCLE (CHRISTOPHER M MCKEEVER 5 ISA COURT ROBBINSVILLE NJ)","522",NA,NA,NA,"DVRPC",0,"Moderate Injury",3151929,40.2143546,-74.5938198
5271412,"2003111303-13057","03-13057",2003,"MERCER","West Windsor Township","4/29/2003 0:00","Tuesday","April","12/31/1899 18:50","1","WEST WINDSOR POLICE","2003-13057",0,1,1,0,0,"Injury","At Intersection","No","No","Pedalcyclist",1,"NJ 64","NULL",64,"","64",0.32,"State Highway","Straight and Level","Blacktop","Dry","Daylight","Clear","Curbed Median","None",NA,"At","NULL","CR 571","NULL","","NULL",40,NA,0,0,"No","NONE","539",457720.85,541513.09,NA,"DVRPC",0,"Incapacitating Injury",3103080,40.3203634,-74.6230362
5271516,"2003111303-16063","03-16063",2003,"MERCER","West Windsor Township","5/28/2003 0:00","Wednesday","May","12/31/1899 16:48","1","WEST WINDSOR","2003-16063",0,0,1,0,0,"Injury","At Intersection","No","No","Pedalcyclist",1,"ALEXANDER RD","NULL",NA,"","",NA,"Municipal","Straight and Level","Blacktop","Dry","Daylight","Clear","None","None",NA,"At","NULL","HARRIS ROAD","NULL","","NULL",30,NA,0,0,"No","NONE","568",NA,NA,NA,"DVRPC",0,"Pain",3119098,40.3122277,-74.6215664
5271690,"2003111303-22020","03-22020",2003,"MERCER","West Windsor Township","7/21/2003 0:00","Monday","July","12/31/1899 16:06","1","WEST WINDSOR","03-22020",0,0,1,0,0,"Injury","Not At Intersection","No","No","Pedalcyclist",1,"MEADOW RD","NULL",NA,"","",NA,"Municipal","Curve and Level","Blacktop","Dry","Daylight","Clear","None","None",50,"Foot","East","BEAR BROOK ROAD","NULL","","NULL",50,NA,0,0,"No","NONE","538",NA,NA,NA,"DVRPC",0,"Pain",3166020,40.3052829,-74.6505072
6811666,"2006110106-13368","06-13368",2006,"MERCER","East Windsor Township","10/9/2006 0:00","Monday","October","12/31/1899 15:25","1","EAST WINDSOR","UNIFORM SERVIC?",0,0,1,0,0,"Injury","At Intersection","No","No","Pedalcyclist",2,"OAK CREEK RD","East",NA,"","11011020",1.52,"Municipal","Straight and Level","Blacktop","Dry","Daylight","Clear","None","None",NA,"At","NULL","DUTCH NECK ROAD","NULL","","NULL",30,35,0,0,"No","CAL FEE DRAGON FLY PRO BICYCLE #4100.00 VALUE","62",476190.249894,523791.28007,NA,"DVRPC",0,"Moderate Injury",6227883,40.2714634,-74.5572099
6811705,"2006110106-14196","06-14196",2006,"MERCER","East Windsor Township","10/26/2006 0:00","Thursday","October","12/31/1899 14:22","1","EAST WINDSOR","TRAFFIC BUREAU",0,0,1,0,0,"Injury","At Intersection","No","No","Pedalcyclist",1,"ROUTE 539","South",539,"","539",52.63,"County","Straight and Level","Blacktop","Dry","Daylight","Clear","Painted Median","None",NA,"At","NULL","TOWN CENTER DRIVE","NULL","","NULL",40,35,40.27903,-74.52081,"No","NONE","72",486320.689049,526344.656641,NA,"DVRPC",0,"Pain",6231788,40.279066,-74.5208666
6811868,"2006110106-17139","06-17139",2006,"MERCER","East Windsor Township","12/27/2006 0:00","Wednesday","December","12/31/1899 19:35","1","EAST WINDSOR","TRAFFIC BUREAU",0,0,1,0,0,"Injury","Not At Intersection","No","No","Pedalcyclist",1,"WYCOFFS MILL RD","East",NA,"","11041056",1.58,"Municipal","Curve and Level","Blacktop","Dry","Dark (Street LIghts On/ spot)","Clear","Painted Median","None",700,"Foot","West","PROBASCOR ROAD","NULL","","NULL",40,40,40.27267,-74.49395,"No","NONE","72",NA,NA,NA,"DVRPC",0,"Pain",6280069,40.2726691,-74.4939712
6811922,"2006110106-2929","Jun-29",2006,"MERCER","East Windsor Township","3/7/2006 0:00","Tuesday","March","12/31/1899 17:14","1","EAST WINDSOR TOWNSHIP","TRAFFIC UNIT",0,1,1,0,0,"Injury","At Intersection","No","No","Pedalcyclist",2,"US 130","South",130,"","130",68.21,"State Highway","Straight and Level","Blacktop","Dry","Daylight","Clear","Curbed Median","None",NA,"At","NULL","DUTCH NECK ROAD","NULL","","NULL",45,35,40.26783,-74.54292,"No","NONE","57",480147.783055,522480.391572,NA,"DVRPC",0,"Incapacitating Injury",6051736,40.2687701,-74.5422688
6811986,"2006110106-4388","Jun-88",2006,"MERCER","East Windsor Township","4/8/2006 0:00","Saturday","April","12/31/1899 6:50","1","EAST WINDSOR","TRAFFIC",0,0,1,0,0,"Injury","Not At Intersection","No","No","Pedalcyclist",1,"HICKORY CORNER RD","NULL",NA,"","11011005",0.51,"Municipal","Straight and Level","Blacktop","Wet","Daylight","Rain","None","None",500,"Foot","West","KNOLL WOOD ROAD","NULL","","NULL",40,NA,0,0,"No","NONE","",476813.7046,520524.12133,NA,"DVRPC",0,"Moderate Injury",6070537,40.263203,-74.556633
6812028,"2006110106-5286","Jun-86",2006,"MERCER","East Windsor Township","4/27/2006 0:00","Thursday","April","12/31/1899 19:38","1","EAST WINDSOR","TRAFFIC",0,0,1,0,0,"Injury","Not At Intersection","No","No","Pedalcyclist",1,"HICKORY CORNER RD","NULL",NA,"","11011005",0.71,"Municipal","Straight and Level","Blacktop","Dry","Dawn","Clear","None","None",500,"Foot","East","KNOLLWOOD DRIVE","NULL","","NULL",40,25,0,0,"No","NONE","27",475880.530041,521033.759994,NA,"DVRPC",0,"Pain",6077137,40.263203,-74.556633
6812050,"2006110106-5580","Jun-80",2006,"MERCER","East Windsor Township","5/4/2006 0:00","Thursday","May","12/31/1899 8:19","","EAST WINDSOR TWP","UNIFORM SERVIC?",0,0,1,0,0,"Injury","At Intersection","No","No","Pedalcyclist",1,"US 130","North",130,"","130",67.5,"State Highway","Straight and Level","Blacktop","Dry","Daylight","Clear","Grass Median","None",NA,"At","NULL","HICKORY CORNER ROAD","NULL","","NULL",55,45,40.25879,-74.54918,"No","NONE","78",478400.752977,519191.115915,NA,"DVRPC",0,"Pain",6090501,40.2598078,-74.5485655
6812136,"2006110106-7695","Jun-95",2006,"MERCER","East Windsor Township","6/15/2006 0:00","Thursday","June","12/31/1899 18:20","1","EAST WINDSOR","TRAFFIC",0,0,1,0,0,"Injury","At Intersection","No","No","Pedalcyclist",1,"US 130","North",130,"","130",68.21,"State Highway","Straight and Level","Blacktop","Dry","Daylight","Clear","Grass Median","None",NA,"At","NULL","DUTCH NECK ROAD","NULL","","NULL",45,35,40.26783,-74.54292,"No","NONE","27",480147.783055,522480.391572,NA,"DVRPC",0,"Moderate Injury",6123937,40.2687701,-74.5422688
6812210,"2006110106-9707","Jun-07",2006,"MERCER","East Windsor Township","7/24/2006 0:00","Monday","July","12/31/1899 17:00","","EAST WINDSOR","UNIFORM SERVIC?",0,0,0,0,0,"Property Damage","Not At Intersection","No","No","Pedalcyclist",1,"ROUTE 539","NULL",539,"","539",50.41,"County","Straight and Level","Blacktop","Dry","Daylight","Clear","Painted Median","None",100,"Foot","North","CONOVER ROAD","NULL","","NULL",50,40,40.24817,-74.52946,"No","NONE REPORTED","59",483828.67,515119.01,NA,"DVRPC",0,"PDO",6169935,40.2476356,-74.5297044
6812215,"2006110106-9758","Jun-58",2006,"MERCER","East Windsor Township","7/25/2006 0:00","Tuesday","July","12/31/1899 21:24","1","EAST WINDSOR TOWNSHIP","UNIFORM SERVIC?",1,0,1,0,0,"Fatal","Not At Intersection","No","No","Pedalcyclist",1,"US 130","North",130,"","130",68.52,"State Highway","Straight and Level","Blacktop","Dry","Dark (Street Lights On/ continuous)","Clear","Grass Median","None",250,"Foot","South","CR 571","NULL","","NULL",45,25,40.27146,-74.53944,"No","NONE","64",481118.733144,523800.043098,NA,"DVRPC",0,"Fatal Injury",6254933,40.2730188,-74.5381905
6812706,"20061102I-2006-016751","I-2006-016751",2006,"MERCER","Ewing Township","7/5/2006 0:00","Wednesday","July","12/31/1899 20:51","1","EWING POLICE DEPT.","SQUAD3",0,0,0,0,0,"Property Damage","Not At Intersection","No","No","Pedalcyclist",1,"MERCER COUNTY 622","NULL",622,"","11000622",5.56,"County","Straight and Level","Blacktop","Dry","Dark (Street Lights On/ continuous)","Clear","Curbed Median","None",25,"Foot","West","RT 31","NULL","","NULL",40,35,40.24986,-74.77561,"No","NONE","123",415158.09,516058.12,NA,"DVRPC",0,"PDO",6146204,40.2498235,-74.7757325
6812712,"20061102I-2006-016913","I-2006-016913",2006,"MERCER","Ewing Township","7/7/2006 0:00","Friday","July","12/31/1899 16:39","1","EWING POLICE DEPT.","SQUAD5 TRAFFIC",0,1,1,0,0,"Injury","Not At Intersection","No","No","Pedalcyclist",2,"MERCER COUNTY 611","South",611,"","11000611",1.22,"County","Curve and Grade","Blacktop","Dry","Daylight","Clear","None","None",2050,"Foot","North","CR 636","NULL","","NULL",40,35,40.27936,-74.80537,"No","NONE","105",406939.88,526835.98,NA,"DVRPC",0,"Incapacitating Injury",6146181,40.2744023,-74.8038135
6812715,"20061102I-2006-016972","I-2006-016972",2006,"MERCER","Ewing Township","7/8/2006 0:00","Saturday","July","12/31/1899 12:11","1","EWING POLICE DEPT.","SQUAD3",0,0,1,0,0,"Injury","Not At Intersection","No","No","Pedalcyclist",1,"1655 OLDEN AVE(COLONIAL)","NULL",NA,"","",NA,"Private Property","Straight and Level","Concrete","Dry","Daylight","Clear","None","None",NA,"NULL","NULL","","NULL","","NULL",NA,NA,0,0,"No","","170",NA,NA,NA,"DVRPC",1,"Pain",6143092,40.2448163,-74.7631011
6812723,"20061102I-2006-017276","I-2006-017276",2006,"MERCER","Ewing Township","7/12/2006 0:00","Wednesday","July","12/31/1899 8:52","1","EWING POLICE DEPT.","SQUAD1",0,0,1,0,1,"Injury","Not At Intersection","No","No","Pedalcyclist",1,"WOODLAND AVE","NULL",NA,"","11021119",0,"Municipal","Straight and Level","Blacktop","Dry","Daylight","Overcast","None","None",10,"Foot","East","RT 31","NULL","","NULL",25,40,0,0,"No","","164",414691.900122,517682.780148,NA,"DVRPC",1,"Pain",6159225,40.2543397,-74.7774433
6812835,"20061102I-2006-021049","I-2006-021049",2006,"MERCER","Ewing Township","8/26/2006 0:00","Saturday","August","12/31/1899 2:24","1","EWING POLICE","P-4",0,0,1,0,0,"Injury","At Intersection","No","No","Pedalcyclist",1,"NJ 31","NULL",31,"","31",1.79,"State Highway","Straight and Level","Blacktop","Wet","Dark (Street Lights On/ continuous)","Rain","None","None",NA,"At","NULL","CR 622","NULL","","NULL",35,40,40.24908,-74.77548,"No","NONE","136",415199.799236,515904.804507,NA,"DVRPC",0,"Moderate Injury",6181421,40.2498235,-74.7757325
6813019,"20061102I-2006-026522","I-2006-026522",2006,"MERCER","Ewing Township","10/26/2006 0:00","Thursday","October","12/31/1899 12:06","1","EWING POLICE","SQUAD 1 TRAFFIC",0,0,1,0,0,"Injury","Not At Intersection","No","No","Pedalcyclist",1,"1600 OLDEN AVENUE (CENLAR)","NULL",NA,"","",NA,"Private Property","Straight and Level","Blacktop","Dry","Daylight","Clear","None","None",NA,"NULL","NULL","","NULL","","NULL",NA,NA,0,0,"No","","139",NA,NA,NA,"DVRPC",0,"Pain",6226239,40.2834541,-74.7971708