"ID","DOT_WEB_ID","CASE_NUMBER","CRASH_YEAR","COUNTY","MUNICIPALITY","CRASH_DATE","CRASH_DAY_OF_WEEK","CRASH_MONTH","CRASH_TIME","POLICE_DEPT_CODE","POLICE_DEPARTMENT","POLICE_STATION","TOTAL_KILLED","TOTAL_INCAPACITATED","TOTAL_INJURED","PEDESTRIANS_KILLED","PEDESTRIANS_INJURED","SEVERITY","INTERSECTION","ALCOHOL_INVOLVED","HAZMAT_INVOLVED","CRASH_TYPE","TOTAL_VEHICLES_INVOLVED","CRASH_LOCATION","LOCATION_DIRECTION","ROUTE","ROUTE_SUFFIX","SRI","MILEPOST","ROAD_SYSTEM","ROAD_CHARACTER","ROAD_SURFACE_TYPE","SURFACE_CONDITION","LIGHT_CONDITION","ENVIRONMENTAL_CONDITION","ROAD_DIVIDED_BY","TEMP_TRAFFIC_CONTROL_ZONE","DISTANCE_TO_CROSS_STREET","UNIT_OF_MEASUREMENT","DIRECTION_FROM_CROSS_STREET","CROSS_STREET_NAME","IS_RAMP","RAMP_TO_FROM_ROUTE_NAME","RAMP_TO_FROM_ROUTE_DIRECTION","POSTED_SPEED","POSTED_SPEED_CROSS_STREET","LATITUDE","LONGITUDE","CELL_PHONE_IN_USE","OTHER_PROPERTY_DAMAGE","REPORTING_BADGE_NO","X","Y","CRASH_NARRATIVE","MPO","TOTAL_PEDESTRIANS_INVOLVED","EPDO","DLN","LatitudeGeocoded","LongitudeGeocoded"
6813025,"20061102I-2006-026644","I-2006-026644",2006,"MERCER","Ewing Township","10/27/2006 0:00","Friday","October","12/31/1899 17:18","1","EWING POLICE","S-2",0,0,1,0,0,"Injury","Not At Intersection","No","No","Pedalcyclist",1,"MERCER COUNTY 622","West",622,"","11000622",4.74,"County","Straight and Level","Blacktop","Wet","Daylight","Rain","None","None",500,"Foot","East","CR 639","NULL","","NULL",40,25,40.24511,-74.76165,"No","","171",419050.88,514326.22,NA,"DVRPC",0,"Pain",6245321,40.2446291,-74.7602465
6813191,"20061102I-2006-032162","I-2006-032162",2006,"MERCER","Ewing Township","12/23/2006 0:00","Saturday","December","12/31/1899 14:07","1","EWING POLICE","SQUAD 02",0,0,1,0,0,"Injury","Not At Intersection","No","No","Pedalcyclist",1,"SIXTH STREET","NULL",NA,"","11021301",0,"Municipal","Straight and Level","Blacktop","Dry","Daylight","Clear","None","None",5,"Foot","North","CR 622","NULL","","NULL",25,40,0,0,"No","NONE","163",418761.289949,514460.829899,NA,"DVRPC",0,"Pain",6290607,40.2455383,-74.762831
6813407,"20061102T2006-310","T2006-310",2006,"MERCER","Ewing Township","4/7/2006 0:00","Friday","April","12/31/1899 17:08","1","EWING","P-5",0,0,1,0,0,"Injury","Not At Intersection","No","No","Pedalcyclist",1,"MERCER COUNTY 613","East",613,"","11000613",0,"County","Straight and Level","Blacktop","Dry","Dark (Street Lights On/ continuous)","Clear","None","None",250,"Foot","West","RT 206","NULL","","NULL",35,25,40.24188,-74.75072,"No","NONE","105",422137.69,513121.96,NA,"DVRPC",0,"Pain",6072456,40.241872,-74.750689
6813635,"2006110306-11798","06-11798",2006,"MERCER","Hamilton Twp (Mercer Co)","3/16/2006 0:00","Thursday","March","12/31/1899 16:52","1","HAMILTON","",0,0,1,0,0,"Injury","At Intersection","No","No","Pedalcyclist",1,"MERCER COUNTY 614","NULL",614,"","11000614",0.62,"County","Straight and Level","Blacktop","Dry","Daylight","Clear","None","None",NA,"At","NULL","KARL SUESS DRIVE","NULL","","NULL",25,25,40.23288,-74.72652,"No","","372",428878.053553,509827.695288,NA,"DVRPC",0,"Pain",6049682,40.2194203,-74.7246528
6813916,"2006110306-17316","06-17316",2006,"MERCER","Hamilton Twp (Mercer Co)","4/21/2006 0:00","Friday","April","12/31/1899 10:53","1","HAMILTON TOWNSHIP","",0,0,1,0,0,"Injury","Not At Intersection","No","No","Pedalcyclist",1,"FENWAY ROAD","South",NA,"","11031606",0.32,"Municipal","Straight and Level","Blacktop","Dry","Daylight","Clear","None","None",30,"Foot","North","ARGONNE AVE.","NULL","","NULL",25,25,0,0,"No","HARO 20 BMX STYLE GRAY BICYCLE S/N F34P6E0364 SUSTAINED MINOR FRONT TIRE DAMAGE?","270",443120.960062,492359.339981,NA,"DVRPC",0,"Moderate Injury",6075173,40.185007,-74.675367
6814030,"2006110306-19153","06-19153",2006,"MERCER","Hamilton Twp (Mercer Co)","5/2/2006 0:00","Tuesday","May","12/31/1899 18:00","1","HAMILTON TOWNSHIP","",0,0,1,0,1,"Injury","Not At Intersection","No","No","Pedalcyclist",1,"4680 NOTTINGHAM WAY","NULL",NA,"","",NA,"Private Property","Straight and Level","Blacktop","Dry","Daylight","Clear","None","None",NA,"NULL","NULL","","NULL","","NULL",NA,NA,0,0,"No","NONE","270",NA,NA,NA,"DVRPC",0,"Moderate Injury",6085423,40.221781,-74.638075
6814102,"2006110306-20637","06-20637",2006,"MERCER","Hamilton Twp (Mercer Co)","5/12/2006 0:00","Friday","May","12/31/1899 15:58","1","HAMILTON","",0,0,0,0,0,"Property Damage","At Intersection","No","No","Pedalcyclist",1,"HUTCHINSON AVENUE","NULL",NA,"","11031446",0.11,"Municipal","Straight and Level","Blacktop","Dry","Daylight","Clear","None","NULL",NA,"At","NULL","E. FRANKLIN AVE","NULL","","NULL",25,25,0,0,"No","NONE","387",426290.261296,501101.47252,NA,"DVRPC",0,"PDO",6092842,40.20897,-74.735751
6814282,"2006110306-23622","06-23622",2006,"MERCER","Hamilton Twp (Mercer Co)","5/31/2006 0:00","Wednesday","May","12/31/1899 17:34","1","HAMILTON TWP","",0,0,2,0,0,"Injury","At Intersection","No","No","Pedalcyclist",2,"CENTRAL AVENUE","NULL",NA,"","11031983",0.86,"Municipal","Curve and Level","Blacktop","Dry","Daylight","Clear","None","None",NA,"At","NULL","PITMAN AVE.","NULL","","NULL",25,25,0,0,"No","","332",431063.49507,499229.055113,NA,"DVRPC",0,"Moderate Injury",6104924,40.2037698,-74.7187507
6814393,"2006110306-25570","06-25570",2006,"MERCER","Hamilton Twp (Mercer Co)","6/12/2006 0:00","Monday","June","12/31/1899 13:49","1","HAMILTON TOWNSHIP","",0,0,1,0,0,"Injury","At Intersection","No","No","Pedalcyclist",2,"HOLT AVENUE","West",NA,"","11031228",0,"Municipal","Straight and Level","Blacktop","Dry","Daylight","Clear","None","None",NA,"At","NULL","QUAKERBRIDGE RD","NULL","","NULL",25,40,0,0,"No","","322",439791.119937,513553.970164,NA,"DVRPC",0,"Pain",6117188,40.243195,-74.687473
6814438,"2006110306-26441","06-26441",2006,"MERCER","Hamilton Twp (Mercer Co)","6/17/2006 0:00","Saturday","June","12/31/1899 14:51","1","HAMILTON TWP.","",0,0,1,0,0,"Injury","At Intersection","No","No","Pedalcyclist",1,"BOW HILL ROAD","North",NA,"","11031994",0.64,"Municipal","Straight and Level","Blacktop","Dry","Daylight","Clear","None","None",NA,"At","NULL","ANNABELLE AVE","NULL","","NULL",25,25,0,0,"No","NONE","430",426478.970052,497250.349884,NA,"DVRPC",0,"Moderate Injury",6120336,40.198335,-74.734993
6814524,"2006110306-27961","06-27961",2006,"MERCER","Hamilton Twp (Mercer Co)","6/26/2006 0:00","Monday","June","12/31/1899 16:48","1","HAMILTON","",0,0,0,0,0,"Property Damage","Not At Intersection","No","No","Pedalcyclist",1,"JOHNSTON AVENUE","NULL",NA,"","11031388",0.45,"Municipal","Straight and Level","Blacktop","Dry","Daylight","Overcast","None","None",50,"Foot","West","GREENWOOD AVE","NULL","","NULL",25,35,0,0,"No","NONE","353",428409.870062,508153.939953,NA,"DVRPC",0,"PDO",6125112,40.2282986,-74.7281942
6814534,"2006110306-28139","06-28139",2006,"MERCER","Hamilton Twp (Mercer Co)","6/27/2006 0:00","Tuesday","June","12/31/1899 16:19","1","HAMILTON","",0,0,0,0,0,"Property Damage","Not At Intersection","No","No","Pedalcyclist",1,"NEW CEDAR LANE","South",NA,"","11031328",0.07,"Municipal","Straight and Level","Blacktop","Dry","Daylight","Clear","None","None",25,"Foot","North","LAFAYETTE AVE","NULL","","NULL",25,25,0,0,"No","NONE","381",426746.009872,497537.950031,NA,"DVRPC",0,"PDO",6166779,40.19914,-74.734036
6814550,"2006110306-28497","06-28497",2006,"MERCER","Hamilton Twp (Mercer Co)","6/29/2006 0:00","Thursday","June","12/31/1899 19:31","1","HAMILTON","",0,0,1,0,0,"Injury","Not At Intersection","No","No","Pedalcyclist",1,"NJ 33","West",33,"","33",5.54,"State Highway","Straight and Level","Blacktop","Dry","Daylight","Clear","None","None",200,"Foot","East","YARDVILLE HAMILTON SQ RD","NULL","","NULL",45,35,40.22696,-74.66063,"No","NONE","438",447265.466905,507634.234579,NA,"DVRPC",0,"Pain",6134017,40.2271984,-74.6615382
6814632,"2006110306-30737","06-30737",2006,"MERCER","Hamilton Twp (Mercer Co)","7/12/2006 0:00","Wednesday","July","12/31/1899 10:40","1","HAMILTON TOWNSHIP","",0,1,1,0,1,"Injury","Not At Intersection","No","No","Pedalcyclist",1,"KLOCKNER RD","NULL",NA,"","11031976",3.8,"Municipal","Straight and Grade","Blacktop","Dry","Daylight","Overcast","None","None",100,"Foot","West","WHITEHORSE-HAMILTON SQ. RD.","NULL","","NULL",35,40,40.21927,-74.6734,"No","","364",443743.71,504817.44,NA,"DVRPC",1,"Incapacitating Injury",6152709,40.2191507,-74.6730046
6814668,"2006110306-31558","06-31558",2006,"MERCER","Hamilton Twp (Mercer Co)","7/17/2006 0:00","Monday","July","12/31/1899 16:11","1","HAMILTON","",0,0,1,0,0,"Injury","At Intersection","No","No","Pedalcyclist",1,"HUTCHINSON STREET","NULL",NA,"","11031446",0.23,"Municipal","Straight and Level","Blacktop","Dry","Daylight","Clear","None","None",NA,"At","NULL","E BROWN ST","NULL","","NULL",25,25,0,0,"No","","363",426609.111567,500555.502935,NA,"DVRPC",0,"Moderate Injury",6142356,40.207404,-74.73455
6814803,"2006110306-34653","06-34653",2006,"MERCER","Hamilton Twp (Mercer Co)","8/7/2006 0:00","Monday","August","12/31/1899 18:41","1","HAMILTON TOWNSHIP","",0,0,1,0,0,"Injury","At Intersection","No","No","Pedalcyclist",1,"ROUTE 533","NULL",533,"","533",2.7,"County","Straight and Grade","Blacktop","Dry","Daylight","Clear","Curbed Median","None",NA,"At","NULL","KLOCKNER RD.","NULL","","NULL",45,35,40.22494,-74.68709,"No","","364",439885.226951,506903.84795,NA,"DVRPC",0,"Moderate Injury",6159232,40.2247664,-74.687048
6814950,"2006110306-38336","06-38336",2006,"MERCER","Hamilton Twp (Mercer Co)","8/29/2006 0:00","Tuesday","August","12/31/1899 15:43","1","HAMILTON TWP","",0,0,1,0,0,"Injury","At Intersection","No","No","Pedalcyclist",1,"ROUTE 524","West",524,"","524",1.08,"County","Curve and Grade","Blacktop","Dry","Daylight","Overcast","None","None",NA,"At","NULL","COLERIDGE RD.","NULL","","NULL",35,25,40.18621,-74.68584,"No","","275",440381.087073,492736.887366,NA,"DVRPC",0,"Moderate Injury",6188431,40.1860544,-74.6853906
6814952,"2006110306-38341","06-38341",2006,"MERCER","Hamilton Twp (Mercer Co)","8/29/2006 0:00","Tuesday","August","12/31/1899 16:08","1","HAMILTON TOWNSHIP","",0,0,1,0,0,"Injury","At Intersection","No","No","Pedalcyclist",1,"MERCER COUNTY 620","NULL",620,"","11000620",1.7,"County","Straight and Grade","Blacktop","Dry","Daylight","Overcast","None","None",NA,"At","NULL","REEVES AVE.","NULL","","NULL",40,25,40.20242,-74.71409,"No","","364",432326.442149,498720.214167,NA,"DVRPC",1,"Pain",6188429,40.2194203,-74.7246528
6815281,"2006110306-44606","06-44606",2006,"MERCER","Hamilton Twp (Mercer Co)","10/5/2006 0:00","Thursday","October","12/31/1899 17:49","1","HAMILTON","",0,0,1,0,0,"Injury","At Intersection","No","No","Pedalcyclist",1,"WARD AVE","NULL",NA,"","11032003",0.35,"Municipal","Straight and Level","Blacktop","Dry","Daylight","Clear","None","None",NA,"At","NULL","BONNIE AVE","NULL","","NULL",35,25,40.22746,-74.72145,"No","","363",430297.94,507842.8,NA,"DVRPC",0,"Moderate Injury",6224318,40.2274501,-74.721428
6815445,"2006110306-47192","06-47192",2006,"MERCER","Hamilton Twp (Mercer Co)","10/22/2006 0:00","Sunday","October","12/31/1899 15:34","1","HAMILTON","HAMILTON",0,0,1,0,0,"Injury","Not At Intersection","No","No","Pedalcyclist",1,"NJ 33","NULL",33,"","33",5.13,"State Highway","Straight and Level","Blacktop","Dry","Daylight","Clear","None","None",40,"Foot","West","PAXSON AVE","NULL","","NULL",40,25,40.22878,-74.66803,"No","NONE","209",445202.088986,508298.132902,NA,"DVRPC",0,"Moderate Injury",6228154,40.232553,-74.668884
6815479,"2006110306-47797","06-47797",2006,"MERCER","Hamilton Twp (Mercer Co)","10/26/2006 0:00","Thursday","October","12/31/1899 22:11","1","HAMILTON TWP.","",0,0,1,0,0,"Injury","Not At Intersection","No","No","Pedalcyclist",1,"MERCER COUNTY 622","South",622,"","11000622",1.69,"County","Straight and Level","Blacktop","Dry","Dark (Street LIghts On/ spot)","Clear","None","None",15,"Foot","North","WATSON AVENUE","NULL","","NULL",30,25,40.21232,-74.72541,"No","NONE","412",429097.04,502435.99,NA,"DVRPC",0,"Moderate Injury",6233266,40.2194203,-74.7246528
6815525,"2006110306-48547","06-48547",2006,"MERCER","Hamilton Twp (Mercer Co)","10/31/2006 0:00","Tuesday","October","12/31/1899 16:44","1","HAMILTON","",0,0,1,0,0,"Injury","Not At Intersection","No","No","Pedalcyclist",1,"DEUTZ AVENUE","NULL",NA,"","11031745",0,"Municipal","Straight and Level","Blacktop","Dry","Dusk","Clear","None","None",50,"Foot","North","GIBBS AVENUE","NULL","","NULL",25,25,0,0,"No","","309",422676.109876,495125.759973,NA,"DVRPC",0,"Pain",6232938,40.1924741,-74.748576
6815873,"2006110306-55019","06-55019",2006,"MERCER","Hamilton Twp (Mercer Co)","12/14/2006 0:00","Thursday","December","12/31/1899 16:57","1","HAMILTON","",0,0,1,0,0,"Injury","At Intersection","No","No","Pedalcyclist",1,"MERCER COUNTY 606","NULL",606,"","11000606",1.76,"County","Straight and Level","Blacktop","Dry","Dark (Street Lights On/ continuous)","Clear","None","None",NA,"At","NULL","KLEIN AVE","NULL","","NULL",30,25,40.22115,-74.72737,"No","NONE","381",428634.110618,505554.715984,NA,"DVRPC",0,"Pain",6270977,40.2194203,-74.7246528
6815880,"2006110306-55192","06-55192",2006,"MERCER","Hamilton Twp (Mercer Co)","12/15/2006 0:00","Friday","December","12/31/1899 20:16","1","HAMILTON","",0,1,1,0,0,"Injury","Not At Intersection","No","No","Pedalcyclist",1,"FLOCK RD","West",NA,"","11031986",2.11,"Municipal","Curve and Level","Blacktop","Dry","Dark (Street Lights On/ continuous)","Clear","None","None",250,"Foot","East","KLOCKNER ROAD","NULL","","NULL",45,35,40.25242,-74.70627,"No","","309",NA,NA,NA,"DVRPC",0,"Incapacitating Injury",6275692,40.2485284,-74.6820407
6815996,"2006110306-56943","06-56943",2006,"MERCER","Hamilton Twp (Mercer Co)","12/28/2006 0:00","Thursday","December","12/31/1899 18:15","1","HAMILTON","",0,0,0,0,0,"Property Damage","At Intersection","No","No","Pedalcyclist",2,"US 206","NULL",206,"","206",39.14,"Municipal","Straight and Level","Blacktop","Dry","Dark (Street Lights On/ continuous)","Clear","Barrier Median","None",NA,"At","NULL","HOMESTEAD AVENUE","NULL","","NULL",35,25,40.19014,-74.70939,"No","","363",433750.845103,494180.343422,NA,"DVRPC",0,"PDO",6299854,40.1899883,-74.7093055
6816193,"2006110306-9356","Jun-56",2006,"MERCER","Hamilton Twp (Mercer Co)","2/28/2006 0:00","Tuesday","February","12/31/1899 16:11","1","HAMILTON TOWNSHIP","",0,0,0,0,0,"Property Damage","At Intersection","No","No","Pedalcyclist",1,"NORWAY AVENUE","South",NA,"","11031410",0.65,"Municipal","Straight and Level","Blacktop","Dry","Daylight","Clear","None","None",NA,"At","NULL","WALNUT AVE","NULL","","NULL",25,25,0,0,"No","","322",427632.751442,508687.946254,NA,"DVRPC",0,"PDO",6037700,40.2297393,-74.7309614
6816856,"2.006110420061E+016","200610065",2006,"MERCER","Hightstown Borough","9/17/2006 0:00","Sunday","September","12/31/1899 15:26","1","HIGHTSTOWN","PATROL DIVISION",0,0,1,0,0,"Injury","Not At Intersection","No","No","Pedalcyclist",1,"NJ 33","South",33,"","33",13.81,"State Highway","Straight and Grade","Blacktop","Dry","Daylight","Clear","None","Incident Zone",50,"Foot","South","SOUTH STREET","NULL","","NULL",35,35,40.26582,-74.53054,"No","NONE","111",483943.363354,521946.557423,NA,"DVRPC",0,"Pain",6302421,40.2666075,-74.5288227
6816872,"2.0061104200612E+016","200612062",2006,"MERCER","Hightstown Borough","11/3/2006 0:00","Friday","November","12/31/1899 16:49","1","HIGHTSTOWN","",0,0,1,0,0,"Injury","At Intersection","No","No","Pedalcyclist",1,"NJ 33","NULL",33,"","33",14.54,"State Highway","Straight and Level","Blacktop","Dry","Dusk","Clear","None","None",NA,"At","NULL","MAXWELL AVENUE","NULL","","NULL",25,25,40.26934,-74.51948,"No","","112",486843.718412,522924.533433,NA,"DVRPC",0,"Pain",6285304,40.2683097,-74.5050542
6817694,"2006110706-013217","06-013217",2006,"MERCER","Lawrence Twp (Mercer Co)","3/17/2006 0:00","Friday","March","12/31/1899 16:56","1","LAWRENCE TWP","06-013217",0,0,1,0,0,"Injury","At Intersection","No","No","Pedalcyclist",1,"GAINSBORO RD","NULL",NA,"","11071396",0,"Municipal","Straight and Level","Blacktop","Dry","Daylight","Clear","None","NULL",NA,"At","NULL","LAWRENCE RD","NULL","","NULL",25,NA,40.26398,-74.74048,"No","NONE","146",425017.69,521164.86,NA,"DVRPC",0,"Pain",6044559,40.2654559,-74.7401641
6817734,"2006110706-019743","06-019743",2006,"MERCER","Lawrence Twp (Mercer Co)","4/24/2006 0:00","Monday","April","12/31/1899 18:06","1","LAWRENCE TWP","",0,0,1,0,0,"Injury","At Intersection","No","No","Pedalcyclist",1,"US 1 BUSINESS","West",1,"B","00000001B",1.31,"State Highway","Straight and Level","Blacktop","Dry","Daylight","Clear","None","None",NA,"At","NULL","PRESIDENT AVENUE","NULL","","NULL",25,40,40.255,-74.73033,"No","","209",427679.251577,517710.450649,NA,"DVRPC",0,"Pain",6080567,40.2546312,-74.7309208
6818278,"2006110706-058636","06-058636",2006,"MERCER","Lawrence Twp (Mercer Co)","12/23/2006 0:00","Saturday","December","12/31/1899 13:42","1","LAWRENCE","",0,0,0,0,0,"Property Damage","At Intersection","No","No","Pedalcyclist",1,"US 1 BUSINESS","NULL",1,"B","00000001B",0.48,"State Highway","Straight and Level","Blacktop","Wet","Daylight","Overcast","Barrier Median","None",NA,"At","NULL","PEAR STREET","NULL","","NULL",55,25,40.24565,-74.74168,"No","NONE","176",424496.62,514172.7,NA,"DVRPC",0,"PDO",6302282,40.2458612,-74.7414344
6819103,"2006110906-10937","06-10937",2006,"MERCER","Princeton Borough","7/17/2006 0:00","Monday","July","12/31/1899 10:29","1","PRINCETON BOROUGH","",0,0,1,0,0,"Injury","Not At Intersection","No","No","Pedalcyclist",1,"HULFISH ST","NULL",NA,"","11091066",0.3,"Municipal","Straight and Level","Blacktop","Dry","Daylight","Clear","None","None",200,"Foot","West","PALMER SQUARE EAST","NULL","","NULL",25,25,0,0,"No","NONE","129",447418.600089,552876.560154,NA,"DVRPC",0,"Moderate Injury",6168288,40.3509872,-74.6611298
6819151,"2006110906-15195","06-15195",2006,"MERCER","Princeton Borough","9/29/2006 0:00","Friday","September","12/31/1899 13:09","1","PRINCETON BOROUGH","",0,0,1,0,0,"Injury","Not At Intersection","No","No","Pedalcyclist",1,"PROSPECT AVE","NULL",NA,"","11091240",0.38,"Municipal","Straight and Level","Blacktop","Dry","Daylight","Clear","None","None",175,"Foot","West","MURRAY PLACE","NULL","","NULL",25,25,40.34964,-74.64826,"No","NONE","88",450803.83071,552312.613203,NA,"DVRPC",0,"Pain",6207960,40.3498094,-74.6476199
6819192,"2006110906-18107","06-18107",2006,"MERCER","Princeton Borough","11/17/2006 0:00","Friday","November","12/31/1899 16:32","1","PRINCETON BOROUGH","",0,0,1,0,0,"Injury","Not At Intersection","Yes","No","Pedalcyclist",1,"BANK ST","NULL",NA,"","11091066",0.16,"Municipal","Straight and Level","Blacktop","Dry","Daylight","Clear","None","None",2,"Foot","West","CHAMBERS STREET","NULL","","NULL",15,25,0,0,"No","NONE","131",446704.21213,552625.513751,NA,"DVRPC",0,"Pain",6261204,40.3498413,-74.6626809
6819263,"2006110906-5676","Jun-76",2006,"MERCER","Princeton Borough","4/17/2006 0:00","Monday","April","12/31/1899 14:18","1","PRINCETON BOROUGH","",0,0,1,0,0,"Injury","At Intersection","No","No","Pedalcyclist",1,"HARRISON ST","NULL",NA,"","",NA,"Municipal","Straight and Level","Blacktop","Dry","Daylight","Clear","None","None",NA,"At","NULL","FRANKLIN AVE.","NULL","","NULL",25,25,0,0,"No","","136",NA,NA,NA,"DVRPC",0,"Pain",6090298,40.3591268,-74.649593
6819288,"2006110906-8011","Jun-11",2006,"MERCER","Princeton Borough","5/27/2006 0:00","Saturday","May","12/31/1899 12:24","1","PRINCETON BOROUGH","",0,0,1,0,0,"Injury","Not At Intersection","No","No","Pedalcyclist",1,"255 NASSAU STREET","NULL",NA,"","",NA,"Private Property","Straight and Grade","Blacktop","Wet","Daylight","Rain","None","None",NA,"NULL","NULL","","NULL","","NULL",35,NA,0,0,"No","NONE","135",NA,NA,NA,"DVRPC",0,"Moderate Injury",6113217,40.3518789,-74.650621
6819332,"200611092006-004780","2006-004780",2006,"MERCER","Princeton Borough","3/31/2006 0:00","Friday","March","12/31/1899 18:11","1","PRINCETON BOROUGH","",0,0,1,0,0,"Injury","At Intersection","No","No","Pedalcyclist",1,"LAFAYETTE RD","NULL",NA,"","11091012",0.23,"Municipal","Curve and Level","Blacktop","Dry","Daylight","Clear","None","None",NA,"At","NULL","HUNTER ROAD","NULL","","NULL",25,25,0,0,"No","NONE","138",443312.894749,552892.466794,NA,"DVRPC",0,"Moderate Injury",6072697,40.351174,-74.675332
6819349,"200611092006-015708","2006-015708",2006,"MERCER","Princeton Borough","10/7/2006 0:00","Saturday","October","12/31/1899 13:02","1","PRINCETON BOROUGH","",0,0,1,0,0,"Injury","At Intersection","No","No","Pedalcyclist",1,"NJ 27","NULL",27,"","27",0.4,"State Highway","Straight and Level","Blacktop","Dry","Daylight","Clear","None","None",NA,"At","NULL","VANDEVENTER AVENUE","NULL","","NULL",25,25,40.3503,-74.65738,"No","NONE","112",448324,552578.32,NA,"DVRPC",0,"Pain",6226003,40.3503814,-74.6570811
6819438,"20061109I2006-024561","I2006-024561",2006,"MERCER","Princeton Borough","9/18/2006 0:00","Monday","September","12/31/1899 16:16","99","PRINCETON UNIV","",0,0,1,0,0,"Injury","Not At Intersection","No","No","Pedalcyclist",1,"LOT 18 ACCESS ROAD","West",NA,"","",NA,"Private Property","Straight and Grade","Blacktop","Dry","Daylight","Clear","None","None",3,"Foot","East","ELM DRIVE","NULL","","NULL",NA,20,0,0,"No","","131",NA,NA,NA,"DVRPC",0,"Moderate Injury",6204145,39.804057,-74.993779
6819558,"2006111006-13600","06-13600",2006,"MERCER","Princeton Township","9/6/2006 0:00","Wednesday","September","12/31/1899 15:33","1","PRINCETON TOWNSHIP","",0,0,1,0,0,"Injury","At Intersection","No","No","Pedalcyclist",1,"NJ 27","South",27,"","27",2.43,"State Highway","Straight and Grade","Blacktop","Dry","Daylight","Clear","None","None",NA,"At","NULL","SHADY BROOK LANE","NULL","","NULL",45,25,40.36675,-74.62651,"No","","***",456859.726521,558512.937149,NA,"DVRPC",0,"Moderate Injury",6239860,40.3666484,-74.6266271
6819599,"2006111006-15258","06-15258",2006,"MERCER","Princeton Township","10/4/2006 0:00","Wednesday","October","12/31/1899 19:43","1","PRINCETON TOWNSHIP","",0,0,1,0,0,"Injury","Not At Intersection","No","No","Pedalcyclist",2,"PALMER STADIUM ACCESS RD-PRINCETON UNIV","NULL",NA,"","",NA,"Private Property","Straight and Level","Blacktop","Dry","Dark (Street LIghts On/ spot)","Clear","None","None",300,"Foot","East","WASHINGTON ROAD","NULL","","NULL",NA,NA,0,0,"No","","196",NA,NA,NA,"DVRPC",0,"Moderate Injury",6236873,40.3457928,-74.6500047
6819810,"2006111006-6785","Jun-85",2006,"MERCER","Princeton Township","5/4/2006 0:00","Thursday","May","12/31/1899 9:55","","PRINCETON TOWNSHIP","",0,0,1,0,0,"Injury","At Intersection","No","No","Pedalcyclist",1,"US 206","North",206,"","206",57.07,"State Highway","Straight and Level","Blacktop","Dry","Daylight","Clear","None","None",NA,"At","NULL","HERRONTOWN ROAD","NULL","","NULL",40,25,40.39157,-74.65374,"No","","80",448625.442334,566826.004496,NA,"DVRPC",0,"Pain",6089152,40.3894268,-74.6562567
6820026,"2.006111101206E+018","1206006571",2006,"MERCER","Trenton City","1/12/2006 0:00","Thursday","January","12/31/1899 12:09","1","TRENTON","CIB",1,0,0,0,0,"Fatal","At Intersection","No","No","Pedalcyclist",1,"MERCER COUNTY 622","South",622,"","11000622",NA,"County","Straight and Level","Blacktop","Dry","Daylight","Clear","None","None",NA,"At","NULL","CUNNINGHAM ALLEY","NULL","","NULL",25,NA,0,0,"No","","421",NA,NA,NA,"DVRPC",0,"Fatal Injury",6134801,40.22008,-74.733189
6820346,"20061111045-060242197","045-060242197",2006,"MERCER","Trenton City","2/14/2006 0:00","Tuesday","February","12/31/1899 13:00","1","TRENTON","PATROL",0,0,1,0,0,"Injury","At Intersection","No","No","Pedalcyclist",2,"S CLINTON AVE","South",NA,"","11031969",3.62,"Municipal","Straight and Level","Blacktop","Wet","Daylight","Clear","None","None",NA,"At","NULL","YARD AVENUE","NULL","","NULL",25,25,40.21995,-74.75521,"No","","***",420859.768089,505138.081403,NA,"DVRPC",0,"Pain",6019017,40.2199567,-74.7551997
6820387,"20061111059-06031951","059-06031951",2006,"MERCER","Trenton City","2/28/2006 0:00","Tuesday","February","12/31/1899 7:15","1","TRENTON","PATROL B-53",0,0,1,0,0,"Injury","Not At Intersection","No","No","Pedalcyclist",1,"ENTERPRISE AVE","NULL",NA,"","11031419",0.73,"Municipal","Straight and Level","Blacktop","Snowy","Daylight","Snow","None","None",800,"Foot","East","PLUM STREET","NULL","","NULL",35,25,0,0,"No","","153",425436.469561,511893.259873,NA,"DVRPC",0,"Pain",6033056,40.2387056,-74.7386038
6820413,"2006111106-23626","06-23626",2006,"MERCER","Trenton City","5/31/2006 0:00","Wednesday","May","12/31/1899 16:13","1","HAMILTON","",0,0,0,0,0,"Property Damage","Not At Intersection","No","No","Pedalcyclist",1,"US 206","NULL",206,"","206",40.79,"Municipal","Curve and Grade","Blacktop","Dry","Daylight","Clear","None","None",200,"Foot","West","LAKESIDE BLVD","NULL","","NULL",40,25,40.20156,-74.73714,"No","","363",426088.251591,498323.987389,NA,"DVRPC",0,"PDO",6166799,40.2016827,-74.7373016
6820841,"20061111098-06054467","098-06054467",2006,"MERCER","Trenton City","4/8/2006 0:00","Saturday","April","12/31/1899 18:39","","TRENTON","PATROL",0,0,1,0,0,"Injury","Not At Intersection","No","No","Pedalcyclist",1,"SOUTH OVERBROOK","North",NA,"","11111251",0.04,"Municipal","Straight and Level","Blacktop","Wet","Daylight","Clear","None","None",20,"Foot","South","CUMBERLAND","NULL","","NULL",25,25,0,0,"No","NONE","***",411911.600144,508321.400871,NA,"DVRPC",0,"Moderate Injury",6064378,40.228656,-74.787241
6820846,"20061111099-06054794","099-06054794",2006,"MERCER","Trenton City","4/9/2006 0:00","Sunday","April","","","TRENTON","PATROL",0,0,1,0,0,"Injury","At Intersection","No","No","Pedalcyclist",1,"MERCER COUNTY 622","NULL",622,"","11000622",2.81,"County","Straight and Level","Blacktop","Dry","Daylight","Clear","None","None",NA,"At","NULL","WALNUT AVENUE","NULL","","NULL",25,25,40.22507,-74.7381,"No","","537",425551.93,507110.02,NA,"DVRPC",0,"Pain",6064383,40.225404,-74.738427