"ID","DOT_WEB_ID","CASE_NUMBER","CRASH_YEAR","COUNTY","MUNICIPALITY","CRASH_DATE","CRASH_DAY_OF_WEEK","CRASH_MONTH","CRASH_TIME","POLICE_DEPT_CODE","POLICE_DEPARTMENT","POLICE_STATION","TOTAL_KILLED","TOTAL_INCAPACITATED","TOTAL_INJURED","PEDESTRIANS_KILLED","PEDESTRIANS_INJURED","SEVERITY","INTERSECTION","ALCOHOL_INVOLVED","HAZMAT_INVOLVED","CRASH_TYPE","TOTAL_VEHICLES_INVOLVED","CRASH_LOCATION","LOCATION_DIRECTION","ROUTE","ROUTE_SUFFIX","SRI","MILEPOST","ROAD_SYSTEM","ROAD_CHARACTER","ROAD_SURFACE_TYPE","SURFACE_CONDITION","LIGHT_CONDITION","ENVIRONMENTAL_CONDITION","ROAD_DIVIDED_BY","TEMP_TRAFFIC_CONTROL_ZONE","DISTANCE_TO_CROSS_STREET","UNIT_OF_MEASUREMENT","DIRECTION_FROM_CROSS_STREET","CROSS_STREET_NAME","IS_RAMP","RAMP_TO_FROM_ROUTE_NAME","RAMP_TO_FROM_ROUTE_DIRECTION","POSTED_SPEED","POSTED_SPEED_CROSS_STREET","LATITUDE","LONGITUDE","CELL_PHONE_IN_USE","OTHER_PROPERTY_DAMAGE","REPORTING_BADGE_NO","X","Y","CRASH_NARRATIVE","MPO","TOTAL_PEDESTRIANS_INVOLVED","EPDO","DLN","LatitudeGeocoded","LongitudeGeocoded"
6820887,"2.00611111030605E+018","10306057014",2006,"MERCER","Trenton City","4/13/2006 0:00","Thursday","April","12/31/1899 12:50","1","T.P.D","T.P.D",0,0,1,0,0,"Injury","At Intersection","No","No","Pedalcyclist",1,"S CLINTON AVE","North",NA,"","11031969",3.48,"Municipal","Straight and Level","Blacktop","Dry","Daylight","Clear","None","None",NA,"At","NULL","WALLENBURG AVE.","NULL","","NULL",25,25,40.21794,-74.75485,"No","","***",420958.769987,504406.196349,NA,"DVRPC",0,"Moderate Injury",6069724,40.2189119,-74.7550056
6820888,"20061111104-06057463","104-06057463",2006,"MERCER","Trenton City","4/14/2006 0:00","Friday","April","12/31/1899 7:34","1","TRENTON","PATROL",0,0,1,0,0,"Injury","At Intersection","No","No","Pedalcyclist",1,"US 206","NULL",206,"","206",NA,"Municipal","Straight and Level","Blacktop","Dry","Daylight","Clear","None","None",NA,"At","NULL","U SIDE STREET","NULL","","NULL",25,25,0,0,"No","","***",NA,NA,NA,"DVRPC",0,"Pain",6069728,40.2016827,-74.7373016
6821023,"2006111111906065-737","11906065-737",2006,"MERCER","Trenton City","4/29/2006 0:00","Saturday","April","12/31/1899 18:13","1","TRENTON","PATROL",0,0,1,0,0,"Injury","At Intersection","No","No","Pedalcyclist",1,"PERRY ST","NULL",NA,"","11111556",0.26,"Municipal","Straight and Level","Blacktop","Dry","Daylight","Clear","None","NULL",NA,"At","NULL","STOCKTON ST.","NULL","","NULL",25,NA,40.22374,-74.76073,"No","","412",419318.49,506522.51,NA,"DVRPC",0,"Moderate Injury",6083966,40.223705,-74.760886
6821081,"20061111130-06071768","130-06071768",2006,"MERCER","Trenton City","5/10/2006 0:00","Wednesday","May","12/31/1899 17:02","1","TRENTON","PATROL",0,0,1,0,0,"Injury","At Intersection","No","No","Pedalcyclist",1,"S STOCKTON ST","NULL",NA,"","11111549",0.28,"Municipal","Straight and Level","Blacktop","Dry","Daylight","Clear","None","None",NA,"At","NULL","ERNIE KOVALS PL","NULL","","NULL",25,25,0,0,"No","NONE","***",419669.042564,505026.388623,NA,"DVRPC",0,"Moderate Injury",6090978,40.2197421,-74.7595088
6821189,"20061111140-06077065","140-06077065",2006,"MERCER","Trenton City","5/20/2006 0:00","Saturday","May","12/31/1899 13:20","1","TRENTON","PATROL B-63",0,0,1,0,0,"Injury","Not At Intersection","No","No","Pedalcyclist",1,"NJ 33","NULL",33,"","33",0.59,"County","Straight and Level","Blacktop","Dry","Daylight","Clear","None","Maintenance Zone",NA,"NULL","West","MONMOUTH STREET","NULL","","NULL",NA,NA,40.21901,-74.74746,"No","","***",423001.216429,504777.257371,NA,"DVRPC",0,"Moderate Injury",6097650,40.218958,-74.747608
6821207,"20061111142-06078152","142-06078152",2006,"MERCER","Trenton City","5/22/2006 0:00","Monday","May","12/31/1899 17:30","1","TRENTON","PATROL",0,0,1,0,0,"Injury","Not At Intersection","No","No","Pedalcyclist",2,"NJ 31","NULL",31,"","31",0.29,"County","Straight and Level","Blacktop","Dry","Daylight","Clear","None","None",75,"Foot","North","CR 653","NULL","","NULL",25,25,40.22883,-74.7683,"No","","381",417130.03,508505.2,NA,"DVRPC",0,"Pain",6097633,40.2290447,-74.768528
6821219,"20061111144-06078924","144-06078924",2006,"MERCER","Trenton City","5/24/2006 0:00","Wednesday","May","12/31/1899 9:30","1","TRENTON","PATROL",0,0,0,0,0,"Property Damage","Not At Intersection","No","No","Pedalcyclist",1,"THIRD ST","North",NA,"","11111324",0.005,"Municipal","Straight and Level","Blacktop","Dry","Dark (Street Lights On/ continuous)","Clear","Barrier Median","None",25,"Foot","North","CASS STREET","NULL","","NULL",25,25,0,0,"No","0","602",420750.671928,499965.793994,NA,"DVRPC",0,"PDO",6100772,40.2058238,-74.7555713
6821305,"20061111151-06083224","151-06083224",2006,"MERCER","Trenton City","5/31/2006 0:00","Wednesday","May","12/31/1899 17:50","1","TRENTON","PATROL",0,0,1,0,0,"Injury","At Intersection","No","No","Pedalcyclist",2,"STEAMBOAT","NULL",NA,"","11111317",0.05,"Municipal","Unknown","Unknown","Unknown","Daylight","Unknown","None","None",NA,"At","NULL","ASBURY PLACE","NULL","","NULL",25,NA,0,0,"No","","193",419071.017819,501129.794605,NA,"DVRPC",0,"Pain",6297202,40.2091536,-74.7609488
6821358,"20061111157-06086660","157-06086660",2006,"MERCER","Trenton City","6/6/2006 0:00","Tuesday","June","12/31/1899 18:11","1","TRENTON","SOUTH 3",0,0,1,0,0,"Injury","At Intersection","No","No","Pedalcyclist",1,"US 206","South",206,"","206",40.9,"Municipal","Straight and Level","Blacktop","Dry","Daylight","Clear","Painted Median","None",NA,"At","NULL","REMSEN STREET","NULL","","NULL",35,25,40.20233,-74.73898,"No","","581",425575.223289,498595.88913,NA,"DVRPC",0,"Moderate Injury",6108836,40.2022244,-74.738615
6821384,"20061111160-06-088671","160-06-088671",2006,"MERCER","Trenton City","6/9/2006 0:00","Friday","June","12/31/1899 19:30","1","TRENTON","PATROL",0,0,0,0,0,"Property Damage","At Intersection","No","No","Pedalcyclist",1,"S CLINTON AVE","NULL",NA,"","11031969",3.1,"Municipal","Straight and Level","Blacktop","Dry","Dusk","Clear","None","None",NA,"At","NULL","BUTLER STREET","NULL","","NULL",25,NA,40.21256,-74.75338,"No","TO DRIVER #1 AND ITS OWNER.","166",421365.01,502440.54,NA,"DVRPC",0,"PDO",6116802,40.21256,-74.753376
6821501,"2.00611111720609E+018","17206095750",2006,"MERCER","Trenton City","6/21/2006 0:00","Wednesday","June","12/31/1899 17:45","","TRENTON","SOUTH",0,0,1,0,0,"Injury","At Intersection","No","No","Pedalcyclist",1,"ERNIE KOVACS PL","NULL",NA,"","11111595",0,"Municipal","Straight and Level","Blacktop","Dry","Daylight","Clear","None","None",NA,"At","NULL","STOCKTON STREET","NULL","","NULL",25,25,0,0,"No","","***",419660.230081,505075.149851,NA,"DVRPC",0,"Pain",6122212,40.2197421,-74.7595088
6821728,"2.00611111970611E+018","19706110891",2006,"MERCER","Trenton City","7/16/2006 0:00","Sunday","July","12/31/1899 20:07","1","TRENTON","PATROL",0,0,1,0,1,"Injury","Not At Intersection","No","No","Pedalcyclist",1,"EMORY AVE","NULL",NA,"","11111466",0.4,"Municipal","Straight and Level","Blacktop","Dry","Daylight","Clear","None","None",NA,"NULL","NULL","ANDERSON STREET","NULL","","NULL",25,NA,0,0,"No","NONE","286",424316.439928,501862.219925,NA,"DVRPC",1,"Pain",6145148,40.21101,-74.742699
6821814,"20061111207-06116895","207-06116895",2006,"MERCER","Trenton City","7/26/2006 0:00","Wednesday","July","12/31/1899 15:56","1","TRENTON","EAST DIST",0,0,0,0,0,"Property Damage","At Intersection","No","No","Pedalcyclist",1,"MERCER COUNTY 606","NULL",606,"","11000606",0.9,"County","Straight and Level","Blacktop","Dry","Daylight","Clear","Painted Median","None",NA,"At","NULL","CR 626","NULL","","NULL",NA,NA,40.21706,-74.74285,"No","","350",424309.501697,504075.033595,NA,"DVRPC",0,"PDO",6153311,40.2170331,-74.7429262
6821861,"2.00611112120612E+018","21206120049",2006,"MERCER","Trenton City","7/31/2006 0:00","Monday","July","12/31/1899 17:00","1","TRENTON","PATROL",0,0,1,0,0,"Injury","At Intersection","No","No","Pedalcyclist",1,"CUMMINGS AVE","NULL",NA,"","11111171",0.45,"Municipal","Straight and Level","Blacktop","Dry","Daylight","Clear","None","None",NA,"At","NULL","WASHINGTON STREET","NULL","","NULL",25,25,0,0,"No","NONE","370",423035.749904,501126.479927,NA,"DVRPC",0,"Pain",6153362,40.208785,-74.738851
6821974,"20061111226-06128318","226-06128318",2006,"MERCER","Trenton City","8/14/2006 0:00","Monday","August","12/31/1899 11:49","1","TRENTON","PATROL",0,0,1,0,0,"Injury","Not At Intersection","No","No","Pedalcyclist",1,"SPRUCE ST","NULL",NA,"","11111563",0.24,"Municipal","Straight and Level","Blacktop","Dry","Daylight","Clear","None","None",100,"Foot","North","BRUNSWICK AVE.","NULL","","NULL",25,25,40.24001,-74.74913,"No","NONE","***",422578.598588,512441.794975,NA,"DVRPC",0,"Pain",6169421,40.239811,-74.748942
6822018,"20061111232-06131877","232-06131877",2006,"MERCER","Trenton City","8/20/2006 0:00","Sunday","August","12/31/1899 10:56","1","CITY OF TRENTON","PATROL",0,0,1,0,0,"Injury","Not At Intersection","No","No","Pedalcyclist",2,"US 206","NULL",206,"","206",NA,"Municipal","Straight and Level","Blacktop","Dry","Daylight","Clear","None","None",NA,"Foot","NULL","WEST INGHAM AVE","NULL","","NULL",25,NA,0,0,"No","NONE","399",NA,NA,NA,"DVRPC",0,"Pain",6171421,40.2310418,-74.761733
6822024,"20061111233-06132595","233-06132595",2006,"MERCER","Trenton City","8/21/2006 0:00","Monday","August","12/31/1899 16:28","1","TRENTON CITY","METRO",0,0,1,0,0,"Injury","At Intersection","No","No","Pedalcyclist",1,"US 206","South",206,"","206",42.26,"Municipal","Straight and Level","Blacktop","Dry","Daylight","Clear","None","None",NA,"At","NULL","FERRY ST.","NULL","","NULL",25,NA,40.21366,-74.75988,"No","","186",419732.494624,502619.008885,NA,"DVRPC",0,"Moderate Injury",6171414,40.2132814,-74.759464
6822412,"20061111277-06161334","277-06161334",2006,"MERCER","Trenton City","10/4/2006 0:00","Wednesday","October","12/31/1899 9:20","1","TRENTON P.D","327",0,0,0,0,0,"Property Damage","Not At Intersection","No","No","Pedalcyclist",1,"CHAMBERS ST","NULL",NA,"","",NA,"Private Property","Straight and Level","Blacktop","Dry","Daylight","Clear","None","None",25,"Foot","South","GREENWOOD AVE","NULL","","NULL",25,25,0,0,"No","","408",NA,NA,NA,"DVRPC",0,"PDO",6210267,40.2199196,-74.7450688
6822424,"20061111278-06161931","278-06161931",2006,"MERCER","Trenton City","10/5/2006 0:00","Thursday","October","12/31/1899 4:29","1","TRENTON","PATROL",0,0,1,0,0,"Injury","At Intersection","No","No","Pedalcyclist",1,"MERCER COUNTY 636","NULL",636,"","11000636",0.33,"County","Curve and Hillcrest","Blacktop","Dry","Dark (Street Lights On/ continuous)","Clear","Painted Median","None",NA,"At","NULL","BELLEVUE AVENUE","NULL","","NULL",25,25,40.23583,-74.78701,"No","NONE","136",412000.17506,510950.136461,NA,"DVRPC",0,"Moderate Injury",6210278,40.232031,-74.7811768
6822461,"2.00611112810616E+018","28106164132",2006,"MERCER","Trenton City","10/8/2006 0:00","Sunday","October","12/31/1899 13:31","1","TRENTON","225 N. CLINTON",0,0,1,0,0,"Injury","At Intersection","No","No","Pedalcyclist",1,"PROSPECT ST","NULL",NA,"","11111562",0.35,"Municipal","Straight and Level","Blacktop","Dry","Dark (Street LIghts On/ spot)","Clear","None","None",NA,"At","NULL","RUTHERFORD AVENUE","NULL","","NULL",NA,NA,40.22997,-74.7747,"No","BICYCLE REAR WHEEL","243",415428.034988,508802.438973,NA,"DVRPC",0,"Pain",6209919,40.2297804,-74.7748185
6822599,"2.00611112950617E+018","29506173201",2006,"MERCER","Trenton City","10/22/2006 0:00","Sunday","October","12/31/1899 2:21","1","TRENTON","CIB",0,0,1,0,0,"Injury","At Intersection","Yes","No","Pedalcyclist",1,"CUMMINGS AVENUE","West",NA,"","11111171",0,"Municipal","Straight and Level","Blacktop","Dry","Dark (Street Lights Off)","Clear","None","None",NA,"At","NULL","WHITTAKER AVENUE","NULL","","NULL",25,25,0,0,"No","","5",425416.899998,501055.330135,NA,"DVRPC",0,"Pain",6230018,40.208907,-74.747359
6822924,"20061111335-06200493","335-06200493",2006,"MERCER","Trenton City","12/1/2006 0:00","Friday","December","12/31/1899 12:30","1","TRENTON","PATROL/NORTH/2?",0,0,1,0,0,"Injury","At Intersection","No","No","Pedalcyclist",1,"WHITTAKER AVE","NULL",NA,"","11111453",0.56,"Municipal","Straight and Level","Blacktop","Wet","Daylight","Rain","None","None",NA,"At","NULL","CR 606","NULL","","NULL",25,NA,0,0,"No","?","***",422330.359911,503411.519976,NA,"DVRPC",0,"Pain",6269359,40.215227,-74.749916
6823055,"20061111349-06210274","349-06210274",2006,"MERCER","Trenton City","12/15/2006 0:00","Friday","December","12/31/1899 20:27","","TRENTON","PATROL",0,0,1,0,0,"Injury","At Intersection","No","No","Pedalcyclist",1,"ROEBLING AVE","NULL",NA,"","11111538",0.63,"Municipal","Straight and Level","Concrete","Dry","Dark (Street Lights On/ continuous)","Overcast","Painted Median","None",NA,"At","NULL","SOUTH CLINTON AVENUE","NULL","","NULL",25,NA,40.2085,-74.74969,"No","NONE","***",422388.491124,500961.562245,NA,"DVRPC",0,"Pain",6270311,40.208603,-74.749617
6823198,"20061111361-06191312","361-06191312",2006,"MERCER","Trenton City","11/17/2006 0:00","Friday","November","12/31/1899 17:12","1","TRENTON","EAST",0,0,0,0,0,"Property Damage","At Intersection","No","No","Pedalcyclist",1,"WALNUT AVE","NULL",NA,"","11031387",0.41,"Municipal","Straight and Level","Blacktop","Dry","Dusk","Clear","None","Incident Zone",NA,"At","East","CR 622","NULL","","NULL",25,25,0,0,"No","","492",425737.886424,507250.262113,NA,"DVRPC",0,"PDO",6255520,40.225404,-74.738427
6823367,"200611122006-000529","2006-000529",2006,"MERCER","Washington Twp  (Mercer Co)","1/8/2006 0:00","Sunday","January","12/31/1899 5:47","1","WASHINGTON TOWNSHIP","",0,1,1,0,0,"Injury","Not At Intersection","No","No","Pedalcyclist",1,"US 130","North",130,"","130",65.37,"State Highway","Curve and Level","Blacktop","Dry","Dark (Street LIghts On/ spot)","Clear","Grass Median","None",1584,"Foot","North","WINDSOR ROAD","NULL","","NULL",55,40,40.23957,-74.58027,"No","NONE","22",469720.84918,512196.346492,NA,"DVRPC",0,"Incapacitating Injury",6001628,40.2402103,-74.5790659
6824136,"2006111306-13542","06-13542",2006,"MERCER","West Windsor Township","4/26/2006 0:00","Wednesday","April","12/31/1899 17:46","1","WEST WINDSOR","2006-13542",0,0,1,0,0,"Injury","Not At Intersection","No","No","Pedalcyclist",1,"TAYLOR CT","South",NA,"","",NA,"Private Property","Straight and Level","Blacktop","Dry","Daylight","Clear","None","None",NA,"NULL","NULL","AVALON WATCH APT COMPLEX","NULL","","NULL",15,NA,0,0,"No","NONE","564",NA,NA,NA,"DVRPC",0,"Pain",6078023,40.297751,-74.641076
6824413,"2006111306-25409","06-25409",2006,"MERCER","West Windsor Township","8/24/2006 0:00","Thursday","August","12/31/1899 9:35","1","WEST WINDSOR","2006-25409",0,0,1,0,0,"Injury","At Intersection","No","No","Pedalcyclist",1,"ROUTE 526","South",526,"","526",2.24,"Municipal","Straight and Level","Blacktop","Dry","Daylight","Clear","None","None",NA,"At","NULL","NEW VILLAGE ROAD","NULL","","NULL",40,35,40.27483,-74.61038,"No","","416",461319.91625,525035.32125,NA,"DVRPC",0,"Moderate Injury",6174589,40.2746934,-74.6103885
6824662,"2006111306-34213","06-34213",2006,"MERCER","West Windsor Township","11/17/2006 0:00","Friday","November","12/31/1899 8:10","1","WEST WINDSOR","06-34213",0,0,1,0,0,"Injury","Not At Intersection","No","No","Pedalcyclist",1,"VILLAGE RD W.","East",NA,"","11131141",1.82,"Municipal","Straight and Level","Blacktop","Dry","Daylight","Clear","None","None",200,"Foot","East","NORTH POST ROAD","NULL","","NULL",45,40,40.28305,-74.6371,"No","NONE","574",453875.43,528051.64,NA,"DVRPC",0,"Moderate Injury",6255743,40.2831,-74.6370946
6825035,"200611132006-21017","2006-21017",2006,"MERCER","West Windsor Township","7/7/2006 0:00","Friday","July","12/31/1899 6:55","1","WEST WINDSOR TOWNSHIP","2006-21017",0,0,1,0,0,"Injury","At Intersection","No","No","Pedalcyclist",2,"US 1","North",1,"","1",11.27,"State Highway","Straight and Level","Blacktop","Dry","Daylight","Clear","Barrier Median","None",NA,"At","NULL","CR 571","NULL","","NULL",55,40,40.33176,-74.63757,"No","NONE","569",453772.450773,545796.383177,NA,"DVRPC",0,"Moderate Injury",6137136,40.3316932,-74.6378799
7111294,"2007110107-13837","07-13837",2007,"MERCER","East Windsor Township","10/29/2007 0:00","Monday","October","12/31/1899 7:26","1","EAST WINDSOR","TRAFFIC BUREAU",0,0,1,0,0,"Injury","Not At Intersection","No","No","Pedalcyclist",1,"NJ 33","West",33,"","33",13.09,"State Highway","Straight and Level","Blacktop","Dry","Daylight","Clear","Painted Median","None",300,"Foot","East","AIRPORT RD","NULL","","NULL",45,45,40.26048,-74.54231,"No","NONE","72",480481.114421,519900.526101,NA,"DVRPC",0,"Pain",7240373,40.2606888,-74.5418838
7111416,"2007110107-16029","07-16029",2007,"MERCER","East Windsor Township","12/15/2007 0:00","Saturday","December","12/31/1899 11:30","1","EAST WINDSOR","TRAFFIC BUREAU",0,0,1,0,0,"Injury","At Intersection","No","No","Pedalcyclist",1,"LAKE DRIVE","North",NA,"","11011148",0.67,"Municipal","Straight and Level","Blacktop","Dry","Daylight","Clear","Painted Median","None",NA,"At","NULL","ABBINGTON DR.","NULL","","NULL",35,25,0,0,"No","NONE","72",493756.610103,522240.580087,NA,"DVRPC",0,"Moderate Injury",7286641,40.267213,-74.4941344
7111472,"2007110107-2144","Jul-44",2007,"MERCER","East Windsor Township","2/17/2007 0:00","Saturday","February","12/31/1899 21:17","1","EAST WINDSOR","TRAFFIC UNIT",0,0,1,0,0,"Injury","At Intersection","No","No","Pedalcyclist",1,"NJ 33","West",33,"","33",15.84,"State Highway","Straight and Level","Blacktop","Dry","Dark (Street Lights On/ continuous)","Clear","Grass Median","None",NA,"At","NULL","PROBASCO ROAD","NULL","","NULL",55,40,40.26816,-74.49535,"No","","551",493297.348106,522624.701889,NA,"DVRPC",0,"Moderate Injury",7021276,40.2680939,-74.4939163
7111850,"2007110107-9751","Jul-51",2007,"MERCER","East Windsor Township","8/1/2007 0:00","Wednesday","August","12/31/1899 18:25","1","EAST WINDSOR TWP.","TRAFFIC",0,0,1,0,0,"Injury","Not At Intersection","No","No","Pedalcyclist",1,"OLD MILLSTONE DRIVE","NULL",NA,"","",NA,"Private Property","Straight and Level","Blacktop","Dry","Daylight","Clear","None","None",100,"Foot","East","PINE LANE","NULL","","NULL",15,15,0,0,"No","NONE","563",NA,NA,NA,"DVRPC",0,"Pain",7181122,40.2834312,-74.5182564
7112569,"20071102I-2007-013526","I-2007-013526",2007,"MERCER","Ewing Township","5/24/2007 0:00","Thursday","May","12/31/1899 12:43","1","EWING POLICE","TRAFFIC BUREAU",0,0,1,0,0,"Injury","At Intersection","No","No","Pedalcyclist",1,"NJ 31","NULL",31,"","31",2.84,"State Highway","Straight and Level","Blacktop","Dry","Daylight","Clear","None","None",NA,"At","NULL","THERESA STREET","NULL","","NULL",40,25,40.26348,-74.78177,"No","NONE","111",413448.81,521124.32,NA,"DVRPC",0,"Pain",7109114,40.263797,-74.7819438
7112576,"20071102I-2007-013643","I-2007-013643",2007,"MERCER","Ewing Township","5/26/2007 0:00","Saturday","May","12/31/1899 2:28","1","EWING POLICE","P1",0,0,1,0,0,"Injury","At Intersection","No","No","Pedalcyclist",1,"THERESA STREET","NULL",NA,"","11021395",0.14,"Municipal","Straight and Level","Blacktop","Dry","Dark (Street Lights On/ continuous)","Clear","None","None",NA,"At","NULL","DIXFIELD AVE","NULL","","NULL",25,25,0,0,"No","","142",410848.700132,521235.719892,NA,"DVRPC",0,"Pain",7105442,40.264051,-74.791244
7112617,"20071102I-2007-015670","I-2007-015670",2007,"MERCER","Ewing Township","6/15/2007 0:00","Friday","June","12/31/1899 16:38","1","EWING POLICE","SQUAD 5/TRAFFIC",0,0,1,0,0,"Injury","Not At Intersection","No","No","Pedalcyclist",1,"SUSAN DRIVE","NULL",NA,"","11021208",0.19,"Municipal","Straight and Level","Blacktop","Dry","Daylight","Clear","None","None",55,"Foot","West","THOMAS PLACE","NULL","","NULL",25,25,0,0,"No","NONE","105",417657.141424,525665.691465,NA,"DVRPC",0,"Pain",7115659,40.27624,-74.766694
7112711,"20071102I-2007-019132","I-2007-019132",2007,"MERCER","Ewing Township","7/21/2007 0:00","Saturday","July","12/31/1899 11:42","1","EWING POLICE","S-2",0,0,2,0,0,"Injury","Not At Intersection","No","No","Pedalcyclist",2,"NEW HILLCREST AVENUE","NULL",NA,"","11021263",0.358,"Municipal","Straight and Level","Blacktop","Dry","Daylight","Clear","None","None",95,"Foot","East","HENDRICKSON AVE.","NULL","","NULL",25,25,0,0,"No","","154",416793.553408,513319.493351,NA,"DVRPC",0,"Moderate Injury",7145975,40.24252,-74.770111
7112787,"20071102I-2007-021586","I-2007-021586",2007,"MERCER","Ewing Township","8/22/2007 0:00","Wednesday","August","12/31/1899 10:37","1","EWING POLICE","S-4",0,0,1,0,0,"Injury","At Intersection","No","No","Pedalcyclist",1,"MERCER COUNTY 622","NULL",622,"","11000622",4.74,"County","Straight and Level","Blacktop","Wet","Daylight","Rain","None","None",NA,"At","NULL","FIFTH ST","NULL","","NULL",40,25,40.24511,-74.76165,"No","","171",419050.88,514326.22,NA,"DVRPC",0,"Moderate Injury",7173243,40.245171,-74.761791
7112815,"20071102I-2007-022683","I-2007-022683",2007,"MERCER","Ewing Township","9/3/2007 0:00","Monday","September","12/31/1899 15:05","1","EWING POLICE","S-4",0,0,1,0,0,"Injury","At Intersection","No","No","Pedalcyclist",1,"MERCER COUNTY 622","NULL",622,"","11000622",4.96,"County","Straight and Level","Blacktop","Dry","Daylight","Clear","None","None",NA,"At","South","PROSPECT STREET (627)","NULL","","NULL",40,25,40.24642,-74.76538,"No","","171",417973.18,514824.33,NA,"DVRPC",0,"Pain",7184018,40.2465126,-74.76565
7113027,"20071102I-2007-027938","I-2007-027938",2007,"MERCER","Ewing Township","11/10/2007 0:00","Saturday","November","12/31/1899 17:44","1","EWING POLICE","SQUAD 1",0,0,0,0,0,"Property Damage","Not At Intersection","Yes","No","Pedalcyclist",1,"MERCER COUNTY 634","NULL",634,"","11000634",NA,"County","Straight and Level","Blacktop","Dry","Dark (Street Lights On/ continuous)","Clear","None","None",75,"Foot","NULL","FARRELL AVE","NULL","","NULL",40,25,0,0,"No","","165",NA,NA,NA,"DVRPC",0,"PDO",7267067,40.2555249,-74.7927162
7113246,"2007110307-10448","07-10448",2007,"MERCER","Hamilton Twp (Mercer Co)","3/9/2007 0:00","Friday","March","12/31/1899 19:06","1","HAMILTON","",0,0,1,0,0,"Injury","Not At Intersection","Yes","No","Pedalcyclist",1,"FLOCK RD","NULL",NA,"","11031986",0.22,"Municipal","Straight and Level","Blacktop","Dry","Dark (Street Lights On/ continuous)","Clear","None","None",60,"Foot","East","PAXSON AVENUE","NULL","","NULL",35,25,40.24887,-74.67141,"No","","309",444275.006929,515618.03769,NA,"DVRPC",0,"Moderate Injury",7042404,40.2488681,-74.6713792
7113344,"2007110307-13206","07-13206",2007,"MERCER","Hamilton Twp (Mercer Co)","3/27/2007 0:00","Tuesday","March","12/31/1899 17:20","1","HAMILTON","HAMILTON",0,0,0,0,0,"Property Damage","At Intersection","No","No","Pedalcyclist",1,"NEW CEDAR LANE","NULL",NA,"","11031327",0.05,"Municipal","Straight and Level","Blacktop","Dry","Daylight","Clear","None","NULL",NA,"At","NULL","MCCLELLAN AVE","NULL","","NULL",25,25,0,0,"No","NONE","209",426728.489367,496969.342591,NA,"DVRPC",0,"PDO",7102788,40.19748,-74.734105
7113422,"2007110307-1505","07-1505",2007,"MERCER","Hamilton Twp (Mercer Co)","1/10/2007 0:00","Wednesday","January","12/31/1899 17:51","1","HAMILTON","",0,0,0,0,0,"Property Damage","Not At Intersection","No","No","Pedalcyclist",1,"ROUTE 533","NULL",533,"","533",3.22,"County","Straight and Level","Blacktop","Dry","Dark (Street Lights On/ continuous)","Clear","None","None",250,"Foot","South","EATON AVE","NULL","","NULL",NA,25,40.23246,-74.68723,"No","","363",439852.44,509626.02,NA,"DVRPC",0,"PDO",7034396,40.2331175,-74.6872587
7113592,"2007110307-18633","07-18633",2007,"MERCER","Hamilton Twp (Mercer Co)","5/1/2007 0:00","Tuesday","May","12/31/1899 16:47","1","HAMILTON","",0,0,1,0,0,"Injury","At Intersection","No","No","Pedalcyclist",1,"PARK LANE","NULL",NA,"","11031384",0.27,"Municipal","Straight and Level","Blacktop","Dry","Daylight","Clear","None","None",NA,"At","NULL","HOLLYWOOD DR.","NULL","","NULL",25,25,0,0,"No","NONE","387",428426.84994,508586.94659,NA,"DVRPC",0,"Pain",7075070,40.2294045,-74.7280535
7113673,"2007110307-20338","07-20338",2007,"MERCER","Hamilton Twp (Mercer Co)","5/11/2007 0:00","Friday","May","12/31/1899 17:42","1","HAMILTON","",0,0,1,0,0,"Injury","At Intersection","No","No","Pedalcyclist",1,"MERCER COUNTY 626","West",626,"","11000626",1.78,"County","Straight and Level","Blacktop","Dry","Daylight","Clear","None","None",NA,"At","NULL","WILLIAM ST.","NULL","","NULL",25,25,40.20171,-74.73128,"No","NONE","399",427524.257921,498475.105633,NA,"DVRPC",0,"Moderate Injury",7118445,40.251378,-74.6592087
7113674,"2007110307-20351","07-20351",2007,"MERCER","Hamilton Twp (Mercer Co)","5/10/2007 0:00","Thursday","May","12/31/1899 18:34","","HAMILTON","PATROL",0,0,1,0,0,"Injury","Not At Intersection","No","No","Pedalcyclist",1,"1750 WHITEHORSE AVE","NULL",NA,"","",NA,"Private Property","Straight and Level","Concrete","Dry","Dusk","Clear","None","None",NA,"NULL","NULL","","NULL","","NULL",NA,NA,0,0,"No","","407",NA,NA,NA,"DVRPC",0,"Moderate Injury",7121053,40.223596,-74.688657
7113678,"2007110307-20432","07-20432",2007,"MERCER","Hamilton Twp (Mercer Co)","5/12/2007 0:00","Saturday","May","12/31/1899 8:52","1","HAMILTON","",0,0,1,0,0,"Injury","Not At Intersection","No","No","Pedalcyclist",1,"MERCER COUNTY 618","NULL",618,"","11000618",0.45,"County","Straight and Level","Blacktop","Dry","Daylight","Clear","None","None",75,"Foot","West","WILSON AVENUE","NULL","","NULL",40,25,40.23456,-74.67994,"No","","382",441885.123853,510411.028715,NA,"DVRPC",0,"Moderate Injury",7085775,40.251378,-74.6592087