"ID","DOT_WEB_ID","CASE_NUMBER","CRASH_YEAR","COUNTY","MUNICIPALITY","CRASH_DATE","CRASH_DAY_OF_WEEK","CRASH_MONTH","CRASH_TIME","POLICE_DEPT_CODE","POLICE_DEPARTMENT","POLICE_STATION","TOTAL_KILLED","TOTAL_INCAPACITATED","TOTAL_INJURED","PEDESTRIANS_KILLED","PEDESTRIANS_INJURED","SEVERITY","INTERSECTION","ALCOHOL_INVOLVED","HAZMAT_INVOLVED","CRASH_TYPE","TOTAL_VEHICLES_INVOLVED","CRASH_LOCATION","LOCATION_DIRECTION","ROUTE","ROUTE_SUFFIX","SRI","MILEPOST","ROAD_SYSTEM","ROAD_CHARACTER","ROAD_SURFACE_TYPE","SURFACE_CONDITION","LIGHT_CONDITION","ENVIRONMENTAL_CONDITION","ROAD_DIVIDED_BY","TEMP_TRAFFIC_CONTROL_ZONE","DISTANCE_TO_CROSS_STREET","UNIT_OF_MEASUREMENT","DIRECTION_FROM_CROSS_STREET","CROSS_STREET_NAME","IS_RAMP","RAMP_TO_FROM_ROUTE_NAME","RAMP_TO_FROM_ROUTE_DIRECTION","POSTED_SPEED","POSTED_SPEED_CROSS_STREET","LATITUDE","LONGITUDE","CELL_PHONE_IN_USE","OTHER_PROPERTY_DAMAGE","REPORTING_BADGE_NO","X","Y","CRASH_NARRATIVE","MPO","TOTAL_PEDESTRIANS_INVOLVED","EPDO","DLN","LatitudeGeocoded","LongitudeGeocoded"
7113687,"2007110307-2060","Jul-60",2007,"MERCER","Hamilton Twp (Mercer Co)","1/14/2007 0:00","Sunday","January","12/31/1899 21:13","1","HAMILTON","",0,0,1,0,0,"Injury","At Intersection","No","No","Pedalcyclist",1,"NJ 33","NULL",33,"","33",2.14,"State Highway","Straight and Level","Blacktop","Wet","Dark (Street Lights On/ continuous)","Rain","None","None",NA,"At","NULL","WARD AVENUE","NULL","","NULL",35,25,40.23094,-74.7226,"No","","416",429957.838397,509105.282419,NA,"DVRPC",0,"Pain",7000875,40.230899,-74.7227
7113877,"2007110307-24534","07-24534",2007,"MERCER","Hamilton Twp (Mercer Co)","6/6/2007 0:00","Wednesday","June","12/31/1899 14:35","1","HAMILTON TOWNSHIP","",0,0,1,0,0,"Injury","Not At Intersection","No","No","Pedalcyclist",1,"KLOCKNER RD","NULL",NA,"","11031976",4.36,"Municipal","Straight and Level","Blacktop","Dry","Daylight","Clear","None","None",1000,"Foot","West","YARDVILLE-HAMILTON SQ RD","NULL","","NULL",40,35,40.21559,-74.66396,"No","NONE","381",446355.729938,503478.722489,NA,"DVRPC",0,"Moderate Injury",7132966,40.2143034,-74.6607178
7113968,"2007110307-26187","07-26187",2007,"MERCER","Hamilton Twp (Mercer Co)","6/16/2007 0:00","Saturday","June","12/31/1899 14:40","1","HAMILTON","",0,0,1,0,0,"Injury","At Intersection","No","No","Pedalcyclist",1,"ROUTE 533","NULL",533,"","533",0.7,"County","Straight and Level","Blacktop","Dry","Daylight","Clear","None","None",NA,"At","NULL","KNAPP AVENUE","NULL","","NULL",35,25,40.19786,-74.69967,"No","","309",436342.923133,497031.162573,NA,"DVRPC",0,"Pain",7122597,40.1977181,-74.6997415
7113995,"2007110307-26688","07-26688",2007,"MERCER","Hamilton Twp (Mercer Co)","6/19/2007 0:00","Tuesday","June","12/31/1899 16:26","1","HAMILTON TWP","",0,0,1,0,0,"Injury","Not At Intersection","No","No","Pedalcyclist",1,"LAMONT AVENUE","NULL",NA,"","11032061",0.009,"Municipal","Straight and Level","Blacktop","Dry","Daylight","Clear","None","None",50,"Foot","South","KLOCKNER RD.","NULL","","NULL",25,40,0,0,"No","","411",438896.549876,507303.140146,NA,"DVRPC",0,"Moderate Injury",7116738,40.2261701,-74.6906344
7114060,"2007110307-27923","07-27923",2007,"MERCER","Hamilton Twp (Mercer Co)","6/27/2007 0:00","Wednesday","June","12/31/1899 13:50","1","HAMILTON","",0,0,0,0,0,"Property Damage","Not At Intersection","No","No","Pedalcyclist",1,"MERCER COUNTY 618","NULL",618,"","11000618",1.29,"County","Straight and Level","Blacktop","Dry","Daylight","Clear","None","None",1000,"Foot","West","M? ST","NULL","","NULL",55,25,40.23093,-74.66474,"No","NONE","381",446124.127299,509079.295068,NA,"DVRPC",0,"PDO",7163566,40.2300303,-74.6612521
7114065,"2007110307-27953","07-27953",2007,"MERCER","Hamilton Twp (Mercer Co)","6/27/2007 0:00","Wednesday","June","12/31/1899 16:43","1","HAMILTON","",0,0,0,0,0,"Property Damage","Not At Intersection","Yes","No","Pedalcyclist",1,"GROPP AVENUE","NULL",NA,"","11031541",0.11,"Municipal","Straight and Level","Blacktop","Dry","Daylight","Clear","None","None",30,"Foot","North","SHARPS LANE","NULL","","NULL",25,25,0,0,"No","","1",437810.909941,496778.03423,NA,"DVRPC",0,"PDO",7168929,40.197082,-74.694452
7114069,"2007110307-27993","07-27993",2007,"MERCER","Hamilton Twp (Mercer Co)","6/27/2007 0:00","Wednesday","June","12/31/1899 21:22","1","HAMILTON","",0,0,1,0,0,"Injury","At Intersection","No","No","Pedalcyclist",1,"MASSACHUSETTS AVENUE","NULL",NA,"","11031373",0.21,"Municipal","Straight and Level","Blacktop","Dry","Dark (Street Lights On/ continuous)","Clear","None","None",NA,"At","NULL","NORMAN COURT","NULL","","NULL",25,25,0,0,"No","","309",427694.218658,506846.547028,NA,"DVRPC",0,"Pain",7125645,40.224815,-74.730851
7114163,"2007110307-30210","07-30210",2007,"MERCER","Hamilton Twp (Mercer Co)","7/11/2007 0:00","Wednesday","July","12/31/1899 0:00","1","HAMILTON","PATROL",0,0,1,0,0,"Injury","Not At Intersection","No","No","Pedalcyclist",1,"MERCER COUNTY 606","West",606,"","11000606",2.98,"County","Straight and Level","Blacktop","Dry","Dark (Street Lights On/ continuous)","Clear","None","NULL",15,"Foot","West","KLOCKNER RD.","NULL","","NULL",35,35,40.22939,-74.70694,"No","","417",434345.741601,508543.087326,NA,"DVRPC",0,"Moderate Injury",7127525,40.2525261,-74.6532326
7114181,"2007110307-3065","Jul-65",2007,"MERCER","Hamilton Twp (Mercer Co)","1/21/2007 0:00","Sunday","January","12/31/1899 16:31","1","HAMILTON TOWNSHIP","",0,0,2,0,0,"Injury","Not At Intersection","No","No","Pedalcyclist",1,"WARD AVE","NULL",NA,"","11032003",0,"Municipal","Straight and Level","Blacktop","Dry","Daylight","Clear","None","None",5,"Foot","West","CR 606","NULL","","NULL",25,NA,40.22309,-74.7201,"No","NONE","431",430667.09,506256.05,NA,"DVRPC",0,"Pain",7010028,40.2230997,-74.7201024
7114239,"2007110307-31771","07-31771",2007,"MERCER","Hamilton Twp (Mercer Co)","7/21/2007 0:00","Saturday","July","12/31/1899 11:45","1","HAMILTON","",0,0,1,0,0,"Injury","Not At Intersection","No","No","Pedalcyclist",1,"MERCER COUNTY 620","West",620,"","11000620",0.77,"County","Straight and Level","Blacktop","Dry","Daylight","Clear","None","None",150,"Foot","West","CR 533","NULL","","NULL",40,35,40.19397,-74.70153,"No","","402",435826.510094,495636.81996,NA,"DVRPC",0,"Pain",7139570,40.251378,-74.6592087
7114266,"2007110307-32378","07-32378",2007,"MERCER","Hamilton Twp (Mercer Co)","7/25/2007 0:00","Wednesday","July","12/31/1899 15:06","1","HAMILTON","",0,0,1,0,0,"Injury","Not At Intersection","No","No","Pedalcyclist",1,"ROUTE 533","NULL",533,"","533",NA,"County","Straight and Level","Blacktop","Dry","Daylight","Clear","None","None",800,"Foot","North","JUSTICE ?","NULL","","NULL",45,25,0,0,"No","","309",NA,NA,NA,"DVRPC",0,"Pain",7152636,40.2119103,-74.6927704
7114272,"2007110307-32497","07-32497",2007,"MERCER","Hamilton Twp (Mercer Co)","7/26/2007 0:00","Thursday","July","12/31/1899 12:22","1","HAMILTON","",0,0,1,0,0,"Injury","At Intersection","No","No","Pedalcyclist",1,"NJ 33","NULL",33,"","33",6.35,"State Highway","Straight and Level","Blacktop","Dry","Daylight","Clear","None","None",NA,"At","NULL","GEORGE DYE RD","NULL","","NULL",45,25,40.22297,-74.64622,"No","NONE","302",451290.227405,506170.096115,NA,"DVRPC",0,"Pain",7152629,40.2230645,-74.6464962
7114526,"2007110307-37970","07-37970",2007,"MERCER","Hamilton Twp (Mercer Co)","8/31/2007 0:00","Friday","August","12/31/1899 16:55","1","HAMILTON","",0,0,1,0,0,"Injury","At Intersection","No","No","Pedalcyclist",1,"LAKE AVENUE","East",NA,"","11031717",0.2,"Municipal","Straight and Level","Blacktop","Dry","Daylight","Clear","None","None",NA,"At","NULL","LAFAYETTE AVENUE","NULL","","NULL",25,25,0,0,"No","NONE","397",429749.75586,495954.117022,NA,"DVRPC",0,"Pain",7173158,40.194852,-74.72324
7114567,"2007110307-38759","07-38759",2007,"MERCER","Hamilton Twp (Mercer Co)","9/5/2007 0:00","Wednesday","September","12/31/1899 19:13","1","HAMILTON","",0,0,0,0,0,"Property Damage","Not At Intersection","No","No","Pedalcyclist",1,"LANGHAM WAY","NULL",NA,"","11031621",0,"Municipal","Straight and Level","Blacktop","Dry","Dark (Street Lights On/ continuous)","Clear","None","None",30,"Foot","West","FALMOUTH RD","NULL","","NULL",25,25,0,0,"No","NONE","381",441586.429995,493953.219995,NA,"DVRPC",0,"PDO",7208117,40.189393,-74.680873
7114802,"2007110307-43169","07-43169",2007,"MERCER","Hamilton Twp (Mercer Co)","10/4/2007 0:00","Thursday","October","12/31/1899 13:28","1","HAMILTON TOWNSHIP","",0,0,1,0,0,"Injury","Not At Intersection","No","No","Pedalcyclist",1,"MERCER COUNTY 619","West",619,"","11000619",0.44,"County","Straight and Grade","Concrete","Dry","Daylight","Clear","None","None",400,"Foot","West","ESTATES BLVD.","NULL","","NULL",35,25,40.20992,-74.70223,"No","**********","270",435645.816678,501444.544995,NA,"DVRPC",0,"Moderate Injury",7252263,40.232036,-74.6876939
7115241,"2007110307-50525","07-50525",2007,"MERCER","Hamilton Twp (Mercer Co)","11/24/2007 0:00","Saturday","November","12/31/1899 15:18","1","HAMILTON TOWNSHIP","",0,0,1,0,0,"Injury","Not At Intersection","No","No","Pedalcyclist",1,"MERCER COUNTY 626","NULL",626,"","11000626",1.63,"County","Straight and Level","Blacktop","Dry","Daylight","Clear","None","None",100,"Foot","West","CEDAR LN","NULL","","NULL",25,25,40.20363,-74.73277,"No","NONE","381",427110.729579,499177.175737,NA,"DVRPC",0,"Pain",7286203,40.2194203,-74.7246528
7115448,"2007110307-54244","07-54244",2007,"MERCER","Hamilton Twp (Mercer Co)","12/19/2007 0:00","Wednesday","December","12/31/1899 18:46","1","HAMILTON TOWNSHIP","",0,0,1,0,0,"Injury","Not At Intersection","No","No","Pedalcyclist",1,"NJ 33","West",33,"","33",2.55,"State Highway","Straight and Level","Blacktop","Dry","Dark (Street Lights On/ continuous)","Clear","None","None",100,"Foot","East","DONALD DR","NULL","","NULL",40,25,40.23258,-74.71532,"No","","322",431993.170519,509708.128385,NA,"DVRPC",0,"Pain",7297027,40.2325519,-74.7157689
7115583,"2007110307-5767","Jul-67",2007,"MERCER","Hamilton Twp (Mercer Co)","2/7/2007 0:00","Wednesday","February","12/31/1899 22:48","1","HAMILTON","",0,0,0,0,0,"Property Damage","Not At Intersection","No","No","Pedalcyclist",1,"HANCOURT DR","North",NA,"","",NA,"Municipal","Straight and Level","Blacktop","Dry","Dark (Street Lights On/ continuous)","Clear","None","None",5,"Foot","South","RT 206","NULL","","NULL",25,40,0,0,"No","NONE","381",NA,NA,NA,"DVRPC",0,"PDO",7011329,40.1876476,-74.7151535
7115826,"2007110307-?31696","07-?31696",2007,"MERCER","Hamilton Twp (Mercer Co)","7/20/2007 0:00","Friday","July","12/31/1899 22:20","1","HAMILTON","",0,0,0,0,0,"Property Damage","At Intersection","No","No","Pedalcyclist",1,"E PARK AVE","NULL",NA,"","11031983",NA,"Municipal","Straight and Level","Blacktop","Dry","Dark (Street Lights On/ continuous)","Clear","None","None",NA,"At","NULL","GENESEE ST.","NULL","","NULL",25,25,0,0,"No","","?",NA,NA,NA,"DVRPC",0,"PDO",7177083,40.196978,-74.72386
7116459,"2.00711042007087E+016","200708777",2007,"MERCER","Hightstown Borough","7/20/2007 0:00","Friday","July","12/31/1899 14:23","1","HIGHTSTOWN","PATROL DIVISION",0,0,1,0,0,"Injury","Not At Intersection","No","No","Pedalcyclist",1,"NJ 33","South",33,"","33",14.15,"State Highway","Straight and Grade","Blacktop","Dry","Daylight","Clear","NULL","None",68,"Foot","North","S. MAIN STREET","NULL","","NULL",25,25,40.26831,-74.52497,"No","NONE","111",485474.61,522836.04,NA,"DVRPC",0,"Pain",7249650,40.2695603,-74.523128
7116850,"20071106HT2007-010714","HT2007-010714",2007,"MERCER","Hopewell Twp (Mercer Co)","5/25/2007 0:00","Friday","May","12/31/1899 17:03","1","HOPEWELL","51 NORTH",0,0,1,0,0,"Injury","At Intersection","No","No","Pedalcyclist",1,"MERCER COUNTY 623","East",623,"","11000623",1.95,"County","Straight and Level","Blacktop","Dry","Daylight","Clear","None","None",NA,"At","NULL","SCOTCH RD","NULL","","NULL",45,25,40.32992,-74.81552,"No","","29",404163.383814,545250.929318,NA,"DVRPC",0,"Moderate Injury",7109142,40.2679824,-74.8014379
7116893,"20071106HT2007-012595","HT2007-012595",2007,"MERCER","Hopewell Twp (Mercer Co)","6/18/2007 0:00","Monday","June","12/31/1899 8:44","1","HOPEWELL","51 NORTH",0,0,0,0,0,"Property Damage","At Intersection","No","No","Pedalcyclist",1,"STONY BROOK ROAD","South",NA,"","11061031",0.53,"Municipal","Curve and Level","Blacktop","Dry","Daylight","Clear","None","None",NA,"At","NULL","MINE ROAD","NULL","","NULL",40,NA,0,0,"No","","40",410315.240009,561348.653942,NA,"DVRPC",0,"PDO",7139984,40.3740936,-74.7936059
7117036,"20071106HT2007-019205","HT2007-019205",2007,"MERCER","Hopewell Twp (Mercer Co)","9/12/2007 0:00","Wednesday","September","12/31/1899 17:07","1","HOPEWELL","51 NORTH",0,0,0,0,0,"Property Damage","At Intersection","No","No","Pedalcyclist",1,"PENNINGTON-TITUSVILLE RD","West",NA,"","11061023",0.15,"Municipal","Straight and Level","Blacktop","Dry","Daylight","Clear","None","None",NA,"At","North","DUBLIN RD","NULL","","NULL",25,25,40.32687,-74.80304,"No","","29",407637.674705,544125.515259,NA,"DVRPC",0,"PDO",7190921,40.3268505,-74.8034625
7117090,"20071106HT2007-022305","HT2007-022305",2007,"MERCER","Hopewell Twp (Mercer Co)","10/22/2007 0:00","Monday","October","12/31/1899 18:30","1","HOPEWELL","51 SOUTH",0,0,1,0,0,"Injury","Not At Intersection","No","No","Pedalcyclist",1,"NJ 31","South",31,"","31",6,"State Highway","Curve and Level","Blacktop","Dry","Dark (Street Lights On/ continuous)","Clear","None","None",150,"Foot","South","WASHINGTON CROSSING PENN","NULL","546","NULL",45,45,40.30685,-74.78519,"No","NONE","46",412595.58853,536805.633757,NA,"DVRPC",0,"Pain",7241388,40.3082825,-74.7874201
7117512,"2007110707-017460","07-017460",2007,"MERCER","Lawrence Twp (Mercer Co)","4/22/2007 0:00","Sunday","April","12/31/1899 13:17","1","LAWRENCE TWP","",0,0,1,0,0,"Injury","Not At Intersection","No","No","Pedalcyclist",1,"US 206","NULL",206,"","206",46.9,"State Highway","Straight and Level","Blacktop","Dry","Daylight","Clear","None","None",20,"Foot","North","EGGERTS CROSSING","NULL","","NULL",25,25,40.27179,-74.73609,"No","NONE","198",425816.04,523710.2,NA,"DVRPC",0,"Moderate Injury",7085887,40.2706996,-74.7381666
7117690,"2007110707-027635","07-027635",2007,"MERCER","Lawrence Twp (Mercer Co)","6/23/2007 0:00","Saturday","June","12/31/1899 2:41","1","LAWRENCE TWP","",0,0,0,0,0,"Property Damage","Not At Intersection","No","No","Pedalcyclist",1,"MERCER COUNTY 613","West",613,"","11000613",0,"County","Straight and Level","Blacktop","Dry","Dark (No Street Lights)","Clear","None","None",75,"Foot","West","PRINCETON AVE.","NULL","","NULL",40,25,40.24188,-74.75072,"No","","195",422137.69,513121.96,NA,"DVRPC",0,"PDO",7178579,40.2837249,-74.7181653
7118493,"2007110707045050","7045054",2007,"MERCER","Lawrence Twp (Mercer Co)","10/8/2007 0:00","Monday","October","12/31/1899 16:34","1","LAWRENCE","",0,0,1,0,0,"Injury","Not At Intersection","No","No","Pedalcyclist",1,"VERMONT ST","West",NA,"","11071003",0.133,"Municipal","Straight and Level","Blacktop","Dry","Daylight","Clear","None","None",300,"Foot","West","BRUNSWICK AVE","NULL","","NULL",25,25,0,0,"No","","185",423051.230028,513178.740102,NA,"DVRPC",0,"Pain",7215855,40.2414,-74.746788
7118847,"2007110907-10634","07-10634",2007,"MERCER","Princeton Borough","6/11/2007 0:00","Monday","June","12/31/1899 7:47","1","PRINCETON BOROUGH","",0,0,1,0,0,"Injury","At Intersection","No","No","Pedalcyclist",1,"MOORE ST","NULL",NA,"","11091242",0.44,"Municipal","Straight and Level","Blacktop","Dry","Daylight","Clear","None","None",NA,"At","NULL","FRANKLIN AVENUE","NULL","","NULL",25,25,40.35747,-74.65728,"No","","137",448320.6,555085.92,NA,"DVRPC",0,"Pain",7235833,40.3572353,-74.6571842
7118858,"2007110907-11471","07-11471",2007,"MERCER","Princeton Borough","6/23/2007 0:00","Saturday","June","12/31/1899 19:21","1","PRINCETON BOROUGH","",0,0,1,0,0,"Injury","At Intersection","No","No","Pedalcyclist",1,"ALEXANDER RD","NULL",NA,"","11131424",2.98,"Municipal","Straight and Level","Blacktop","Dry","Daylight","Clear","None","None",NA,"At","NULL","COLLEGE ROAD","NULL","","NULL",25,25,40.34437,-74.66196,"No","NONE","88",446982.107536,550397.154912,NA,"DVRPC",0,"Moderate Injury",7209550,40.3443068,-74.6619136
7118885,"2007110907-14140","07-14140",2007,"MERCER","Princeton Borough","8/6/2007 0:00","Monday","August","12/31/1899 15:05","1","PRINCETON BOROUGH","",0,0,0,0,0,"Property Damage","At Intersection","No","No","Pedalcyclist",1,"WITHERSPOON ST","NULL",NA,"","11091241",0.11,"Municipal","Straight and Level","Blacktop","Dry","Daylight","Clear","None","None",NA,"At","NULL","HULFISH ST","NULL","","NULL",25,25,40.35117,-74.66041,"No","NONE","142",447418.6,552876.56,NA,"DVRPC",0,"PDO",7168067,40.351172,-74.6604032
7118889,"2007110907-14623","07-14623",2007,"MERCER","Princeton Borough","8/14/2007 0:00","Tuesday","August","12/31/1899 22:40","1","PRINCETON BOROUGH","",0,0,1,0,0,"Injury","At Intersection","No","No","Pedalcyclist",1,"HAMILTON AVENUE","NULL",NA,"","11091086",1.5,"Municipal","Straight and Level","Blacktop","Dry","Dark (Street Lights On/ continuous)","Clear","None","None",NA,"At","NULL","LINDEN LANE","NULL","","NULL",25,25,0,0,"No","","136",450198.279897,554700.310115,NA,"DVRPC",0,"Pain",7168075,40.3561998,-74.6504472
7118894,"2007110907-15578","07-15578",2007,"MERCER","Princeton Borough","8/29/2007 0:00","Wednesday","August","12/31/1899 19:44","1","PRINCETON BOROUGH","",0,0,1,0,0,"Injury","At Intersection","No","No","Pedalcyclist",1,"NJ 27","NULL",27,"","27",0.4,"State Highway","Straight and Level","Blacktop","Dry","Dusk","Clear","None","None",NA,"At","NULL","CR 571","NULL","","NULL",25,25,40.3503,-74.65738,"No","NONE","120",448324,552578.32,NA,"DVRPC",0,"Pain",7208727,40.3503814,-74.6570811
7118962,"2007110907-3637","Jul-37",2007,"MERCER","Princeton Borough","2/21/2007 0:00","Wednesday","February","12/31/1899 12:22","1","PRINCETON BOROUGH","",0,0,1,0,0,"Injury","Not At Intersection","No","No","Pedalcyclist",1,"NJ 27","NULL",27,"","27",0.7,"State Highway","Straight and Level","Blacktop","Dry","Daylight","Clear","None","None",40,"Foot","East","CHESTNUT STREET","NULL","","NULL",25,20,40.35196,-74.65209,"No","NONE","109",449792.597922,553180.713238,NA,"DVRPC",0,"Moderate Injury",7045521,40.351918,-74.6522356
7119061,"200711092007-017402","2007-017402",2007,"MERCER","Princeton Borough","9/27/2007 0:00","Thursday","September","12/31/1899 7:30","1","PRINCETON BOROUGH","",0,0,1,0,0,"Injury","At Intersection","No","No","Pedalcyclist",1,"NJ 27","NULL",27,"","27",0.11,"State Highway","Straight and Level","Blacktop","Dry","Daylight","Clear","None","None",NA,"At","NULL","CHAMBERS STREET","NULL","","NULL",25,25,40.34886,-74.66258,"No","NONE","148",446846.97,552049.09,NA,"DVRPC",0,"Pain",7225657,40.348918,-74.6624209
7119081,"200711092007-021270","2007-021270",2007,"MERCER","Princeton Borough","12/5/2007 0:00","Wednesday","December","12/31/1899 21:50","1","PRINCETON BOROUGH","",0,0,1,0,0,"Injury","Not At Intersection","No","No","Pedalcyclist",1,"US 206","NULL",206,"","206",53.85,"State Highway","Straight and Level","Blacktop","Wet","Dark (Street Lights On/ continuous)","Clear","None","None",100,"Foot","West","EDGEHILL ST.","NULL","","NULL",30,25,40.34912,-74.66504,"No","NONE","138",445892.341643,551462.274637,NA,"DVRPC",0,"Pain",7305903,40.345801,-74.668617
7119108,"200711092007-17485","2007-17485",2007,"MERCER","Princeton Borough","9/28/2007 0:00","Friday","September","12/31/1899 13:53","1","PRINCETON BOROUGH","",0,0,1,0,0,"Injury","At Intersection","No","No","Pedalcyclist",1,"NJ 27","NULL",27,"","27",0.83,"State Highway","Straight and Level","Blacktop","Dry","Daylight","Clear","None","None",NA,"At","NULL","MURRAY PLACE","NULL","","NULL",25,25,40.35266,-74.6498,"No","NONE","141",450427.359182,553431.265357,NA,"DVRPC",0,"Moderate Injury",7212949,40.3526799,-74.6497359
7119115,"200711092007-18585","2007-18585",2007,"MERCER","Princeton Borough","10/18/2007 0:00","Thursday","October","12/31/1899 10:58","1","PRINCETON BOROUGH","",0,0,1,0,0,"Injury","At Intersection","No","No","Pedalcyclist",1,"CHESTNUT STREET","NULL",NA,"","11091145",0.17,"Municipal","Straight and Grade","Blacktop","Dry","Daylight","Clear","None","None",NA,"At","NULL","SPRUCE STREET","NULL","","NULL",20,25,0,0,"No","","135",449461.039901,554008.750146,NA,"DVRPC",0,"Moderate Injury",7241584,40.3542947,-74.6530876
7119139,"200711092007-4299","2007-4299",2007,"MERCER","Princeton Borough","3/3/2007 0:00","Saturday","March","12/31/1899 14:20","1","PRINCETON BOROUGH","",0,0,1,0,0,"Injury","At Intersection","No","No","Pedalcyclist",1,"WITHERSPOON ST","NULL",NA,"","11091241",0.16,"Municipal","Straight and Level","Blacktop","Dry","Daylight","Clear","None","None",NA,"At","NULL","WIGGINS STREET","NULL","","NULL",25,25,40.35186,-74.66071,"No","NONE","119",447336.088702,553127.680851,NA,"DVRPC",0,"Pain",7052379,40.3519802,-74.6607489
7119189,"2007111007-10068","07-10068",2007,"MERCER","Princeton Township","7/3/2007 0:00","Tuesday","July","12/31/1899 16:08","1","PRINCETON TOWNSHIP","",0,0,1,0,0,"Injury","At Intersection","No","No","Pedalcyclist",1,"ROUTE 571","NULL",571,"","571",43.31,"County","Straight and Grade","Blacktop","Dry","Daylight","Clear","None","None",NA,"At","NULL","FACULTY ROAD","NULL","","NULL",40,25,40.34094,-74.64962,"No","","87",450362.87,549224.41,NA,"DVRPC",0,"Pain",7142692,40.3411546,-74.6498158
7119193,"2007111007-10163","07-10163",2007,"MERCER","Princeton Township","7/6/2007 0:00","Friday","July","12/31/1899 9:10","1","PRINCETON TOWNSHIP","",0,0,1,0,0,"Injury","Not At Intersection","No","No","Pedalcyclist",1,"301 NO HARRISON ST (PRINCETON SHOPPING CTR)","NULL",NA,"","",NA,"Private Property","Straight and Level","Blacktop","Dry","Daylight","Clear","None","None",NA,"NULL","NULL","","NULL","","NULL",15,NA,0,0,"No","","196",NA,NA,NA,"DVRPC",0,"Pain",7139622,40.3636613,-74.6511145
7119214,"2007111007-11308","07-11308",2007,"MERCER","Princeton Township","7/28/2007 0:00","Saturday","July","12/31/1899 23:16","1","PRINCETON TOWNSHIP","",0,0,1,0,0,"Injury","Not At Intersection","No","No","Pedalcyclist",1,"US 206","NULL",206,"","206",56,"State Highway","Straight and Level","Blacktop","Dry","Dark (Street LIghts On/ spot)","Clear","None","None",1584,"Foot","North","EWING STREET","NULL","","NULL",40,30,40.37808,-74.66342,"No","","576",446725.461429,561708.897143,NA,"DVRPC",0,"Pain",7150058,40.3721182,-74.6625623
7119227,"2007111007-12388","07-12388",2007,"MERCER","Princeton Township","8/21/2007 0:00","Tuesday","August","12/31/1899 12:22","1","PRINCETON TOWNSHIP","",0,0,1,0,0,"Injury","Not At Intersection","No","No","Pedalcyclist",1,"US 206","NULL",206,"","206",56.1,"State Highway","Straight and Level","Blacktop","Wet","Daylight","Rain","None","None",1584,"Foot","North","EWING STREET","NULL","","NULL",40,25,40.37948,-74.66293,"No","?","***",446625.94,562221.92,NA,"DVRPC",0,"Moderate Injury",7185658,40.3721182,-74.6625623
7119251,"2007111007-13529","07-13529",2007,"MERCER","Princeton Township","9/11/2007 0:00","Tuesday","September","12/31/1899 8:14","1","PRINCETON TOWNSHIP","",0,0,1,0,0,"Injury","At Intersection","No","No","Pedalcyclist",1,"NJ 27","North",27,"","27",1.9,"State Highway","Straight and Level","Blacktop","Wet","Daylight","Rain","None","None",NA,"At","NULL","RIVERSIDE DRIVE","NULL","27","NULL",25,45,40.36046,-74.63231,"No","","146",455257.02,556250.06,NA,"DVRPC",0,"Moderate Injury",7197714,40.3565395,-74.6394514
7119271,"2007111007-14309","07-14309",2007,"MERCER","Princeton Township","9/25/2007 0:00","Tuesday","September","12/31/1899 12:11","1","PRINCETON TOWNSHIP","",0,0,1,0,0,"Injury","At Intersection","No","No","Pedalcyclist",1,"CLEARVIEW AVENUE","NULL",NA,"","11101079",0.25,"Municipal","Straight and Level","Blacktop","Dry","Daylight","Clear","None","None",NA,"At","NULL","N. HARRISON ST.","NULL","","NULL",25,30,0,0,"No","","81",450123.650125,556365.450157,NA,"DVRPC",0,"Pain",7214022,40.3607489,-74.650698
7119287,"2007111007-15099","07-15099",2007,"MERCER","Princeton Township","10/10/2007 0:00","Wednesday","October","12/31/1899 12:07","1","PRINCETON TOWNSHIP","",1,0,0,0,0,"Fatal","At Intersection","No","No","Pedalcyclist",1,"HARRISON ST","NULL",NA,"","11091239",1.23,"Municipal","Straight and Level","Blacktop","Dry","Daylight","Clear","Curbed Median","None",NA,"At","NULL","TERHUNE ROAD","NULL","","NULL",30,25,0,0,"No","","103",449111.08273,558272.967426,NA,"DVRPC",0,"Fatal Injury",7259119,40.36586,-74.6542581
7119317,"2007111007-16098","07-16098",2007,"MERCER","Princeton Township","10/30/2007 0:00","Tuesday","October","12/31/1899 17:08","1","PRINCETON TOWNSHIP","",0,0,1,0,0,"Injury","At Intersection","No","No","Pedalcyclist",1,"NJ 27","NULL",27,"","27",1.91,"State Highway","Straight and Level","Blacktop","Dry","Daylight","Clear","None","None",NA,"At","NULL","RIVERSIDE DRIVE EAST","NULL","","NULL",45,25,40.36056,-74.63218,"No","NONE","205",455290.843438,556282.783202,NA,"DVRPC",0,"Pain",7235369,40.3565395,-74.6394514
7119329,"2007111007-16815","07-16815",2007,"MERCER","Princeton Township","11/14/2007 0:00","Wednesday","November","12/31/1899 9:00","1","PRINCETON TOWNSHIP","",0,0,1,0,0,"Injury","At Intersection","No","No","Pedalcyclist",1,"US 206","NULL",206,"","206",57.01,"State Highway","Straight and Grade","Blacktop","Dry","Daylight","Clear","None","None",NA,"At","NULL","HERRONTOWN ROAD","NULL","","NULL",35,25,40.39079,-74.65429,"No","","181",448379.407259,566622.083689,NA,"DVRPC",0,"Pain",7280885,40.3894268,-74.6562567