"ID","DOT_WEB_ID","CASE_NUMBER","CRASH_YEAR","COUNTY","MUNICIPALITY","CRASH_DATE","CRASH_DAY_OF_WEEK","CRASH_MONTH","CRASH_TIME","POLICE_DEPT_CODE","POLICE_DEPARTMENT","POLICE_STATION","TOTAL_KILLED","TOTAL_INCAPACITATED","TOTAL_INJURED","PEDESTRIANS_KILLED","PEDESTRIANS_INJURED","SEVERITY","INTERSECTION","ALCOHOL_INVOLVED","HAZMAT_INVOLVED","CRASH_TYPE","TOTAL_VEHICLES_INVOLVED","CRASH_LOCATION","LOCATION_DIRECTION","ROUTE","ROUTE_SUFFIX","SRI","MILEPOST","ROAD_SYSTEM","ROAD_CHARACTER","ROAD_SURFACE_TYPE","SURFACE_CONDITION","LIGHT_CONDITION","ENVIRONMENTAL_CONDITION","ROAD_DIVIDED_BY","TEMP_TRAFFIC_CONTROL_ZONE","DISTANCE_TO_CROSS_STREET","UNIT_OF_MEASUREMENT","DIRECTION_FROM_CROSS_STREET","CROSS_STREET_NAME","IS_RAMP","RAMP_TO_FROM_ROUTE_NAME","RAMP_TO_FROM_ROUTE_DIRECTION","POSTED_SPEED","POSTED_SPEED_CROSS_STREET","LATITUDE","LONGITUDE","CELL_PHONE_IN_USE","OTHER_PROPERTY_DAMAGE","REPORTING_BADGE_NO","X","Y","CRASH_NARRATIVE","MPO","TOTAL_PEDESTRIANS_INVOLVED","EPDO","DLN","LatitudeGeocoded","LongitudeGeocoded"
7119358,"2007111007-17788","07-17788",2007,"MERCER","Princeton Township","12/3/2007 0:00","Monday","December","12/31/1899 16:41","1","PRINCETON TOWNSHIP","",0,0,1,0,0,"Injury","Not At Intersection","No","No","Pedalcyclist",1,"TERHUNE RD","NULL",NA,"","11101147",0.257,"Municipal","Straight and Level","Blacktop","Dry","Dusk","Clear","None","None",35,"Foot","East","JEFFERSON RD.","NULL","","NULL",25,25,0,0,"No","NONE","241",447358.105001,557590.515039,NA,"DVRPC",0,"Moderate Injury",7276588,40.3641134,-74.6607875
7119384,"2007111007-18564","07-18564",2007,"MERCER","Princeton Township","12/18/2007 0:00","Tuesday","December","12/31/1899 16:20","1","PRINCETON TOWNSHIP","",0,0,1,0,0,"Injury","At Intersection","No","No","Pedalcyclist",1,"TERHUNE ROAD","NULL",NA,"","11101147",0.61,"Municipal","Straight and Level","Blacktop","Dry","Daylight","Clear","Grass Median","None",NA,"At","NULL","NORTH HARRISON ST.","NULL","","NULL",30,30,0,0,"No","39:4-115","196",449111.536848,558201.286641,NA,"DVRPC",0,"Pain",7298987,40.36586,-74.6542581
7119596,"200711102007-9829","2007-9829",2007,"MERCER","Princeton Township","6/28/2007 0:00","Thursday","June","12/31/1899 12:53","1","PRINCETON TOWNSHIP","",0,0,1,0,0,"Injury","Not At Intersection","No","No","Pedalcyclist",1,"WESTERLY ROAD","NULL",NA,"","11101146",0.211,"Municipal","Straight and Level","Blacktop","Dry","Daylight","Clear","None","None",50,"Foot","West","WILSON ROAD","NULL","","NULL",25,25,0,0,"No","NONE","173",443132.994007,553844.763981,NA,"DVRPC",0,"Pain",7243894,40.3539267,-74.6756219
7119608,"20071110I2007-017598","I2007-017598",2007,"MERCER","Princeton Township","6/4/2007 0:00","Monday","June","12/31/1899 18:18","99","PRINCETON","",0,0,1,0,0,"Injury","Not At Intersection","No","No","Pedalcyclist",1,"PARKING LOT 15","South",NA,"","",NA,"Private Property","Curve and Grade","Other","Dry","Daylight","Clear","None","None",467,"Foot","East","WASHINGTON ROAD","NULL","","NULL",10,35,0,0,"No","","133",NA,NA,NA,"DVRPC",0,"Moderate Injury",7108336,40.3512226,-74.6592904
7120200,"20071111062-07041984","062-07041984",2007,"MERCER","Trenton City","3/3/2007 0:00","Saturday","March","12/31/1899 17:25","1","CITY OF TRENTON","PATROL/EAST",0,0,1,0,0,"Injury","At Intersection","Yes","No","Pedalcyclist",1,"NJ 33","NULL",33,"","33",0.88,"County","Straight and Level","Blacktop","Dry","Daylight","Clear","None","None",NA,"At","NULL","HAMPTON STREET","NULL","","NULL",25,25,40.22112,-74.74272,"No","NONE","384",424330.171671,505542.288182,NA,"DVRPC",1,"Pain",7057110,40.2210475,-74.7428693
7120616,"20071111100-07-067929","100-07-067929",2007,"MERCER","Trenton City","4/10/2007 0:00","Tuesday","April","12/31/1899 17:19","1","TRENTON","NORTH",0,0,1,0,0,"Injury","At Intersection","No","No","Pedalcyclist",1,"PERRY ST","East",NA,"","11111556",0.6,"Municipal","Straight and Level","Blacktop","Dry","Daylight","Clear","None","None",NA,"At","NULL","SOUTHARD STREET","NULL","","NULL",25,25,40.2255,-74.75462,"No","","***",421038.98,507162.21,NA,"DVRPC",0,"Pain",7056329,40.2254692,-74.754728
7120754,"2.00711111120707E+018","11207076719",2007,"MERCER","Trenton City","4/22/2007 0:00","Sunday","April","12/31/1899 19:11","1","TRENTON PD","EAST DIST",0,0,1,0,0,"Injury","At Intersection","No","No","Pedalcyclist",1,"SOUTH LOGAN AVENUE","NULL",NA,"","11111085",0.42,"County","Straight and Level","Blacktop","Dry","Daylight","Clear","None","None",NA,"At","NULL","GREENWOOD","NULL","","NULL",25,25,0,0,"No","","341",426759.129925,507146.419987,NA,"DVRPC",0,"Pain",7068809,40.225518,-74.734098
7120857,"2.00711111210708E+018","12107083432",2007,"MERCER","Trenton City","5/1/2007 0:00","Tuesday","May","12/31/1899 21:55","1","TRENTON","EAST",0,1,1,0,0,"Injury","At Intersection","No","No","Pedalcyclist",1,"MERCER COUNTY 635","NULL",635,"","11000635",0.82,"County","Straight and Level","Blacktop","Wet","Dark (Street Lights On/ continuous)","Rain","None","None",NA,"At","NULL","CUYLER AVE","NULL","","NULL",25,25,40.2258,-74.74132,"No","NONE","109",424667.763303,507208.222202,NA,"DVRPC",0,"Incapacitating Injury",7082698,40.225689,-74.74155
7120881,"20071111124-07085699","124-07085699",2007,"MERCER","Trenton City","5/4/2007 0:00","Friday","May","12/31/1899 18:08","1","TRENTON","EAST",0,0,1,0,0,"Injury","Not At Intersection","No","No","Pedalcyclist",1,"TYLER STREET","East",NA,"","11111116",0.003,"Municipal","Straight and Level","Blacktop","Dry","Daylight","Clear","None","None",15,"Foot","West","CHAMBER ST","NULL","","NULL",25,25,0,0,"No","","492",423982.075368,504579.181012,NA,"DVRPC",0,"Pain",7078129,40.2184705,-74.7439822
7120996,"20071111135-07-093517","135-07-093517",2007,"MERCER","Trenton City","5/15/2007 0:00","Tuesday","May","12/31/1899 12:15","","TRENTON","PATROL",0,0,1,0,0,"Injury","Not At Intersection","No","No","Pedalcyclist",1,"ETCHER STREET","NULL",NA,"","",NA,"Municipal","Straight and Level","Blacktop","Dry","Daylight","Clear","None","None",400,"Foot","North","SOUTHARD ST.","NULL","","NULL",NA,NA,0,0,"No","","***",NA,NA,NA,"DVRPC",0,"Pain",7085679,40.2269024,-74.755578
7121361,"20071111171-07120386","171-07120386",2007,"MERCER","Trenton City","6/20/2007 0:00","Wednesday","June","12/31/1899 18:46","1","TRENTON","METRO",0,0,0,0,0,"Property Damage","At Intersection","No","No","Pedalcyclist",1,"NJ 33","NULL",33,"","33",NA,"County","Straight and Level","Blacktop","Dry","Daylight","Clear","None","None",NA,"At","NULL","CONOVERS ALLEY","NULL","","NULL",25,15,0,0,"No","","131",NA,NA,NA,"DVRPC",0,"PDO",7139971,40.215446,-74.7606642
7121553,"20071111190-07133631","190-07133631",2007,"MERCER","Trenton City","7/9/2007 0:00","Monday","July","12/31/1899 20:01","1","CITY OF TRENTON","PATROL-NORTH",0,0,1,0,0,"Injury","At Intersection","No","No","Pedalcyclist",1,"MERCER COUNTY 622","NULL",622,"","11000622",3.03,"County","Straight at Hillcrest","Blacktop","NULL","Daylight","Clear","Painted Median","None",NA,"At","NULL","PARKER AVENUE","NULL","","NULL",25,25,40.22758,-74.74058,"No","NONE","136",424862.11,508021.73,NA,"DVRPC",0,"Pain",7169245,40.227903,-74.740902
7121635,"20071111199-07139373","199-07139373",2007,"MERCER","Trenton City","7/18/2007 0:00","Wednesday","July","12/31/1899 17:03","1","TRENTON P.D.","PATROL WEST",0,0,1,0,0,"Injury","At Intersection","No","No","Pedalcyclist",1,"W STATE ST","NULL",NA,"","11111552",1.45,"Municipal","Straight and Level","Blacktop","Wet","Daylight","Rain","None","None",NA,"At","South","WEST END AVENUE","NULL","","NULL",25,NA,40.22669,-74.77912,"No","NONE","***",414190.48,507612.21,NA,"DVRPC",0,"Moderate Injury",7157110,40.226637,-74.779082
7121671,"2.00711112010714E+018","20107140706",2007,"MERCER","Trenton City","7/20/2007 0:00","Friday","July","12/31/1899 16:55","","TRENTON","WEST",0,0,1,0,0,"Injury","At Intersection","No","No","Pedalcyclist",1,"N OVERBROOK","NULL",NA,"","11111251",0.29,"Municipal","Straight and Level","Blacktop","Dry","Daylight","Clear","Barrier Median","None",NA,"At","NULL","EDGEWOOD AVE","NULL","","NULL",25,NA,0,0,"No","","159",412480.910791,509488.657269,NA,"DVRPC",0,"Pain",7132066,40.2319064,-74.7852497
7121781,"20071111212-07147541","212-07147541",2007,"MERCER","Trenton City","7/31/2007 0:00","Tuesday","July","12/31/1899 11:28","1","TRENTON","T.P.D.",0,0,1,0,0,"Injury","Not At Intersection","No","No","Pedalcyclist",1,"STUYVESANT AVE","NULL",NA,"","11111568",0.36,"Municipal","Straight and Level","Blacktop","Dry","Daylight","Clear","None","None",5,"Foot","North","HERMITAGE AVE.","NULL","","NULL",25,25,40.23392,-74.77966,"No","","526",414048.239942,510246.973377,NA,"DVRPC",0,"Moderate Injury",7139180,40.233903,-74.779628
7121872,"2.00711112200715E+018","22007153682",2007,"MERCER","Trenton City","8/9/2007 0:00","Thursday","August","12/31/1899 17:07","1","TRENTON","PATROL",0,0,2,0,0,"Injury","Not At Intersection","No","No","Pedalcyclist",1,"MERCER COUNTY 622","NULL",622,"","11000622",2.68,"County","Straight and Level","Blacktop","Wet","Daylight","Overcast","None","None",50,"Foot","West","GREENWOOD AVE","NULL","","NULL",25,25,40.22358,-74.73663,"No","NONE","607",425955.596455,506570.203056,NA,"DVRPC",0,"Moderate Injury",7162652,40.2185945,-74.7485637
7121910,"20071111224-07155241","224-07155241",2007,"MERCER","Trenton City","8/12/2007 0:00","Sunday","August","12/31/1899 0:01","1","TRENTON","PATROL:EAST",0,0,1,0,0,"Injury","At Intersection","No","No","Pedalcyclist",1,"S CLINTON AVE","NULL",NA,"","11031969",3.55,"Municipal","Straight and Level","Blacktop","Dry","Dark (Street Lights On/ continuous)","Clear","None","Construction Zone",NA,"At","NULL","WALLENBERG PL.","NULL","","NULL",25,25,40.21895,-74.75502,"No","","***",420912.92867,504774.902029,NA,"DVRPC",0,"Pain",7162945,40.2189119,-74.7550056
7121956,"20071111229-07158774","229-07158774",2007,"MERCER","Trenton City","8/17/2007 0:00","Friday","August","12/31/1899 15:16","1","CITY OF TRENTON","PATROL 223",0,0,1,0,0,"Injury","At Intersection","No","No","Pedalcyclist",1,"MULBERRY ST","NULL",NA,"","11111546",0.26,"Municipal","Straight and Grade","Blacktop","Dry","Daylight","Clear","None","None",NA,"At","NULL","NEW YORK AVE.","NULL","","NULL",25,NA,40.2392,-74.74273,"No","","***",424363.305587,512140.837534,NA,"DVRPC",0,"Moderate Injury",7154645,40.2394255,-74.7430451
7122085,"20071111241-07165806","241-07165806",2007,"MERCER","Trenton City","8/29/2007 0:00","Wednesday","August","12/31/1899 7:55","1","TRENTON","PATROL",0,0,1,0,0,"Injury","Not At Intersection","No","No","Pedalcyclist",2,"NJ 33","NULL",33,"","33",0.74,"County","Straight and Level","Blacktop","Dry","Daylight","Clear","None","None",30,"Foot","East","CR 626","NULL","","NULL",25,25,40.21999,-74.74493,"No","","57",423711.195029,505130.289133,NA,"DVRPC",0,"Moderate Injury",7174460,40.2199196,-74.7450688
7122128,"20071111245-07168792","245-07168792",2007,"MERCER","Trenton City","9/2/2007 0:00","Sunday","September","12/31/1899 19:00","1","TRENTON","EAST",0,0,1,0,0,"Injury","Not At Intersection","No","No","Pedalcyclist",1,"HOBART AVENUE","North",NA,"","11111087",0.17,"Municipal","Straight and Level","Blacktop","Dry","Daylight","Clear","None","None",200,"Foot","South","S. LOGAN","NULL","","NULL",25,25,0,0,"No","","645",427806.999876,505536.990135,NA,"DVRPC",0,"Moderate Injury",7175422,40.221173,-74.730241
7122158,"20071111249-07171357","249-07171357",2007,"MERCER","Trenton City","9/6/2007 0:00","Thursday","September","12/31/1899 17:40","1","CITY OF TRENTON","EAST",0,0,1,0,0,"Injury","At Intersection","No","No","Pedalcyclist",1,"MERCER COUNTY 606","West",606,"","11000606",0.8,"County","Straight and Level","Blacktop","Dry","Daylight","Clear","None","None",NA,"At","NULL","WASHINGTON ST","NULL","","NULL",25,25,40.21659,-74.74464,"No","NONE","***",423807.333538,503905.384368,NA,"DVRPC",0,"Pain",7176438,40.2100134,-74.7397705
7122194,"20071111252-07173260","252-07173260",2007,"MERCER","Trenton City","9/9/2007 0:00","Sunday","September","12/31/1899 18:20","1","CITY OF TRENTON","SOUTH",0,0,1,0,0,"Injury","At Intersection","No","No","Pedalcyclist",1,"WATSON AVENUE","NULL",NA,"","11111461",0,"Municipal","Straight and Level","Blacktop","Dry","Daylight","Clear","None","None",NA,"At","NULL","US 206","NULL","","NULL",25,25,0,0,"No","","***",422079.650111,500531.590041,NA,"DVRPC",0,"Pain",7194860,40.207321,-74.750786
7122227,"20071111255-07174617","255-07174617",2007,"MERCER","Trenton City","9/11/2007 0:00","Tuesday","September","","","TRENTON","PATROL",0,0,1,0,0,"Injury","Not At Intersection","No","No","Pedalcyclist",1,"SOUTHARD ST","East",NA,"","11111558",0.46,"Municipal","Straight and Grade","Blacktop","Dry","Dusk","Clear","None","None",100,"Foot","North","PROCTOR ST","NULL","","NULL",25,25,40.23095,-74.7595,"No","","***",419673.23,509149.48,NA,"DVRPC",0,"Pain",7193580,40.230967,-74.759519
7122237,"20071111257-07176345","257-07176345",2007,"MERCER","Trenton City","9/14/2007 0:00","Friday","September","12/31/1899 12:34","1","TRENTON","NORTH",0,0,0,0,0,"Property Damage","At Intersection","No","No","Pedalcyclist",1,"PERRY ST","West",NA,"","11111556",0.32,"Municipal","Straight and Level","Blacktop","Dry","Daylight","Clear","None","None",NA,"At","NULL","ALLEN ST","NULL","","NULL",25,25,40.22404,-74.75964,"No","","464",419627.8,506631.22,NA,"DVRPC",0,"PDO",7197699,40.2240488,-74.759632
7122288,"20071111262-07179716","262-07179716",2007,"MERCER","Trenton City","9/19/2007 0:00","Wednesday","September","12/31/1899 15:25","1","TRENTON","PATROL",0,0,1,0,0,"Injury","Not At Intersection","No","No","Pedalcyclist",1,"NJ 31","NULL",31,"","31",0.26,"County","Straight and Level","Blacktop","Dry","Daylight","Clear","None","None",120,"Foot","South","CR 653","NULL","","NULL",25,NA,40.22852,-74.7679,"No","","381",417225.729479,508372.343537,NA,"DVRPC",0,"Pain",7197665,40.2290447,-74.768528
7122366,"20071111271-07185269","271-07185269",2007,"MERCER","Trenton City","9/28/2007 0:00","Friday","September","12/31/1899 16:30","1","TRENTON","WEST DISTRICT",0,0,1,0,0,"Injury","At Intersection","No","No","Pedalcyclist",1,"US 206","NULL",206,"","206",43.73,"Municipal","Straight and Level","Blacktop","Dry","Daylight","Clear","None","None",NA,"At","NULL","EVANS AVENUE","NULL","","NULL",25,25,40.2311,-74.75629,"No","","465",420280.623887,508965.221345,NA,"DVRPC",0,"Moderate Injury",7215664,40.233439,-74.759289
7122377,"2.00711112710718E+018","27107185433",2007,"MERCER","Trenton City","9/28/2007 0:00","Friday","September","12/31/1899 16:45","","TRENTON","NORTH",0,0,1,0,0,"Injury","Not At Intersection","No","No","Pedalcyclist",1,"EVANS AVENUE","NULL",NA,"","11111025",0.2,"Municipal","Straight and Level","Blacktop","Dry","Daylight","Clear","None","None",1000,"Foot","NULL","US 206","NULL","","NULL",25,25,0,0,"No","","631",419798.157341,509961.788437,NA,"DVRPC",0,"Moderate Injury",7215658,40.233439,-74.759289
7122387,"2.00711112720718E+018","27207185793",2007,"MERCER","Trenton City","9/29/2007 0:00","Saturday","September","12/31/1899 13:13","1","TRENTON","WEST DISTRICT",0,0,1,0,0,"Injury","At Intersection","No","No","Pedalcyclist",1,"RIVERSIDE AVENUE","NULL",NA,"","11111266",0.12,"Municipal","Straight and Level","Blacktop","Dry","Daylight","Clear","None","None",NA,"At","NULL","COLONIAL AVE","NULL","","NULL",25,NA,0,0,"No","","***",412664.46825,507489.81213,NA,"DVRPC",0,"Moderate Injury",7215651,40.2264955,-74.7848636
7122503,"20071111290-07196813","290-07196813",2007,"MERCER","Trenton City","10/17/2007 0:00","Wednesday","October","12/31/1899 13:47","1","CITY OF TRENTON","EAST",0,0,1,0,0,"Injury","At Intersection","No","No","Pedalcyclist",1,"S CLINTON AVE","South",NA,"","11031969",3,"Municipal","Straight and Level","Blacktop","Dry","Daylight","Clear","None","None",NA,"At","NULL","MOTT ST","NULL","","NULL",25,25,40.21119,-74.75279,"No","NONE","***",421527.49,501946.43,NA,"DVRPC",0,"Pain",7233356,40.2112,-74.75278
7122520,"20071111292-07198510","292-07198510",2007,"MERCER","Trenton City","10/19/2007 0:00","Friday","October","12/31/1899 23:24","","TRENTON","EAST",0,0,1,0,0,"Injury","Not At Intersection","No","No","Pedalcyclist",1,"CHESTNUT AVE","North",NA,"","11111537",NA,"Municipal","Straight and Level","Blacktop","Wet","Dark (Street Lights On/ continuous)","Rain","Painted Median","None",NA,"NULL","NULL","CUMMING AVENUE","NULL","","NULL",25,25,0,0,"No","","649",NA,NA,NA,"DVRPC",0,"Pain",7226727,40.208879,-74.745605
7122730,"2.00711113160721E+018","31607214403",2007,"MERCER","Trenton City","11/12/2007 0:00","Monday","November","12/31/1899 11:05","1","TRENTON","PATROL SOUTH",0,0,0,0,0,"Property Damage","At Intersection","No","No","Pedalcyclist",1,"GRAND ST","South",NA,"","11111534",0.52,"Municipal","Straight and Level","Blacktop","Dry","Daylight","Clear","None","None",NA,"At","NULL","LIBERTY ST.","NULL","","NULL",25,NA,40.20256,-74.74357,"No","","166",424093.41,498794.41,NA,"DVRPC",0,"PDO",7253878,40.2026625,-74.7436678
7122737,"20071111317-07215328","317-07215328",2007,"MERCER","Trenton City","11/13/2007 0:00","Tuesday","November","12/31/1899 20:27","","TRENTON","EAST",0,0,1,0,0,"Injury","Not At Intersection","No","No","Pedalcyclist",1,"GREENWOOD AVE","NULL",NA,"","",NA,"Private Property","Straight and Grade","Blacktop","Dry","Dark (No Street Lights)","Clear","None","None",NA,"NULL","NULL","DRIVEWAY OF 407 GREENWOOD","NULL","","NULL",25,NA,0,0,"No","","386",NA,NA,NA,"DVRPC",0,"Moderate Injury",7259682,40.216494,-74.754188
7122805,"2007111132307219-041","32307219-041",2007,"MERCER","Trenton City","11/19/2007 0:00","Monday","November","12/31/1899 8:15","1","TRENTON","PATROL - SOUTH",0,0,1,0,0,"Injury","At Intersection","No","No","Pedalcyclist",1,"LAMBERTON ST","North",NA,"","11111750",0.34,"Municipal","Straight and Level","Blacktop","Wet","Daylight","Rain","None","None",NA,"At","NULL","LANDING ST.","NULL","","NULL",25,25,40.20246,-74.75881,"No","","166",419834.5,498779.84,NA,"DVRPC",0,"Pain",7275300,40.202483,-74.758834
7123493,"200711122007-008454","2007-008454",2007,"MERCER","Washington Twp  (Mercer Co)","4/29/2007 0:00","Sunday","April","12/31/1899 11:59","1","WASHINGTON TOWNSHIP","",0,0,1,0,0,"Injury","Not At Intersection","No","No","Pedalcyclist",2,"SPRING GARDEN RD","North",NA,"","11121137",0.31,"Municipal","Straight and Level","Blacktop","Dry","Daylight","Clear","None","None",500,"Foot","North","COTTAGE PLACE DRIVE","NULL","","NULL",35,25,40.20432,-74.60014,"No","NONE","31",464154.723337,499357.333346,NA,"DVRPC",0,"Moderate Injury",7084152,40.2031325,-74.6006103
7123545,"200711122007-012943","2007-012943",2007,"MERCER","Washington Twp  (Mercer Co)","6/29/2007 0:00","Friday","June","12/31/1899 17:25","1","WASHINGTON TOWNSHIP","",0,0,1,0,0,"Injury","Not At Intersection","No","No","Pedalcyclist",1,"SHARON RD","East",NA,"","11121030",0.1,"Municipal","Straight and Level","Blacktop","Dry","Daylight","Clear","None","None",528,"Foot","East","SPRING GARDEN RD.","NULL","","NULL",50,35,40.21417,-74.59194,"No","NONE","36",466447.635978,502941.382984,NA,"DVRPC",0,"Moderate Injury",7165928,40.2143546,-74.5938198
7123576,"200711122007-015391","2007-015391",2007,"MERCER","Washington Twp  (Mercer Co)","7/31/2007 0:00","Tuesday","July","12/31/1899 16:34","1","WASHINGTON TOWNSHIP","",0,0,1,0,0,"Injury","At Intersection","No","No","Pedalcyclist",1,"US 130","North",130,"","130",62.49,"State Highway","Straight and Level","Blacktop","Dry","Daylight","Clear","Curbed Median","None",NA,"At","NULL","ROBBINSVILLE ALLENTOWN RD","NULL","","NULL",55,45,40.21371,-74.62277,"No","REAR.TIRE ON BICYCLE WAS BENT","18",457841.688564,502791.615287,NA,"DVRPC",0,"Moderate Injury",7194158,40.2147362,-74.6219348
7123598,"200711122007-018197","2007-018197",2007,"MERCER","Washington Twp  (Mercer Co)","9/2/2007 0:00","Sunday","September","12/31/1899 13:50","1","WASHINGTON TOWNSHIP","",0,0,1,0,0,"Injury","Not At Intersection","No","No","Pedalcyclist",1,"LAKE DRIVE","East",NA,"","11121310",0.01,"Municipal","Straight and Level","Blacktop","Dry","Daylight","Clear","None","None",50,"Foot","East","HUTCHINSON ROAD","NULL","","NULL",35,35,0,0,"No","NONE","531",456935.850083,506591.059877,NA,"DVRPC",0,"Pain",7194152,40.2241574,-74.6258928
7124113,"2007111307-12349","07-12349",2007,"MERCER","West Windsor Township","5/2/2007 0:00","Wednesday","May","12/31/1899 19:10","1","WEST WINDSOR TOWNSHIP","07-12349",0,0,0,0,0,"Property Damage","Not At Intersection","No","No","Pedalcyclist",1,"WALLACE ROAD","East",NA,"","11131419",0.31,"Municipal","Straight and Level","Blacktop","Dry","Daylight","Clear","Painted Median","Construction Zone",50,"Foot","West","SCOTT AVE","NULL","","NULL",25,25,0,0,"No","","579",457549.6942,539601.128416,NA,"DVRPC",0,"PDO",7123609,40.314769,-74.623875
7124264,"2007111307-18783","07-18783",2007,"MERCER","West Windsor Township","7/9/2007 0:00","Monday","July","12/31/1899 0:00","1","WEST WINDSOR","07-18783",0,0,1,0,0,"Injury","Not At Intersection","No","No","Pedalcyclist",1,"WALLACE ROAD","North",NA,"","11131419",0.33,"Municipal","Curve and Level","Blacktop","Dry","Daylight","Clear","None","None",100,"Foot","North","SCOTT AVE","NULL","","NULL",25,25,0,0,"No","NO","538",457656.483336,539581.746618,NA,"DVRPC",0,"Pain",7137403,40.314769,-74.623875
7124276,"2007111307-19074","07-19074",2007,"MERCER","West Windsor Township","7/12/2007 0:00","Thursday","July","12/31/1899 18:12","1","WEST WINDSOR TOWNSHIP","07-19074",0,0,1,0,0,"Injury","At Intersection","No","No","Pedalcyclist",1,"ROUTE 526","West",526,"","526",3.42,"County","Straight and Level","Blacktop","Dry","Daylight","Clear","None","None",NA,"At","NULL","OLD TRENTON RD (RT. 526)","NULL","","NULL",45,35,40.25863,-74.61599,"No","ONE ''CARRERA'' BICYCLE (#52C1)","579",459754.711027,519143.876874,NA,"DVRPC",0,"Moderate Injury",7137407,40.2585206,-74.6159333
7124446,"2007111307-26399","07-26399",2007,"MERCER","West Windsor Township","10/4/2007 0:00","Thursday","October","12/31/1899 17:24","1","WEST WINDSOR TOWNSHIP","2007-26399",0,0,1,0,0,"Injury","Not At Intersection","No","No","Pedalcyclist",1,"MERCER COUNTY 638","North",638,"","11000638",3.58,"County","Straight and Level","Blacktop","Dry","Daylight","Clear","None","None",10,"Foot","South","NORCHESTER DR.","NULL","","NULL",35,25,40.30903,-74.61632,"No","ONE ''TREK'' BICYCLE","579",455671.6,535806.08,NA,"DVRPC",0,"Moderate Injury",7215237,40.3090013,-74.6163387
7419938,"2008110108-16030","08-16030",2008,"MERCER","East Windsor Township","12/5/2008 0:00","Friday","December","12/31/1899 19:58","1","EAST WINDSOR","UNIFORM SERVIC?",0,0,0,0,0,"Property Damage","At Intersection","No","No","Pedalcyclist",1,"NORTH MAIN STREET","NULL",NA,"","",NA,"Municipal","Straight and Level","Blacktop","Wet","Dark (Street Lights On/ continuous)","Rain","None","None",NA,"At","NULL","TOWN CENTER ROAD","NULL","","NULL",NA,35,0,0,"No","BICYCLE (LISTED ABOVE) HEAVILY DAMAGED","62",NA,NA,NA,"DVRPC",0,"PDO",8279363,40.279066,-74.5208666
7420016,"2008110108-2020","Aug-20",2008,"MERCER","East Windsor Township","2/17/2008 0:00","Sunday","February","12/31/1899 18:01","1","EAST WINDSOR TWP.","TRAFFIC",0,0,1,0,0,"Injury","Not At Intersection","No","No","Pedalcyclist",1,"NJ 33","West",33,"","33",15.18,"State Highway","Straight and Level","Blacktop","Wet","Dusk","Rain","None","None",100,"Foot","East","WOODSIDE AVENUE","NULL","","NULL",55,25,40.26895,-74.50779,"No","NONE","563",489838.016712,522881.434618,NA,"DVRPC",0,"Pain",8025689,40.2689232,-74.5065306
7420196,"2008110108-634","08-634",2008,"MERCER","East Windsor Township","1/15/2008 0:00","Tuesday","January","12/31/1899 15:54","1","EAST WINDSOR","TRAFFIC BUREAU",0,0,1,0,0,"Injury","Not At Intersection","No","No","Pedalcyclist",1,"113 PRINCETON ARMS","NULL",NA,"","",NA,"Private Property","Straight and Level","Blacktop","Dry","Daylight","Clear","None","None",NA,"NULL","NULL","","NULL","","NULL",NA,NA,0,0,"No","NONE","72",NA,NA,NA,"DVRPC",0,"Pain",8008952,40.2763279,-74.5699993
7420232,"2008110108-7116","Aug-16",2008,"MERCER","East Windsor Township","6/5/2008 0:00","Thursday","June","12/31/1899 13:55","1","EAST WINDSOR","TRAFFIC BUREAU",0,0,1,0,0,"Injury","At Intersection","No","No","Pedalcyclist",1,"NJ 33","East",33,"","33",15.84,"State Highway","Straight and Level","Blacktop","Dry","Daylight","Clear","Grass Median","None",NA,"At","NULL","PROBASCO RD","NULL","","NULL",55,40,40.26824,-74.49579,"No","NONE","72",493297.348106,522624.701889,NA,"DVRPC",0,"Moderate Injury",8107896,40.2680939,-74.4939163
7420237,"2008110108-7242","Aug-42",2008,"MERCER","East Windsor Township","6/7/2008 0:00","Saturday","June","12/31/1899 11:18","1","EAST WINDSOR","TRAFFIC BUREAU",0,0,1,0,0,"Injury","At Intersection","No","No","Pedalcyclist",1,"ROUTE 539","North",539,"","539",50.59,"County","Straight and Level","Blacktop","Dry","Daylight","Clear","Painted Median","None",NA,"At","NULL","PLYMOUTH DRIVE","NULL","","NULL",45,25,40.25008,-74.52857,"No","","72",484149.186932,516012.920778,NA,"DVRPC",0,"Moderate Injury",8127297,40.2510456,-74.5282173
7420253,"2008110108-7853","Aug-53",2008,"MERCER","East Windsor Township","6/20/2008 0:00","Friday","June","12/31/1899 7:06","1","EAST WINDSOR TWP","TRAFFIC",0,0,1,0,0,"Injury","At Intersection","No","No","Pedalcyclist",1,"DUTCH NECK RD","East",NA,"","11011144",0.09,"Municipal","Curve and Level","Blacktop","Dry","Daylight","Clear","None","None",NA,"At","NULL","WESTFIELD ROAD","NULL","","NULL",35,25,40.26845,-74.54053,"No","","563",480814.09,522706.04,NA,"DVRPC",0,"Moderate Injury",8119785,40.2684622,-74.5404724
7420963,"20081102I-2008-007625","I-2008-007625",2008,"MERCER","Ewing Township","4/1/2008 0:00","Tuesday","April","12/31/1899 20:23","1","EWING POLICE","SQUAD 4",0,0,1,0,0,"Injury","Not At Intersection","No","No","Pedalcyclist",1,"NJ 31","NULL",31,"","31",2.2,"State Highway","Curve and Level","Blacktop","Wet","Dark (Street Lights On/ continuous)","Clear","None","None",20,"Foot","North","OAK LANE","NULL","","NULL",35,25,40.25516,-74.77762,"No","","149",414642.936154,517983.475958,NA,"DVRPC",0,"Pain",8055455,40.2551238,-74.7775926