"ID","DOT_WEB_ID","CASE_NUMBER","CRASH_YEAR","COUNTY","MUNICIPALITY","CRASH_DATE","CRASH_DAY_OF_WEEK","CRASH_MONTH","CRASH_TIME","POLICE_DEPT_CODE","POLICE_DEPARTMENT","POLICE_STATION","TOTAL_KILLED","TOTAL_INCAPACITATED","TOTAL_INJURED","PEDESTRIANS_KILLED","PEDESTRIANS_INJURED","SEVERITY","INTERSECTION","ALCOHOL_INVOLVED","HAZMAT_INVOLVED","CRASH_TYPE","TOTAL_VEHICLES_INVOLVED","CRASH_LOCATION","LOCATION_DIRECTION","ROUTE","ROUTE_SUFFIX","SRI","MILEPOST","ROAD_SYSTEM","ROAD_CHARACTER","ROAD_SURFACE_TYPE","SURFACE_CONDITION","LIGHT_CONDITION","ENVIRONMENTAL_CONDITION","ROAD_DIVIDED_BY","TEMP_TRAFFIC_CONTROL_ZONE","DISTANCE_TO_CROSS_STREET","UNIT_OF_MEASUREMENT","DIRECTION_FROM_CROSS_STREET","CROSS_STREET_NAME","IS_RAMP","RAMP_TO_FROM_ROUTE_NAME","RAMP_TO_FROM_ROUTE_DIRECTION","POSTED_SPEED","POSTED_SPEED_CROSS_STREET","LATITUDE","LONGITUDE","CELL_PHONE_IN_USE","OTHER_PROPERTY_DAMAGE","REPORTING_BADGE_NO","X","Y","CRASH_NARRATIVE","MPO","TOTAL_PEDESTRIANS_INVOLVED","EPDO","DLN","LatitudeGeocoded","LongitudeGeocoded"
7420974,"20081102I-2008-007822","I-2008-007822",2008,"MERCER","Ewing Township","4/3/2008 0:00","Thursday","April","12/31/1899 18:34","1","EWING POLICE DEPT.","SQUAD2",0,0,1,0,0,"Injury","At Intersection","No","No","Pedalcyclist",1,"NJ 31","NULL",31,"","31",1.51,"State Highway","Straight and Level","Blacktop","Dry","Daylight","Clear","None","None",NA,"At","NULL","CR 636","NULL","","NULL",35,35,40.24547,-74.7755,"No","","130",415222.99,514450.1,NA,"DVRPC",0,"Pain",8103405,40.2771439,-74.7804919
7421256,"20081102I-2008-019113","I-2008-019113",2008,"MERCER","Ewing Township","7/30/2008 0:00","Wednesday","July","12/31/1899 16:27","1","EWING POLICE","SQUAD 1",0,0,1,0,0,"Injury","Not At Intersection","No","No","Pedalcyclist",1,"MERCER COUNTY 622","NULL",622,"","11000622",4.73,"County","Straight and Level","Blacktop","Dry","Daylight","Clear","None","None",75,"Foot","West","FIFTH ST","NULL","","NULL",40,25,40.2451,-74.76161,"No","","165",419099.07,514303.82,NA,"DVRPC",0,"Pain",8174456,40.245171,-74.761791
7421732,"2008110308-10625","08-10625",2008,"MERCER","Hamilton Twp (Mercer Co)","3/11/2008 0:00","Tuesday","March","12/31/1899 20:33","1","HAMILTON TOWNSHIP","",0,0,1,0,0,"Injury","Not At Intersection","No","No","Pedalcyclist",1,"ROUTE 533","NULL",533,"","533",4.39,"County","Straight and Level","Blacktop","Dry","Dark (Street LIghts On/ spot)","Clear","None","None",10,"Foot","South","FLOCK RD","NULL","","NULL",40,35,40.24884,-74.68516,"No","NONE","381",440442.28,515613,NA,"DVRPC",0,"Moderate Injury",8051315,40.2489997,-74.6849709
7421764,"2008110308-11649","08-11649",2008,"MERCER","Hamilton Twp (Mercer Co)","3/18/2008 0:00","Tuesday","March","12/31/1899 20:49","1","HAMILTON","",0,0,1,0,0,"Injury","Not At Intersection","No","No","Pedalcyclist",1,"MERCER COUNTY 620","NULL",620,"","11000620",0.18,"County","Straight and Grade","Blacktop","Dry","Dark (Street Lights Off)","Overcast","None","None",50,"Foot","East","COPPERFIELD DR","NULL","","NULL",35,25,40.1896,-74.69276,"No","","389",438274.364266,494036.804317,NA,"DVRPC",0,"Moderate Injury",8047449,40.2194203,-74.7246528
7421904,"2008110308-15495","08-15495",2008,"MERCER","Hamilton Twp (Mercer Co)","4/11/2008 0:00","Friday","April","12/31/1899 13:30","1","HAMILTON","",0,0,1,0,0,"Injury","At Intersection","No","No","Pedalcyclist",1,"MERCER COUNTY 619","NULL",619,"","11000619",0.52,"County","Straight and Grade","Blacktop","Dry","Daylight","Clear","None","None",NA,"At","NULL","ESTATES BLVD.","NULL","","NULL",35,25,40.21053,-74.70351,"No","BIKE","302",435289.414741,501670.700599,NA,"DVRPC",0,"Moderate Injury",8066554,40.232036,-74.6876939
7421940,"2008110308-1617","08-1617",2008,"MERCER","Hamilton Twp (Mercer Co)","1/11/2008 0:00","Friday","January","12/31/1899 17:56","1","HAMILTON","",0,0,0,0,0,"Property Damage","At Intersection","No","No","Pedalcyclist",1,"MERCER COUNTY 626","East",626,"","11000626",1.78,"County","Straight and Level","Blacktop","Wet","Dark (Street Lights On/ continuous)","Overcast","None","None",NA,"At","NULL","WILLIAM ST","NULL","","NULL",25,25,40.20171,-74.73128,"No","","402",427524.257921,498475.105633,NA,"DVRPC",0,"PDO",8000670,40.2626548,-74.6428936
7421966,"2008110308-16899","08-16899",2008,"MERCER","Hamilton Twp (Mercer Co)","4/20/2008 0:00","Sunday","April","12/31/1899 13:18","1","HAMILTON","",0,0,1,0,0,"Injury","Not At Intersection","No","No","Pedalcyclist",1,"HEMPSTEAD RD","North",NA,"","11031987",0.821,"Municipal","Straight and Level","Blacktop","Dry","Daylight","Clear","None","None",100,"Foot","South","KERR DR.","NULL","","NULL",25,25,0,0,"No","","403",439178.027342,497321.662051,NA,"DVRPC",0,"Moderate Injury",8083487,40.1988503,-74.6893874
7422336,"2008110308-24565","08-24565",2008,"MERCER","Hamilton Twp (Mercer Co)","6/7/2008 0:00","Saturday","June","12/31/1899 10:37","1","HAMILTON TWP","",0,0,1,0,0,"Injury","Not At Intersection","No","No","Pedalcyclist",1,"MERCER COUNTY 618","NULL",618,"","11000618",1.48,"County","Straight and Level","Blacktop","Dry","Daylight","Clear","None","None",15,"Foot","East","MERCER ST","NULL","","NULL",30,25,40.23005,-74.66136,"No","","411",447073.054257,508755.625795,NA,"DVRPC",0,"Moderate Injury",8118681,40.2525261,-74.6532326
7422423,"2008110308-26224","08-26224",2008,"MERCER","Hamilton Twp (Mercer Co)","6/17/2008 0:00","Tuesday","June","12/31/1899 8:19","1","HAMILTON","",0,0,1,0,0,"Injury","At Intersection","No","No","Pedalcyclist",1,"W MCGALLIARD AVENUE","NULL",NA,"","11031480",0.45,"Municipal","Straight and Level","Blacktop","Dry","Daylight","Clear","None","None",NA,"At","NULL","MADDOCK AVENUE","NULL","","NULL",25,25,0,0,"No","","309",433034.306679,496452.553445,NA,"DVRPC",0,"Moderate Injury",8115100,40.196157,-74.711404
7422483,"2008110308-27615","08-27615",2008,"MERCER","Hamilton Twp (Mercer Co)","6/25/2008 0:00","Wednesday","June","12/31/1899 16:58","1","HAMILTON TOWNSHIP","",0,0,2,0,0,"Injury","At Intersection","No","No","Pedalcyclist",1,"MERCER COUNTY 614","NULL",614,"","11000614",0.4,"County","Straight and Level","Blacktop","Dry","Daylight","Clear","None","None",NA,"At","NULL","EAST STATE STREET","NULL","","NULL",25,25,40.23339,-74.73059,"Yes","","381",427747.12,510014.72,NA,"DVRPC",0,"Pain",8134381,40.2170676,-74.7638456
7422548,"2008110308-29475","08-29475",2008,"MERCER","Hamilton Twp (Mercer Co)","7/7/2008 0:00","Monday","July","12/31/1899 11:25","1","HAMILTON","",0,0,1,0,0,"Injury","At Intersection","No","No","Pedalcyclist",1,"NJ 33","NULL",33,"","33",4.07,"State Highway","Straight and Level","Blacktop","Dry","Daylight","Clear","None","None",NA,"At","NULL","CR 533","NULL","","NULL",40,45,40.23351,-74.68717,"No","","353",439869.16155,510028.297564,NA,"DVRPC",0,"Pain",8134352,40.2335596,-74.6873873
7422712,"2008110308-33264","08-33264",2008,"MERCER","Hamilton Twp (Mercer Co)","7/30/2008 0:00","Wednesday","July","12/31/1899 15:12","1","HAMILTON TOWNSHIP","",0,0,1,0,0,"Injury","Not At Intersection","No","No","Pedalcyclist",1,"US 130","North",130,"","130",60.22,"State Highway","Straight and Level","Concrete","Dry","Daylight","Clear","Grass Median","Construction Zone",1500,"Foot","South","CROSSWICKS HAMILTON SQ RD","NULL","","NULL",55,35,40.18953,-74.65169,"No","","322",449746.332136,493990.803158,NA,"DVRPC",0,"Pain",8145826,40.1822006,-74.6716218
7422907,"2008110308-37582","08-37582",2008,"MERCER","Hamilton Twp (Mercer Co)","8/27/2008 0:00","Wednesday","August","12/31/1899 13:50","1","HAMILTON","",0,0,1,0,0,"Injury","At Intersection","No","No","Pedalcyclist",1,"RENNIE STREET","South",NA,"","11031454",0.34,"Municipal","Straight and Level","Blacktop","Dry","Daylight","Clear","None","None",NA,"At","NULL","WILFRED AVENUE","NULL","","NULL",25,25,0,0,"No","","230",429260.274761,498607.966186,NA,"DVRPC",0,"Pain",8190759,40.2020879,-74.7250721
7422958,"2008110308-38709","08-38709",2008,"MERCER","Hamilton Twp (Mercer Co)","9/3/2008 0:00","Wednesday","September","12/31/1899 15:45","1","HAMILTON","",0,0,1,0,0,"Injury","At Intersection","No","No","Pedalcyclist",1,"NJ 33","NULL",33,"","33",1.54,"State Highway","Straight and Level","Blacktop","Dry","Daylight","Clear","None","None",NA,"At","NULL","MASSACHUSETTS AVENUE","NULL","","NULL",30,25,40.22634,-74.73234,"No","BRYELES","309",427251.799826,507448.784893,NA,"DVRPC",0,"Moderate Injury",8189204,40.2263274,-74.7323849
7422963,"2008110308-38905","08-38905",2008,"MERCER","Hamilton Twp (Mercer Co)","9/4/2008 0:00","Thursday","September","12/31/1899 17:28","1","HAMILTON","",0,0,0,0,0,"Property Damage","Not At Intersection","No","No","Pedalcyclist",1,"2630 NOTINGHAM WAY","NULL",NA,"","",NA,"Private Property","Straight and Level","Concrete","Dry","Daylight","Clear","None","None",NA,"NULL","NULL","","NULL","","NULL",NA,NA,0,0,"No","","309",NA,NA,NA,"DVRPC",0,"PDO",8189205,40.235898,-74.691548
7423137,"2008110308-42028","08-42028",2008,"MERCER","Hamilton Twp (Mercer Co)","9/24/2008 0:00","Wednesday","September","12/31/1899 17:06","1","HAMILTON TOWNSHIP","",0,0,1,0,0,"Injury","Not At Intersection","No","No","Pedalcyclist",1,"PAXSON AVE","NULL",NA,"","11031980",1,"Municipal","Straight and Level","Blacktop","Dry","Daylight","Clear","None","None",200,"Foot","South","NJ 33","NULL","","NULL",25,40,40.24602,-74.67089,"No","ORBEA ONIX BICYCLE","364",444422.19,514579.02,NA,"DVRPC",0,"Moderate Injury",8204116,40.232553,-74.668884
7423274,"2008110308-44598","08-44598",2008,"MERCER","Hamilton Twp (Mercer Co)","10/12/2008 0:00","Sunday","October","12/31/1899 16:48","1","HAMILTON","",0,0,1,0,0,"Injury","At Intersection","No","No","Pedalcyclist",1,"LIBERTY ST","North",NA,"","11112004",2.16,"Municipal","Straight and Level","Blacktop","Dry","Daylight","Clear","None","None",NA,"At","NULL","WOOLSEY STREET","NULL","","NULL",35,25,40.22293,-74.72065,"No","","388",430514.47,506198.34,NA,"DVRPC",0,"Moderate Injury",8222492,40.2112412,-74.7357314
7423296,"2008110308-45101","08-45101",2008,"MERCER","Hamilton Twp (Mercer Co)","10/15/2008 0:00","Wednesday","October","12/31/1899 18:24","1","HAMILTON TOWNSHIP","",0,0,1,0,0,"Injury","At Intersection","No","No","Pedalcyclist",1,"KLOCKNER RD","NULL",NA,"","11031976",1.35,"Municipal","Straight and Level","Blacktop","Dry","Daylight","Clear","None","None",NA,"At","NULL","CLAYTON AVENUE","NULL","","NULL",35,25,40.23545,-74.71001,"No","","381",433496.148464,510751.236794,NA,"DVRPC",0,"Pain",8244585,40.2355206,-74.7099938
7423361,"2008110308-46107","08-46107",2008,"MERCER","Hamilton Twp (Mercer Co)","10/22/2008 0:00","Wednesday","October","12/31/1899 10:41","1","HAMILTON TOWNSHIP","",0,0,1,0,0,"Injury","At Intersection","No","No","Pedalcyclist",1,"LAFAYETTE AVE","NULL",NA,"","11031992",0.2,"Municipal","Straight and Level","Blacktop","Dry","Daylight","Clear","None","None",NA,"At","NULL","BUCHANAN AVE","NULL","","NULL",25,25,40.19691,-74.72828,"No","","381",428358.018221,496725.202949,NA,"DVRPC",0,"Pain",8251893,40.1969105,-74.7282305
7423460,"2008110308-47625","08-47625",2008,"MERCER","Hamilton Twp (Mercer Co)","10/31/2008 0:00","Friday","October","12/31/1899 18:34","1","HAMILTON TWP.","",0,0,1,0,0,"Injury","At Intersection","No","No","Pedalcyclist",1,"US 130","North",130,"","130",NA,"State Highway","Curve and Grade","Blacktop","Dry","Dark (Street Lights On/ continuous)","Clear","Grass Median","None",NA,"At","NULL","CLARENDON AVENUE","NULL","","NULL",55,25,0,0,"No","","399",NA,NA,NA,"DVRPC",0,"Pain",8238515,40.1797173,-74.6639424
7423505,"2008110308-48581","08-48581",2008,"MERCER","Hamilton Twp (Mercer Co)","11/7/2008 0:00","Friday","November","12/31/1899 8:27","1","HAMILTON TOWNSHIP","",0,0,1,0,0,"Injury","At Intersection","No","No","Pedalcyclist",1,"MERCER COUNTY 652","NULL",652,"","11000652",0.13,"Municipal","Straight and Level","Blacktop","Dry","Daylight","Clear","None","None",NA,"At","NULL","CR 535","NULL","","NULL",35,25,40.23583,-74.6903,"No","","381",438997.14,510877.8,NA,"DVRPC",0,"Pain",8263312,40.22771,-74.6692043
7423521,"2008110308-48816","08-48816",2008,"MERCER","Hamilton Twp (Mercer Co)","11/8/2008 0:00","Saturday","November","12/31/1899 15:21","1","HAMILTON TWP PD (MERCER)","",0,0,2,0,0,"Injury","At Intersection","No","No","Pedalcyclist",1,"ROUTE 524","East",524,"","524",1.4,"County","Straight and Grade","Blacktop","Wet","Daylight","Clear","Curbed Median","None",NA,"At","NULL","SUNNY BRAE BLVD","NULL","","NULL",35,25,40.18473,-74.67949,"No","","322",441978.62,492256.45,NA,"DVRPC",0,"Pain",9008904,40.184879,-74.6795602
7423829,"2008110308-54979","08-54979",2008,"MERCER","Hamilton Twp (Mercer Co)","12/19/2008 0:00","Friday","December","12/31/1899 17:14","1","HAMILTON TOWNSHIP","",0,0,1,0,0,"Injury","Not At Intersection","No","No","Pedalcyclist",1,"SUNNYBRAE BLVD","NULL",NA,"","11031991",0.03,"Municipal","Straight and Grade","Blacktop","Wet","Dark (Street Lights On/ continuous)","Rain","Curbed Median","None",150,"Foot","North","US 206","NULL","","NULL",25,35,40.18519,-74.67918,"No","","364",442063.69,492422.9,NA,"DVRPC",0,"Pain",8291344,40.1887759,-74.6715203
7423927,"2008110308-56504","08-56504",2008,"MERCER","Hamilton Twp (Mercer Co)","12/30/2008 0:00","Tuesday","December","12/31/1899 16:22","1","HAMILTON TOWNSHIP","",0,0,0,0,0,"Property Damage","Not At Intersection","No","No","Pedalcyclist",1,"KLOCKNER RD","East",NA,"","11031976",3.82,"Municipal","Straight and Level","Blacktop","Dry","Daylight","Clear","None","None",25,"Foot","East","WHITEHORSE HAMILTON SQ RD","NULL","","NULL",40,40,40.2191,-74.67295,"No","","322",443830.729093,504773.9231,NA,"DVRPC",0,"PDO",8297873,40.2191507,-74.6730046
7424195,"200811030841766","841766",2008,"MERCER","Hamilton Twp (Mercer Co)","9/23/2008 0:00","Tuesday","September","12/31/1899 6:10","1","HAMILTON","",0,0,1,0,0,"Injury","At Intersection","No","No","Pedalcyclist",1,"MERCER COUNTY 618","NULL",618,"","11000618",1.68,"County","Straight and Level","Blacktop","Dry","Dark (Street Lights On/ continuous)","Clear","None","None",NA,"At","NULL","ABERFOYLE DRIVE","NULL","","NULL",35,25,40.22856,-74.65813,"No","","304",447975.256406,508209.252335,NA,"DVRPC",0,"Moderate Injury",8207781,40.22771,-74.6692043
7425060,"20081106HT2008-009393","HT2008-009393",2008,"MERCER","Hopewell Twp (Mercer Co)","4/20/2008 0:00","Sunday","April","12/31/1899 15:43","1","HOPEWELL","53 ZONE",0,0,1,0,0,"Injury","At Intersection","No","No","Pedalcyclist",1,"ROUTE 579","South",579,"","579",6.51,"County","Straight and Level","Blacktop","Dry","Daylight","Clear","None","None",NA,"At","West","CHURCH RD","NULL","","NULL",45,35,40.3189,-74.85271,"No","","29",393777.832639,541276.553917,NA,"DVRPC",0,"Moderate Injury",8083786,40.3187331,-74.8526924
7425336,"20081106HT2008-023273","HT2008-023273",2008,"MERCER","Hopewell Twp (Mercer Co)","10/13/2008 0:00","Monday","October","12/31/1899 15:24","1","HOPEWELL","51 NORTH",0,0,1,0,0,"Injury","At Intersection","No","No","Pedalcyclist",1,"MERCER COUNTY 624","East",624,"","11000624",1.98,"County","Straight and Level","Blacktop","Dry","Daylight","Clear","None","None",NA,"At","NULL","OLD MILL ROAD","NULL","","NULL",45,30,40.3469,-74.76348,"No","","35",418688.21,551390.03,NA,"DVRPC",0,"Pain",8223886,40.3273609,-74.8016543
7425732,"2008110708-013743","08-013743",2008,"MERCER","Lawrence Twp (Mercer Co)","3/25/2008 0:00","Tuesday","March","12/31/1899 13:59","1","LAWRENCE TWP.","",0,0,1,0,0,"Injury","Not At Intersection","No","No","Pedalcyclist",1,"ROUTE 583","North",583,"","583",1.1,"Municipal","Straight and Level","Blacktop","Dry","Daylight","Clear","Painted Median","None",50,"Foot","North","LAWRENCE ROAD","NULL","","NULL",25,35,40.25026,-74.74201,"No","","206",424577.375795,516168.438383,NA,"DVRPC",0,"Pain",8093491,40.3065005,-74.6965303
7425859,"2008110708-20334-AC","08-20334-AC",2008,"MERCER","Lawrence Twp (Mercer Co)","5/15/2008 0:00","Thursday","May","12/31/1899 8:17","1","LAWRENCE TOWNSHIP","",0,0,1,0,0,"Injury","At Intersection","No","No","Pedalcyclist",1,"ROUTE 569","West",569,"","569",4.12,"County","Straight and Level","Blacktop","Dry","Daylight","Clear","None","None",NA,"At","NULL","CR 604","NULL","","NULL",45,45,40.33813,-74.72168,"No","","146",430331.57,548162.22,NA,"DVRPC",0,"Moderate Injury",8156086,40.3381375,-74.7216084
7425891,"2008110708-21942-AC","08-21942-AC",2008,"MERCER","Lawrence Twp (Mercer Co)","5/24/2008 0:00","Saturday","May","12/31/1899 19:31","1","LAWRENCE TOWNSHIP","",0,0,1,0,0,"Injury","Not At Intersection","No","No","Pedalcyclist",1,"2066 BRUNSWICK PIKE","NULL",NA,"","",NA,"Private Property","Straight at Hillcrest","Blacktop","Dry","Daylight","Clear","Curbed Median","None",NA,"NULL","NULL","","NULL","","NULL",35,NA,0,0,"No","","213",NA,NA,NA,"DVRPC",0,"Pain",8151490,40.2561257,-74.7289639
7426118,"2008110708-34561-AC","08-34561-AC",2008,"MERCER","Lawrence Twp (Mercer Co)","8/22/2008 0:00","Friday","August","12/31/1899 11:23","1","LAWRENCE TOWNSHIP","",0,0,1,0,0,"Injury","Not At Intersection","No","No","Pedalcyclist",1,"LAKE DR","West",NA,"","",NA,"Municipal","Straight and Level","Blacktop","Dry","Daylight","Clear","None","None",4,"Foot","East","BRUNSWICK PIKE","NULL","","NULL",25,55,0,0,"No","","193",NA,NA,NA,"DVRPC",0,"Moderate Injury",8190764,40.256088,-74.7290088
7426765,"2008110808-1310","08-1310",2008,"MERCER","Pennington Borough","5/24/2008 0:00","Saturday","May","12/31/1899 13:00","1","BORO OF PENNINGTON","PENNINGTON",0,0,1,0,0,"Injury","At Intersection","No","No","Pedalcyclist",1,"E DELAWARE AVE","West",NA,"","11081007",NA,"Municipal","Straight and Level","Blacktop","Dry","Daylight","Clear","None","None",NA,"At","NULL","KING GEORGE ROAD","NULL","","NULL",25,25,0,0,"No","","705",NA,NA,NA,"DVRPC",0,"Pain",8144174,40.3313837,-74.7776373
7426804,"20081108082794","82794",2008,"MERCER","Pennington Borough","10/23/2008 0:00","Thursday","October","12/31/1899 7:38","1","PENNINGTON","",0,0,1,0,0,"Injury","Not At Intersection","No","No","Pedalcyclist",1,"MERCER COUNTY 623","West",623,"","11000623",2.86,"County","Straight and Level","Blacktop","Dry","Daylight","Clear","None","None",50,"Foot","West","RT 31","NULL","","NULL",25,NA,40.33192,-74.79854,"No","","709",408899.77,545963.73,NA,"DVRPC",0,"Pain",8238943,40.3319528,-74.7983471
7426853,"2008110908-15134","08-15134",2008,"MERCER","Princeton Borough","8/26/2008 0:00","Tuesday","August","12/31/1899 11:56","1","PRINCETON BOROUGH","",0,0,1,0,0,"Injury","At Intersection","No","No","Pedalcyclist",1,"WIGGINS STREET","NULL",NA,"","11091086",1.12,"Municipal","Straight and Level","Blacktop","Dry","Daylight","Clear","None","None",NA,"At","NULL","JEFFERSON ROAD","NULL","","NULL",25,25,0,0,"No","","144",448489.691901,553716.935588,NA,"DVRPC",0,"Moderate Injury",8180251,40.3534595,-74.6566398
7426865,"2008110908-16579","08-16579",2008,"MERCER","Princeton Borough","9/18/2008 0:00","Thursday","September","12/31/1899 16:55","1","PRINCETON BOROUGH","",0,0,1,0,0,"Injury","At Intersection","No","No","Pedalcyclist",1,"PAUL ROBESON PL","NULL",NA,"","11091086",0.73,"Municipal","Curve and Level","Blacktop","Dry","Daylight","Clear","None","None",NA,"At","NULL","CHAMBERS STREET","NULL","","NULL",25,25,0,0,"No","","129",446569.949883,553075.379966,NA,"DVRPC",0,"Moderate Injury",8209940,40.35171,-74.6633193
7426866,"2008110908-1668","08-1668",2008,"MERCER","Princeton Borough","1/24/2008 0:00","Thursday","January","12/31/1899 17:07","1","PRINCETON BOROUGH","",0,0,1,0,0,"Injury","Not At Intersection","No","No","Pedalcyclist",1,"WIGGINS STREET","NULL",NA,"","11091086",0.958,"Municipal","Straight and Level","Blacktop","Dry","Dusk","Clear","None","None",10,"Foot","West","TULANE STREET","NULL","","NULL",25,25,0,0,"No","NONE","126",447720.884937,553342.775903,NA,"DVRPC",0,"Moderate Injury",8014135,40.3524714,-74.659352
7426879,"2008110908-18075","08-18075",2008,"MERCER","Princeton Borough","10/16/2008 0:00","Thursday","October","12/31/1899 7:40","1","PRINCETON BOROUGH","",0,0,0,0,0,"Property Damage","At Intersection","No","No","Pedalcyclist",1,"SPRUCE STREET","NULL",NA,"","11091037",NA,"Municipal","Straight and Grade","Blacktop","Dry","Daylight","Clear","None","None",NA,"At","NULL","CHESTNUT STREET","NULL","","NULL",25,20,0,0,"No","","114",NA,NA,NA,"DVRPC",0,"PDO",8249543,40.3542947,-74.6530876
7426882,"2008110908-18102","08-18102",2008,"MERCER","Princeton Borough","10/16/2008 0:00","Thursday","October","12/31/1899 15:03","1","PRINCETON BOROUGH","",0,0,1,0,0,"Injury","At Intersection","No","No","Pedalcyclist",1,"US 206","NULL",206,"","206",54.38,"State Highway","Straight and Grade","Blacktop","Dry","Daylight","Clear","None","None",NA,"At","NULL","WESTCOTT ROAD","NULL","","NULL",30,25,40.35378,-74.66829,"No","","104",445224.013976,553828.266182,NA,"DVRPC",0,"Moderate Injury",8238033,40.3537435,-74.6682764
7427317,"2008111008-12512","08-12512",2008,"MERCER","Princeton Township","7/23/2008 0:00","Wednesday","July","12/31/1899 9:25","1","PRINCETON TOWNSHIP","",0,0,1,0,1,"Injury","At Intersection","No","No","Pedalcyclist",1,"HARRISON STREET","NULL",NA,"","11101147",NA,"Municipal","Straight and Level","Blacktop","Dry","Daylight","Clear","Curbed Median","None",NA,"At","NULL","TERHUNE ROAD","NULL","","NULL",30,30,0,0,"No","","97",NA,NA,NA,"DVRPC",1,"Moderate Injury",8167042,40.36586,-74.6542581
7427356,"2008111008-14687","08-14687",2008,"MERCER","Princeton Township","8/28/2008 0:00","Thursday","August","12/31/1899 12:13","1","PRINCETON TOWNSHIP","",0,0,1,0,0,"Injury","Not At Intersection","No","No","Pedalcyclist",1,"BUNN DRIVE","NULL",NA,"","11101117",0.076,"Municipal","Curve and Grade","Blacktop","Dry","Daylight","Clear","None","None",400,"Foot","North","NORTH HARRISON STREET","NULL","","NULL",35,30,0,0,"No","","241",448599.832554,559384.740038,NA,"DVRPC",0,"Pain",8186743,40.3680637,-74.6562996
7427393,"2008111008-15971","08-15971",2008,"MERCER","Princeton Township","9/18/2008 0:00","Thursday","September","12/31/1899 15:24","1","PRINCETON TOWNSHIP","",0,1,1,0,0,"Injury","Not At Intersection","No","No","Pedalcyclist",1,"FRANKLIN AVENUE","NULL",NA,"","11101152",0.508,"Municipal","Straight and Level","Blacktop","Dry","Daylight","Clear","None","None",203,"Foot","North","TEE-AR PLACE","NULL","","NULL",25,25,0,0,"No","","97",449737.114885,555576.238329,NA,"DVRPC",0,"Incapacitating Injury",8219275,40.3595493,-74.648195
7427633,"2008111008-559","08-559",2008,"MERCER","Princeton Township","1/11/2008 0:00","Friday","January","12/31/1899 8:46","1","PRINCETON TOWNSHIP","",0,0,1,0,0,"Injury","At Intersection","No","No","Pedalcyclist",1,"MERCER COUNTY 629","NULL",629,"","11000629",0.03,"County","Straight and Level","Blacktop","Dry","Daylight","Overcast","None","None",NA,"At","NULL","WESTERN WAY","NULL","","NULL",25,25,40.35025,-74.64268,"No","NONE","241",452358.583635,552532.401367,NA,"DVRPC",0,"Moderate Injury",8002900,40.3500769,-74.642562
7427675,"2008111008-7275","Aug-75",2008,"MERCER","Princeton Township","4/30/2008 0:00","Wednesday","April","12/31/1899 17:29","1","PRINCETON TOWNSHIP","",0,0,1,0,0,"Injury","At Intersection","No","No","Pedalcyclist",1,"NJ 27","NULL",27,"","27",1.43,"State Highway","Straight and Level","Blacktop","Dry","Daylight","Clear","None","None",NA,"At","NULL","RIVERSIDE DRIVE","NULL","","NULL",35,25,40.35652,-74.63949,"No","","196",453252.734946,554815.251236,NA,"DVRPC",0,"Pain",8080351,40.3565395,-74.6394514
7427689,"2008111008-7705","Aug-05",2008,"MERCER","Princeton Township","5/7/2008 0:00","Wednesday","May","12/31/1899 16:44","1","PRINCETON TOWNSHIP","",0,1,1,0,0,"Injury","Not At Intersection","No","No","Pedalcyclist",1,"ROUTE 571","NULL",571,"","571",43.5,"County","Straight and Grade","Blacktop","Dry","Daylight","Clear","None","None",100,"Foot","South","IVY LANE","NULL","","NULL",25,25,40.34347,-74.6517,"No","NONE","181",449840.692326,550066.026744,NA,"DVRPC",0,"Incapacitating Injury",8110125,40.3462676,-74.6538532
7427693,"2008111008-7753","Aug-53",2008,"MERCER","Princeton Township","5/8/2008 0:00","Thursday","May","12/31/1899 17:41","1","PRINCETON TOWNSHIP","",0,0,1,0,0,"Injury","At Intersection","No","No","Pedalcyclist",1,"NORTH HARRISON ST","NULL",NA,"","11101147",NA,"Municipal","Straight and Level","Blacktop","Dry","Daylight","Clear","Curbed Median","None",NA,"At","NULL","TERHUNE ROAD","NULL","","NULL",30,30,0,0,"No","","241",NA,NA,NA,"DVRPC",0,"Pain",8156129,40.36586,-74.6542581
7427729,"2008111008-9036","Aug-36",2008,"MERCER","Princeton Township","5/29/2008 0:00","Thursday","May","12/31/1899 15:28","1","PRINCETON TOWNSHIP","",0,0,1,0,0,"Injury","Not At Intersection","No","No","Pedalcyclist",1,"HARTLEY AVENUE","NULL",NA,"","11101065",0.002,"Municipal","Straight and Level","Blacktop","Dry","Daylight","Clear","None","None",10,"Foot","West","SOUTH HARRISON SREET","NULL","","NULL",25,25,0,0,"No","","252",453209.927709,551080.610042,NA,"DVRPC",0,"Moderate Injury",8141680,40.3462597,-74.6396549
7427757,"200811102008-8297","2008-8297",2008,"MERCER","Princeton Township","5/16/2008 0:00","Friday","May","12/31/1899 15:23","1","PRINCETON TOWNSHIP","",0,0,1,0,0,"Injury","At Intersection","No","No","Pedalcyclist",1,"EWING STREET","NULL",NA,"","11101135",NA,"Municipal","Straight and Level","Blacktop","Wet","Daylight","Rain","None","None",NA,"At","NULL","GUYOT AVENUE","NULL","","NULL",25,25,0,0,"No","NONE","173",NA,NA,NA,"DVRPC",0,"Pain",8110123,40.3620517,-74.6530819