"ID","DOT_WEB_ID","CASE_NUMBER","CRASH_YEAR","COUNTY","MUNICIPALITY","CRASH_DATE","CRASH_DAY_OF_WEEK","CRASH_MONTH","CRASH_TIME","POLICE_DEPT_CODE","POLICE_DEPARTMENT","POLICE_STATION","TOTAL_KILLED","TOTAL_INCAPACITATED","TOTAL_INJURED","PEDESTRIANS_KILLED","PEDESTRIANS_INJURED","SEVERITY","INTERSECTION","ALCOHOL_INVOLVED","HAZMAT_INVOLVED","CRASH_TYPE","TOTAL_VEHICLES_INVOLVED","CRASH_LOCATION","LOCATION_DIRECTION","ROUTE","ROUTE_SUFFIX","SRI","MILEPOST","ROAD_SYSTEM","ROAD_CHARACTER","ROAD_SURFACE_TYPE","SURFACE_CONDITION","LIGHT_CONDITION","ENVIRONMENTAL_CONDITION","ROAD_DIVIDED_BY","TEMP_TRAFFIC_CONTROL_ZONE","DISTANCE_TO_CROSS_STREET","UNIT_OF_MEASUREMENT","DIRECTION_FROM_CROSS_STREET","CROSS_STREET_NAME","IS_RAMP","RAMP_TO_FROM_ROUTE_NAME","RAMP_TO_FROM_ROUTE_DIRECTION","POSTED_SPEED","POSTED_SPEED_CROSS_STREET","LATITUDE","LONGITUDE","CELL_PHONE_IN_USE","OTHER_PROPERTY_DAMAGE","REPORTING_BADGE_NO","X","Y","CRASH_NARRATIVE","MPO","TOTAL_PEDESTRIANS_INVOLVED","EPDO","DLN","LatitudeGeocoded","LongitudeGeocoded"
7427779,"20081111001-07000073","001-07000073",2008,"MERCER","Trenton City","1/1/2008 0:00","Tuesday","January","12/31/1899 1:57","1","CITY OF TRENTON","PATROL/EAST",0,0,1,0,0,"Injury","At Intersection","No","No","Pedalcyclist",1,"MERCER COUNTY 606","NULL",606,"","11000606",0.67,"County","Straight and Level","Blacktop","Wet","Dark (No Street Lights)","Clear","None","None",NA,"At","NULL","HANFORD PL","NULL","","NULL",25,NA,40.21598,-74.74699,"No","NONE","***",423146.24,503684.43,NA,"DVRPC",0,"Pain",8008771,40.215978,-74.747011
7428341,"2.00811110630804E+018","6308043873",2008,"MERCER","Trenton City","3/3/2008 0:00","Monday","March","12/31/1899 14:10","1","TRENTON","PATROL SOUTH",0,0,1,0,1,"Injury","At Intersection","No","No","Pedalcyclist",1,"S CLINTON AVE","NULL",NA,"","11031969",3.55,"Municipal","Straight and Level","Blacktop","Dry","Daylight","Clear","None","None",NA,"At","NULL","ROEBLING MARKET ENTRANCE","NULL","","NULL",25,5,40.21895,-74.75502,"No","V-1 WAS ISSUED SUMMONS QQ942601 CARELESS DRIVING 39:4-97","517",420912.92867,504774.902029,NA,"DVRPC",1,"Pain",8037854,40.210255,-74.7543655
7428406,"20081111070-08048249","070-08048249",2008,"MERCER","Trenton City","3/10/2008 0:00","Monday","March","12/31/1899 7:56","1","TRENTON P.D.","PATROL WEST",0,0,1,0,0,"Injury","Not At Intersection","No","No","Pedalcyclist",1,"PERRY ST","NULL",NA,"","11111556",NA,"Municipal","Straight and Level","Blacktop","Dry","Daylight","Clear","None","NULL",50,"Foot","NULL","PERRY","NULL","","NULL",25,NA,0,0,"No","NONE","***",NA,NA,NA,"DVRPC",0,"Pain",8055741,40.277282,-74.84943
7428563,"2008111108187400","8187408",2008,"MERCER","Trenton City","10/4/2008 0:00","Saturday","October","12/31/1899 9:35","1","TRENTON","PATROL/EAST",0,0,0,0,0,"Property Damage","At Intersection","No","No","Pedalcyclist",1,"FRANKLIN ST","NULL",NA,"","11111161",NA,"Municipal","Straight and Level","Blacktop","Dry","Daylight","Clear","None","None",NA,"At","NULL","EAST HOWELL STREET","NULL","","NULL",25,NA,0,0,"No","","370",NA,NA,NA,"DVRPC",0,"PDO",8210015,40.205393,-74.735345
7428888,"20081111117-08080978","117-08080978",2008,"MERCER","Trenton City","4/26/2008 0:00","Saturday","April","12/31/1899 14:29","1","TRENTON N.J.","225 N. CLINTON?",0,0,1,0,0,"Injury","At Intersection","No","No","Pedalcyclist",1,"COOLIDGE AVENUE","NULL",NA,"","11111341",0.04,"Municipal","Straight and Level","Blacktop","Wet","Daylight","Clear","None","None",NA,"At","NULL","OLIVER AVE.","NULL","","NULL",25,NA,0,0,"No","","***",415306.000949,511647.235939,NA,"DVRPC",0,"Pain",8104312,40.237726,-74.775286
7428999,"20081111127-08087763","127-08087763",2008,"MERCER","Trenton City","5/6/2008 0:00","Tuesday","May","12/31/1899 12:05","1","TRENTON","TRENTON",0,0,0,0,0,"Property Damage","Not At Intersection","Yes","No","Pedalcyclist",1,"E STATE ST","NULL",NA,"","11111547",0.16,"Municipal","Straight and Level","Blacktop","Dry","Daylight","Clear","None","None",250,"Foot","East","STOCKTON STREET","NULL","","NULL",25,25,40.22069,-74.75885,"No","","499",419845.370829,505409.22576,NA,"DVRPC",1,"PDO",8157489,40.2205824,-74.759717
7429213,"20081111148-08101796","148-08101796",2008,"MERCER","Trenton City","5/27/2008 0:00","Tuesday","May","12/31/1899 8:25","","TRENTON","EAST",0,0,1,0,0,"Injury","At Intersection","No","No","Pedalcyclist",1,"NJ 33","NULL",33,"","33",0.11,"State Highway","Straight and Level","Blacktop","Wet","Daylight","Rain","None","None",NA,"At","NULL","CR 626","NULL","","NULL",25,25,40.21751,-74.75574,"No","","178",420709.950202,504250.073676,NA,"DVRPC",0,"Pain",8153247,40.2199196,-74.7450688
7429237,"20081111151-08103834","151-08103834",2008,"MERCER","Trenton City","5/30/2008 0:00","Friday","May","12/31/1899 8:41","1","TRENTON","WEST PATROL",0,0,1,0,0,"Injury","Not At Intersection","No","No","Pedalcyclist",1,"OAKLAND STREET","NULL",NA,"","11111565",0.48,"Municipal","Straight and Level","Blacktop","Dry","Daylight","Clear","None","None",200,"Foot","NULL","HOFFMAN AVE","NULL","","NULL",NA,NA,0,0,"No","BICYCLE","350",414286.805319,511403.669892,NA,"DVRPC",0,"Moderate Injury",8102135,40.237075,-74.778799
7429256,"2.0081111152081E+018","15208104894",2008,"MERCER","Trenton City","5/31/2008 0:00","Saturday","May","12/31/1899 21:55","","TRENTON","EAST",0,0,1,0,0,"Injury","At Intersection","No","No","Pedalcyclist",1,"ANDERSON STREET","West",NA,"","11111159",0.72,"Municipal","Straight and Level","Blacktop","Dry","Dark (Street Lights On/ continuous)","Clear","None","None",NA,"At","NULL","KENT","NULL","","NULL",25,25,0,0,"No","","***",423991.216567,503113.465388,NA,"DVRPC",0,"Pain",8102116,40.214258,-74.743908
7429332,"20081111161-08110401","161-08110401",2008,"MERCER","Trenton City","6/9/2008 0:00","Monday","June","12/31/1899 18:00","1","TRENTON","WEST",0,0,0,0,0,"Property Damage","At Intersection","No","No","Pedalcyclist",1,"PROSPECT ST","NULL",NA,"","11111562",0.42,"Municipal","Curve and Level","Blacktop","Dry","Daylight","Clear","None","None",NA,"At","NULL","STUYVESANT","NULL","","NULL",25,25,40.23087,-74.77421,"No","","233",415566.128762,509130.759635,NA,"DVRPC",0,"PDO",8118337,40.2307334,-74.7742792
7429361,"20081111164-08112364","164-08112364",2008,"MERCER","Trenton City","6/12/2008 0:00","Thursday","June","12/31/1899 16:46","1","CITY OF TRENTON","EAST",0,0,0,0,0,"Property Damage","At Intersection","No","No","Pedalcyclist",1,"MERCER COUNTY 606","West",606,"","11000606",0.8,"County","Straight and Level","Blacktop","Dry","Daylight","Clear","None","None",NA,"At","NULL","ANDERSON ST","NULL","","NULL",25,25,40.21659,-74.74464,"No","NONE","***",423807.333538,503905.384368,NA,"DVRPC",1,"PDO",8154849,40.2086695,-74.741889
7429384,"2.00811111650811E+018","16508113033",2008,"MERCER","Trenton City","6/12/2008 0:00","Thursday","June","12/31/1899 17:35","1","TRENTON","EAST",0,0,1,0,0,"Injury","At Intersection","No","No","Pedalcyclist",1,"CHESTNUT AVE","North",NA,"","11111537",0.79,"Municipal","Straight and Level","Blacktop","Dry","Daylight","Clear","None","None",NA,"At","NULL","ROEBLING AVENUE","NULL","","NULL",25,25,40.21086,-74.7464,"No","","***",423309.916144,501818.236002,NA,"DVRPC",0,"Pain",8154646,40.210934,-74.74643
7429394,"20081111166-08113804","166-08113804",2008,"MERCER","Trenton City","6/14/2008 0:00","Saturday","June","12/31/1899 21:15","","TRENTON","EAST PRECINCT",0,0,1,0,0,"Injury","At Intersection","No","No","Pedalcyclist",1,"MERCER COUNTY 606","NULL",606,"","11000606",1.47,"County","Straight and Level","Blacktop","Wet","Dark (Street Lights On/ continuous)","Rain","Painted Median","None",NA,"At","NULL","CR 622","NULL","","NULL",25,25,40.21976,-74.73259,"No","","***",427177.123246,505052.277287,NA,"DVRPC",0,"Pain",8115274,40.21971,-74.732807
7429404,"20081111167-08114113","167-08114113",2008,"MERCER","Trenton City","6/15/2008 0:00","Sunday","June","12/31/1899 10:05","1","TRENTON","NORTH",0,0,1,0,0,"Injury","Not At Intersection","No","No","Pedalcyclist",1,"SPRING STREET","West",NA,"","11111377",0.424,"Municipal","Straight and Level","Blacktop","Dry","Daylight","Clear","None","None",600,"Foot","East","CR 653","NULL","","NULL",25,25,0,0,"No","","464",416526.358807,506651.018793,NA,"DVRPC",0,"Pain",8154663,40.224792,-74.77266
7429418,"2.00811111680814E+018","16808144966",2008,"MERCER","Trenton City","6/16/2008 0:00","Monday","June","12/31/1899 19:41","1","TRENTON P.D.","PATROL-W.",0,0,1,0,0,"Injury","At Intersection","No","No","Pedalcyclist",1,"PASSAIC STREET","NULL",NA,"","",NA,"Municipal","Straight and Level","Concrete","Dry","Dusk","Overcast","None","None",NA,"At","NULL","CASPER ALLEY","NULL","","NULL",25,15,0,0,"No","","630",NA,NA,NA,"DVRPC",0,"Pain",8115252,40.2243271,-74.7737671
7429592,"20081111185-08125940","185-08125940",2008,"MERCER","Trenton City","7/3/2008 0:00","Thursday","July","12/31/1899 21:58","1","TRENTON","PATROL",0,0,0,0,0,"Property Damage","At Intersection","No","No","Pedalcyclist",1,"CASS ST","NULL",NA,"","11111527",0.04,"Municipal","Straight and Level","Blacktop","Dry","Dark (Street Lights On/ continuous)","Clear","None","None",NA,"At","NULL","LAMBERTON","NULL","","NULL",25,25,0,0,"No","","656",419394.049839,499697.969989,NA,"DVRPC",0,"PDO",8142077,40.2051337,-74.7595417
7429678,"20081111200-08-136118","200-08-136118",2008,"MERCER","Trenton City","7/18/2008 0:00","Friday","July","12/31/1899 17:41","1","TRENTON","EAST",0,0,0,0,0,"Property Damage","At Intersection","No","No","Pedalcyclist",1,"LIBERTY ST","West",NA,"","11112004",0.5,"Municipal","Straight and Level","Blacktop","Dry","Daylight","Clear","Painted Median","None",NA,"At","NULL","SOUTH CLINTON AVENUE","NULL","","NULL",25,25,40.20521,-74.74145,"No","","657",424686.74,499757.87,NA,"DVRPC",0,"PDO",8167624,40.2052094,-74.7414517
7429747,"2.00811112070814E+018","20708140935",2008,"MERCER","Trenton City","7/25/2008 0:00","Friday","July","12/31/1899 18:08","1","TRENTON P.D","PATROL",0,0,1,0,0,"Injury","Not At Intersection","No","No","Pedalcyclist",1,"S CLINTON AVE","NULL",NA,"","11031969",3.43,"Municipal","Straight and Level","Blacktop","Dry","Daylight","Clear","Curbed Median","Construction Zone",250,"Foot","South","RAUL WAILENBERG","NULL","","NULL",25,NA,40.21723,-74.75471,"No","","341",420997.36923,504147.62035,NA,"DVRPC",0,"Moderate Injury",8162724,40.2189119,-74.7550056
7429809,"20081111216-08146987","216-08146987",2008,"MERCER","Trenton City","8/3/2008 0:00","Sunday","August","12/31/1899 16:40","1","CITY OF TRENTON","EAST/PARTROL",0,0,0,0,0,"Property Damage","At Intersection","No","No","Pedalcyclist",1,"GLADSTONE AVE","NULL",NA,"","11111089",0.02,"Municipal","Straight and Level","Blacktop","Dry","Daylight","Clear","None","None",NA,"At","NULL","SCHUYLER ALLEY","NULL","","NULL",25,25,0,0,"No","","682",425392.650046,505484.989911,NA,"DVRPC",0,"PDO",8173312,40.223087,-74.735309
7429814,"20081111217-08147727","217-08147727",2008,"MERCER","Trenton City","8/4/2008 0:00","Monday","August","12/31/1899 20:07","","TRENTON","PATROL",0,0,0,0,0,"Property Damage","At Intersection","No","No","Pedalcyclist",1,"DEXTER ST","NULL",NA,"","11111037",0.26,"Municipal","Straight and Level","Blacktop","Dry","Daylight","Clear","None","None",NA,"At","East","EAST PAUL AVENUE","NULL","","NULL",25,25,0,0,"No","","626",420671.69,510375.909919,NA,"DVRPC",0,"PDO",8164708,40.2343119,-74.7559434
7429901,"20081111229-08155391","229-08155391",2008,"MERCER","Trenton City","8/16/2008 0:00","Saturday","August","12/31/1899 0:50","1","TRENTON","SOUTH PATROL",0,0,1,0,0,"Injury","Not At Intersection","Yes","No","Pedalcyclist",1,"US 206","South",206,"","206",44.5,"State Highway","Straight and Level","Blacktop","Dry","Dark (Street Lights On/ continuous)","Clear","Painted Median","None",50,"Foot","South","FURMAN STREET","NULL","","NULL",25,25,40.23954,-74.7493,"No","","635",422529.874911,512268.316177,NA,"DVRPC",0,"Pain",8164177,40.210508,-74.756585
7429959,"20081111240-08163072","240-08163072",2008,"MERCER","Trenton City","8/27/2008 0:00","Wednesday","August","12/31/1899 20:04","1","TRENTON","EAST",0,0,1,0,0,"Injury","Not At Intersection","No","No","Pedalcyclist",1,"CLEVELAND AVE","NULL",NA,"","",NA,"Municipal","Straight and Level","Blacktop","Dry","Dark (Street Lights On/ continuous)","Clear","None","None",NA,"NULL","South","WILMAR ALLEY","NULL","","NULL",25,15,0,0,"No","","***",NA,NA,NA,"DVRPC",0,"Pain",8199732,40.227542,-74.73728
7429996,"20081111246-08167197","246-08167197",2008,"MERCER","Trenton City","9/2/2008 0:00","Tuesday","September","12/31/1899 20:09","1","TRENTON","PATROL/SOUTH",0,0,1,0,0,"Injury","At Intersection","No","No","Pedalcyclist",1,"SECOND ST","North",NA,"","11111529",0.58,"Municipal","Straight and Level","Blacktop","Dry","Dark (Street Lights On/ continuous)","Clear","None","None",NA,"At","NULL","SCHENCK STREET","NULL","","NULL",25,25,40.2043,-74.75666,"No","","***",420440.096411,499436.74366,NA,"DVRPC",0,"Moderate Injury",8199924,40.2042338,-74.7566245
7430103,"20081111260-08176340","260-08176340",2008,"MERCER","Trenton City","9/16/2008 0:00","Tuesday","September","12/31/1899 18:18","","TRENTON PD","TRENTON",0,0,1,0,0,"Injury","Not At Intersection","No","No","Pedalcyclist",1,"MARKET STREET","NULL",NA,"","11111526",0.66,"Municipal","Straight and Level","Blacktop","Dry","Daylight","Clear","Painted Median","None",60,"Foot","East","SOUTH BROAD STREET","NULL","","NULL",25,25,40.21791,-74.75753,"No","","652",420209.64,504397.92,NA,"DVRPC",0,"Moderate Injury",8201166,40.2157635,-74.7620464
7430113,"20081111266-08179889","266-08179889",2008,"MERCER","Trenton City","9/22/2008 0:00","Monday","September","12/31/1899 11:57","","TRENTON POLICE DEPT.","PATROL",0,0,0,0,0,"Property Damage","Not At Intersection","No","No","Pedalcyclist",1,"NEW YORK AVE","NULL",NA,"","11111545",0.3,"Municipal","Straight and Level","Blacktop","Dry","Daylight","Clear","None","None",NA,"NULL","South","CR 622","NULL","","NULL",25,25,40.2364,-74.74738,"No","","***",423062.74,511124.03,NA,"DVRPC",0,"PDO",8204872,40.2364269,-74.7473647
7430176,"20081111272-08183949","272-08183949",2008,"MERCER","Trenton City","9/27/2008 0:00","Saturday","September","12/31/1899 19:00","1","TRENTON","SOUTH",0,0,1,0,0,"Injury","At Intersection","No","No","Pedalcyclist",1,"LIVINGSTON STREET","NULL",NA,"","11111331",0,"Municipal","Straight and Grade","Concrete","Dry","Dark (Street LIghts On/ spot)","Clear","None","Maintenance Zone",NA,"At","NULL","US 206","NULL","","NULL",25,NA,40.21694,-74.76327,"No","","***",418607.52,504047.97,NA,"DVRPC",0,"Pain",8207643,40.2169123,-74.7632644
7430201,"2.00811112760818E+018","27608186952",2008,"MERCER","Trenton City","10/3/2008 0:00","Friday","October","","","TRENTON","PATROL",0,0,0,0,0,"Property Damage","Not At Intersection","No","No","Pedalcyclist",1,"COURTLAND ST","NULL",NA,"","11111004",0.324,"Municipal","Straight and Level","Blacktop","Dry","Daylight","Clear","None","None",75,"Foot","East","GIRARD AVENUE","NULL","","NULL",25,25,0,0,"No","","***",424030.522066,510967.774617,NA,"DVRPC",0,"PDO",8210028,40.23589,-74.744091
7430261,"2.00811112850819E+018","28508191827",2008,"MERCER","Trenton City","10/11/2008 0:00","Saturday","October","12/31/1899 16:04","1","TRENTON","PATROL EAST",0,0,0,0,0,"Property Damage","At Intersection","No","No","Pedalcyclist",1,"WASHINGTON","NULL",NA,"","11111169",0.645,"Municipal","Straight and Level","Blacktop","Dry","Daylight","Clear","None","None",NA,"At","East","CR 606","NULL","","NULL",25,25,0,0,"Yes","","***",NA,NA,NA,"DVRPC",0,"PDO",8225540,40.2165787,-74.7446756
7430291,"20081111294-08197252","294-08197252",2008,"MERCER","Trenton City","10/20/2008 0:00","Monday","October","","1","TRENTON","SOUTH PATROL",0,0,1,0,0,"Injury","At Intersection","No","No","Pedalcyclist",1,"CASS ST","West",NA,"","11111527",0.26,"Municipal","Straight and Level","Blacktop","Dry","Daylight","Clear","Painted Median","None",NA,"At","NULL","THIRD STREET","NULL","","NULL",25,25,40.20575,-74.75599,"No","","***",420626.231303,499965.965751,NA,"DVRPC",0,"Moderate Injury",8225505,40.2058238,-74.7555713
7430383,"20081111311-08204735","311-08204735",2008,"MERCER","Trenton City","11/6/2008 0:00","Thursday","November","12/31/1899 10:35","1","CITY OF TRENTON","PATROL 136",0,0,1,0,0,"Injury","At Intersection","No","No","Pedalcyclist",1,"MERCER COUNTY 653","NULL",653,"","11000653",0,"County","Straight and Level","Blacktop","Wet","Daylight","Rain","None","None",NA,"At","NULL","WEST STATE STREET","NULL","","NULL",25,NA,40.2224,-74.77485,"No","","***",415379.69,506046.67,NA,"DVRPC",0,"Pain",8242275,40.2224265,-74.7749435
7430425,"20081111315-08-205025","315-08-205025",2008,"MERCER","Trenton City","11/10/2008 0:00","Monday","November","12/31/1899 10:00","1","TRENTON","PATROL",0,0,1,0,0,"Injury","At Intersection","No","No","Pedalcyclist",1,"S CLINTON AVE","NULL",NA,"","11031969",3.41,"Municipal","Straight and Level","Blacktop","Dry","Daylight","Clear","None","None",NA,"At","NULL","NJ 33","NULL","","NULL",25,25,40.21694,-74.75465,"No","","628",421013.9335,504042.620451,NA,"DVRPC",0,"Pain",8244142,40.2203119,-74.7552807
7430557,"20081111331-08206313","331-08206313",2008,"MERCER","Trenton City","11/26/2008 0:00","Wednesday","November","12/31/1899 7:43","1","TRENTON","SOUTH",0,0,1,0,0,"Injury","Not At Intersection","No","No","Pedalcyclist",1,"S STOCKTON ST","NULL",NA,"","11111549",0.489,"Municipal","Straight and Grade","Blacktop","Dry","Daylight","Clear","NULL","None",260,"Foot","North","MARKET STREET","NULL","","NULL",25,NA,0,0,"No","","***",NA,NA,NA,"DVRPC",0,"Pain",8257407,40.2172775,-74.7592327
7431085,"200811122008-007683","2008-007683",2008,"MERCER","Washington Twp  (Mercer Co)","4/18/2008 0:00","Friday","April","12/31/1899 18:16","1","ROBBINSVILLE TWP.","",0,0,0,0,0,"Property Damage","At Intersection","No","No","Pedalcyclist",1,"SHARON RD","East",NA,"","11121030",0.56,"Municipal","Straight and Level","Blacktop","Dry","Daylight","Clear","None","None",NA,"At","NULL","GORDON ROAD","NULL","","NULL",50,40,40.21338,-74.58331,"No","?","539",468858.26,502652.55,NA,"DVRPC",0,"PDO",8080950,40.2133762,-74.5833268
7431206,"200811122008-020037","2008-020037",2008,"MERCER","Washington Twp  (Mercer Co)","9/20/2008 0:00","Saturday","September","12/31/1899 8:54","1","ROBBINSVILLE TWP.","",0,0,0,0,0,"Property Damage","At Intersection","No","No","Pedalcyclist",1,"NJ 33","West",33,"","33",6.98,"State Highway","Straight and Level","Blacktop","Dry","Daylight","Clear","None","None",NA,"At","NULL","WASHINGTON BLOUEVARD","NULL","","NULL",45,35,40.22066,-74.63481,"No","","522",454477.354103,505320.227785,NA,"DVRPC",0,"PDO",8216121,40.2207046,-74.6350838
7432043,"2008111308-27756","08-27756",2008,"MERCER","West Windsor Township","10/23/2008 0:00","Thursday","October","12/31/1899 15:29","1","WEST WINDSOR TOWNSHIP","08-27756",0,0,1,0,0,"Injury","Not At Intersection","No","No","Pedalcyclist",1,"CLARKSVILLE RD","NULL",NA,"","",NA,"Mun Auth","Straight and Level","Blacktop","Dry","Daylight","Clear","None","None",NA,"NULL","NULL","WEST WINDSOR PLAINSBORO H.S. SOUTH","NULL","","NULL",NA,NA,0,0,"No","","538",NA,NA,NA,"DVRPC",0,"Moderate Injury",8236886,40.3059993,-74.6197304
7432516,"200811132008-14490","2008-14490",2008,"MERCER","West Windsor Township","5/27/2008 0:00","Tuesday","May","12/31/1899 14:52","1","WEST WINDSOR","2008-14490",0,0,1,0,0,"Injury","Not At Intersection","No","No","Pedalcyclist",1,"PARK HILL TERRACE","South",NA,"","11131080",0.512,"Municipal","Straight and Level","Blacktop","Dry","Daylight","Clear","None","None",800,"Foot","North","CANDLEWOOD DRIVE","NULL","","NULL",25,25,0,0,"No","","568",461690.140115,531106.529875,NA,"DVRPC",0,"Moderate Injury",8155146,40.292943,-74.607088
7720597,"2009110109-10046","09-10046",2009,"MERCER","East Windsor Township","7/22/2009 0:00","Wednesday","July","12/31/1899 19:01","1","EAST WINDSOR TWP PD","PATROL",0,0,1,0,0,"Injury","Not At Intersection","No","No","Pedalcyclist",1,"NJ 33","East",33,"","33",15.16,"State Highway","Straight and Level","Blacktop","Dry","Dusk","Clear","None","None",25,"Foot","East","WOODSIDE AVE","NULL","","NULL",55,25,40.26893,-74.50854,"No","","61",489741.220983,522878.555595,NA,"DVRPC",0,"Pain",9170508,40.2689232,-74.5065306
7720667,"2009110109-11699","09-11699",2009,"MERCER","East Windsor Township","8/26/2009 0:00","Wednesday","August","12/31/1899 14:42","1","EAST WINDSOR TWP PD","TRAFFIC BUREAU",0,0,1,0,0,"Injury","At Intersection","No","No","Pedalcyclist",1,"US 130","South",130,"","130",69.79,"State Highway","Straight and Level","Blacktop","Dry","Daylight","Clear","Grass Median","None",NA,"At","NULL","OLD CRANBERRY RD","NULL","","NULL",45,40,40.28646,-74.52545,"No","","72",485023.96685,529262.682001,NA,"DVRPC",0,"Pain",9185587,40.2874809,-74.5247191
7720814,"2009110109-15474","09-15474",2009,"MERCER","East Windsor Township","11/9/2009 0:00","Monday","November","12/31/1899 17:55","1","EAST WINDSOR TWP PD","UNIFORM SERVIC?",0,0,2,0,0,"Injury","Not At Intersection","No","No","Pedalcyclist",1,"36 WINDSOR REGENCY","East",NA,"","",NA,"Private Property","Straight and Level","Blacktop","Dry","Dark (Street Lights Off)","Clear","None","None",NA,"NULL","NULL","","NULL","","NULL",15,NA,0,0,"No","NONE","78",NA,NA,NA,"DVRPC",0,"Pain",9255361,40.2820947,-74.5177186
7720829,"2009110109-15870","09-15870",2009,"MERCER","East Windsor Township","11/17/2009 0:00","Tuesday","November","12/31/1899 20:53","1","EAST WINDSOR TWP PD","TRAFFIC SAFETY",0,0,1,0,0,"Injury","Not At Intersection","No","No","Pedalcyclist",1,"US 130","South",130,"","130",68.62,"State Highway","Straight and Level","Blacktop","Dry","Dark (Street Lights On/ continuous)","Clear","None","None",250,"Foot","North","ROUTE 571 / PRCTN-WRSTN RD / STOCKT","NULL","","NULL",45,45,0,0,"No","","563",481432.22,524224.55,NA,"DVRPC",0,"Pain",9268179,40.272941,-74.5380378
7720881,"2009110109-16886","09-16886",2009,"MERCER","East Windsor Township","12/9/2009 0:00","Wednesday","December","12/31/1899 15:44","1","EAST WINDSOR TWP PD","TRAFFIC SAFETY",0,0,1,0,0,"Injury","Not At Intersection","No","No","Pedalcyclist",1,"PROBASCO ROAD","South",NA,"","11011148",0.15,"Municipal","Straight and Level","Blacktop","Dry","Daylight","Clear","None","None",100,"Foot","North","DANBURY COURT","NULL","","NULL",40,25,40.27447,-74.49283,"No","","563",494124.931288,524896.148233,NA,"DVRPC",0,"Moderate Injury",9286904,40.274745,-74.4926281
7721001,"2009110109-3092","Sep-92",2009,"MERCER","East Windsor Township","3/7/2009 0:00","Saturday","March","12/31/1899 0:04","1","EAST WINDSOR TWP PD","PATROL",0,0,1,0,0,"Injury","At Intersection","No","No","Pedalcyclist",1,"NJ 33","East",33,"","33",15.52,"State Highway","Straight and Level","Blacktop","Dry","Dark (Street Lights On/ continuous)","Clear","Grass Median","None",NA,"At","NULL","MILFORD ROAD","NULL","","NULL",55,50,40.26895,-74.50231,"No","","61",491479.85,522884.64,NA,"DVRPC",0,"Pain",9044266,40.2689445,-74.503776
7721211,"2009110109-8495","Sep-95",2009,"MERCER","East Windsor Township","6/22/2009 0:00","Monday","June","12/31/1899 18:58","1","EAST WINDSOR TWP PD","TRAFFIC UNIT",0,0,0,0,0,"Property Damage","At Intersection","No","No","Pedalcyclist",2,"ROUTE 571","NULL",571,"","571",35.37,"County","Straight and Level","Blacktop","Dry","Daylight","Clear","None","None",NA,"At","NULL","US 130","NULL","","NULL",45,45,40.27297,-74.53814,"No","","551",481482.142732,524352.104332,NA,"DVRPC",0,"PDO",9126066,40.2730188,-74.5381905
7721237,"2009110109-9121","Sep-21",2009,"MERCER","East Windsor Township","7/4/2009 0:00","Saturday","July","12/31/1899 14:35","1","EAST WINDSOR TWP PD","TRAFFIC BUREAU",0,0,1,0,0,"Injury","Not At Intersection","No","No","Pedalcyclist",1,"EVANSTON DRIVE","North",NA,"","11011155",0.095,"Municipal","Straight and Level","Blacktop","Dry","Daylight","Clear","None","None",500,"Foot","North","TWIN RIVERS DR","NULL","","NULL",25,35,0,0,"No","","72",495507.213126,520396.85107,NA,"DVRPC",0,"Pain",9137842,40.2605413,-74.4881419
7721824,"20091102I-2009-009661","I-2009-009661",2009,"MERCER","Ewing Township","4/2/2009 0:00","Thursday","April","12/31/1899 17:45","1","EWING TWP PD","P2-A",0,0,1,0,0,"Injury","Not At Intersection","No","No","Pedalcyclist",1,"1675 PENNINGTON ROAD","NULL",NA,"","",NA,"Private Property","Straight and Level","Concrete","Dry","Daylight","Clear","None","None",NA,"NULL","NULL","","NULL","","NULL",NA,NA,0,0,"No","NONE","105",NA,NA,NA,"DVRPC",0,"Pain",9057056,40.2580248,-74.779853
7721989,"20091102I-2009-015171","I-2009-015171",2009,"MERCER","Ewing Township","5/26/2009 0:00","Tuesday","May","12/31/1899 16:08","1","EWING TWP PD","P2-A",0,0,1,0,0,"Injury","Not At Intersection","No","No","Pedalcyclist",1,"NJ 31","NULL",31,"","31",2.45,"State Highway","Straight and Level","Blacktop","Wet","Daylight","Rain","None","None",80,"Foot","North","SOMERSET STREET","NULL","","NULL",40,35,40.25848,-74.7795,"No","","105",414122.354652,519193.200958,NA,"DVRPC",0,"Pain",9100085,40.2581062,-74.7793104
7722096,"20091102I-2009-019433","I-2009-019433",2009,"MERCER","Ewing Township","7/10/2009 0:00","Friday","July","12/31/1899 15:08","1","EWING TWP PD","SQUAD3 TRAFFIC",0,0,1,0,0,"Injury","Not At Intersection","No","No","Pedalcyclist",1,"1632 OLDEN AVE PARKING LOT","NULL",NA,"","",NA,"Private Property","Straight and Level","Blacktop","Dry","Daylight","Clear","None","None",NA,"NULL","NULL","","NULL","","NULL",NA,NA,0,0,"No","","149",NA,NA,NA,"DVRPC",0,"Moderate Injury",9152683,40.2211932,-74.7652518
7722230,"20091102I-2009-025194","I-2009-025194",2009,"MERCER","Ewing Township","9/5/2009 0:00","Saturday","September","12/31/1899 13:54","1","EWING TWP PD","P2-A",0,0,1,0,0,"Injury","Not At Intersection","No","No","Pedalcyclist",1,"MERCER COUNTY 622","NULL",622,"","11000622",4.95,"County","Straight and Level","Blacktop","Dry","Daylight","Clear","None","None",75,"Foot","West","CR 627","NULL","","NULL",40,25,40.24645,-74.76548,"No","","105",418022.476253,514800.663924,NA,"DVRPC",0,"Moderate Injury",9200000,40.2465126,-74.76565