"ID","DOT_WEB_ID","CASE_NUMBER","CRASH_YEAR","COUNTY","MUNICIPALITY","CRASH_DATE","CRASH_DAY_OF_WEEK","CRASH_MONTH","CRASH_TIME","POLICE_DEPT_CODE","POLICE_DEPARTMENT","POLICE_STATION","TOTAL_KILLED","TOTAL_INCAPACITATED","TOTAL_INJURED","PEDESTRIANS_KILLED","PEDESTRIANS_INJURED","SEVERITY","INTERSECTION","ALCOHOL_INVOLVED","HAZMAT_INVOLVED","CRASH_TYPE","TOTAL_VEHICLES_INVOLVED","CRASH_LOCATION","LOCATION_DIRECTION","ROUTE","ROUTE_SUFFIX","SRI","MILEPOST","ROAD_SYSTEM","ROAD_CHARACTER","ROAD_SURFACE_TYPE","SURFACE_CONDITION","LIGHT_CONDITION","ENVIRONMENTAL_CONDITION","ROAD_DIVIDED_BY","TEMP_TRAFFIC_CONTROL_ZONE","DISTANCE_TO_CROSS_STREET","UNIT_OF_MEASUREMENT","DIRECTION_FROM_CROSS_STREET","CROSS_STREET_NAME","IS_RAMP","RAMP_TO_FROM_ROUTE_NAME","RAMP_TO_FROM_ROUTE_DIRECTION","POSTED_SPEED","POSTED_SPEED_CROSS_STREET","LATITUDE","LONGITUDE","CELL_PHONE_IN_USE","OTHER_PROPERTY_DAMAGE","REPORTING_BADGE_NO","X","Y","CRASH_NARRATIVE","MPO","TOTAL_PEDESTRIANS_INVOLVED","EPDO","DLN","LatitudeGeocoded","LongitudeGeocoded"
7722347,"20091102I-2009-029862","I-2009-029862",2009,"MERCER","Ewing Township","10/22/2009 0:00","Thursday","October","12/31/1899 9:10","1","EWING TWP PD","SQUAD 1B",0,0,1,0,0,"Injury","Not At Intersection","No","No","Pedalcyclist",1,"1600 OLDEN AVENUE","NULL",NA,"","",NA,"Private Property","Straight and Level","Blacktop","Dry","Daylight","Clear","None","None",NA,"NULL","NULL","","NULL","","NULL",NA,NA,0,0,"No","","169",NA,NA,NA,"DVRPC",0,"Pain",9250183,40.2441843,-74.7572263
7723279,"2009110309-22452","09-22452",2009,"MERCER","Hamilton Twp (Mercer Co)","5/22/2009 0:00","Friday","May","12/31/1899 12:59","1","HAMILTON TWP PD (MERCER)","",0,0,1,0,0,"Injury","Not At Intersection","No","No","Pedalcyclist",1,"MERCER COUNTY 672","West",672,"","11000672",0.93,"County","Straight and Level","Blacktop","Dry","Daylight","Clear","None","None",300,"Foot","East","TEA ROSE LANE","NULL","","NULL",40,25,40.16587,-74.65714,"No","BICYCLE","302",448208.904976,485374.580029,NA,"DVRPC",0,"Moderate Injury",9101806,40.2525261,-74.6532326
7723295,"2009110309-22954","09-22954",2009,"MERCER","Hamilton Twp (Mercer Co)","5/25/2009 0:00","Monday","May","12/31/1899 14:56","1","HAMILTON TWP PD (MERCER)","",0,0,1,0,0,"Injury","Not At Intersection","No","No","Pedalcyclist",1,"KLEIN AVE","South",NA,"","11031339",0.019,"Municipal","Straight and Level","Blacktop","Dry","Daylight","Clear","None","None",100,"Foot","South","HAMILTON AVE","NULL","","NULL",25,NA,0,0,"No","","459",428610.887997,505439.891743,NA,"DVRPC",0,"Pain",9102879,40.2211043,-74.7275451
7723321,"2009110309-23528","09-23528",2009,"MERCER","Hamilton Twp (Mercer Co)","5/28/2009 0:00","Thursday","May","12/31/1899 17:01","1","HAMILTON TWP PD (MERCER)","",0,0,1,0,0,"Injury","Not At Intersection","No","No","Pedalcyclist",1,"ROUTE 524","NULL",524,"","524",1.64,"County","Straight and Level","Concrete","Wet","Daylight","Rain","None","None",50,"Foot","East","OAK LA","NULL","","NULL",35,NA,40.18247,-74.67611,"No","","427",442919.899141,491431.231431,NA,"DVRPC",0,"Pain",9102933,40.182534,-74.676199
7723330,"2009110309-23699","09-23699",2009,"MERCER","Hamilton Twp (Mercer Co)","5/29/2009 0:00","Friday","May","12/31/1899 16:28","1","HAMILTON TWP PD (MERCER)","",0,0,1,0,0,"Injury","At Intersection","No","No","Pedalcyclist",1,"NJ 33","NULL",33,"","33",4.38,"State Highway","Straight and Level","Blacktop","Dry","Daylight","Overcast","None","None",NA,"At","NULL","WESTON AVE","NULL","","NULL",40,25,40.23209,-74.6816,"No","DAMAGE TO BICYCLE","364",441423.85013,509510.798095,NA,"DVRPC",0,"Moderate Injury",9106906,40.232127,-74.6817171
7723340,"2009110309-23852","09-23852",2009,"MERCER","Hamilton Twp (Mercer Co)","5/30/2009 0:00","Saturday","May","12/31/1899 11:18","1","HAMILTON TWP PD (MERCER)","",0,0,1,0,0,"Injury","At Intersection","No","No","Pedalcyclist",1,"RUTGERS AVE","North",NA,"","11031427",0.36,"Municipal","Straight and Level","Blacktop","Dry","Daylight","Clear","None","None",NA,"At","NULL","BOXWOOD AVE.","NULL","","NULL",25,NA,0,0,"No","","414",431914.841533,517742.763923,NA,"DVRPC",0,"Pain",9106662,40.254669,-74.715719
7723374,"2009110309-24602","09-24602",2009,"MERCER","Hamilton Twp (Mercer Co)","6/4/2009 0:00","Thursday","June","12/31/1899 0:03","1","HAMILTON TWP PD (MERCER)","",0,0,1,0,0,"Injury","At Intersection","No","No","Pedalcyclist",1,"ROUTE 533","NULL",533,"","533",5.56,"County","Straight and Level","Blacktop","Wet","Dark (Street Lights On/ continuous)","Rain","None","None",NA,"At","NULL","YOUNGS RD","NULL","","NULL",40,25,40.26384,-74.67496,"No","","304",443300.28,521070.73,NA,"DVRPC",0,"Pain",9106205,40.2638557,-74.6750113
7723652,"2009110309-29492","09-29492",2009,"MERCER","Hamilton Twp (Mercer Co)","7/4/2009 0:00","Saturday","July","12/31/1899 8:55","1","HAMILTON TWP PD (MERCER)","",0,0,1,0,0,"Injury","Not At Intersection","No","No","Pedalcyclist",1,"ROUTE 524","NULL",524,"","524",1.91,"County","Straight and Level","Blacktop","Dry","Daylight","Clear","None","None",5,"Foot","East","CR 609/CR 672/S BROAD ST/YARDVILLE-","NULL","","NULL",25,40,40.17982,-74.67244,"No","","388",443943.66,490463.35,NA,"DVRPC",0,"Moderate Injury",9132591,40.1798173,-74.6724551
7723706,"2009110309-30626","09-30626",2009,"MERCER","Hamilton Twp (Mercer Co)","7/11/2009 0:00","Saturday","July","12/31/1899 17:54","1","HAMILTON TWP PD (MERCER)","",0,0,0,0,0,"Property Damage","Not At Intersection","No","No","Pedalcyclist",1,"MERCER COUNTY 622","East",622,"","11000622",0.64,"County","Straight and Level","Blacktop","Dry","Daylight","Overcast","None","None",500,"Foot","East","ESTATES BLVD","NULL","","NULL",NA,25,40.2054,-74.70829,"No","","446",433949.66,499801.94,NA,"DVRPC",0,"PDO",9142558,40.232036,-74.6876939
7723794,"2009110309-33117","09-33117",2009,"MERCER","Hamilton Twp (Mercer Co)","7/27/2009 0:00","Monday","July","12/31/1899 11:31","1","HAMILTON TWP PD (MERCER)","",0,0,1,0,0,"Injury","At Intersection","No","No","Pedalcyclist",1,"MERCER COUNTY 622","NULL",622,"","11000622",NA,"County","Straight and Level","Blacktop","Dry","Daylight","Overcast","None","None",NA,"At","NULL","EDMUND ST.","NULL","","NULL",30,25,0,0,"No","","364",NA,NA,NA,"DVRPC",0,"Moderate Injury",9155104,40.2194203,-74.7246528
7723797,"2009110309-33181","09-33181",2009,"MERCER","Hamilton Twp (Mercer Co)","7/27/2009 0:00","Monday","July","12/31/1899 17:38","1","HAMILTON TWP PD (MERCER)","",0,0,1,0,0,"Injury","At Intersection","No","No","Pedalcyclist",1,"GRAND AVE","NULL",NA,"","11031468",0.12,"Municipal","Straight and Level","Blacktop","Dry","Daylight","Clear","None","None",NA,"At","NULL","RENNIE ST.","NULL","","NULL",25,25,0,0,"No","","364",428973.877115,498101.021961,NA,"DVRPC",0,"Moderate Injury",9155157,40.200737,-74.726159
7723877,"2009110309-3515","Sep-15",2009,"MERCER","Hamilton Twp (Mercer Co)","1/24/2009 0:00","Saturday","January","12/31/1899 12:47","1","HAMILTON TWP PD (MERCER)","",0,0,1,0,0,"Injury","At Intersection","No","No","Pedalcyclist",1,"NJ 33","South",33,"","33",1.8,"State Highway","Straight and Level","Blacktop","Dry","Daylight","Clear","None","None",NA,"At","NULL","JOHNSTON AVE","NULL","","NULL",30,25,40.22832,-74.72815,"No","","384",428425.377682,508167.391672,NA,"DVRPC",0,"Pain",9009582,40.2282986,-74.7281942
7724108,"2009110309-40260","09-40260",2009,"MERCER","Hamilton Twp (Mercer Co)","9/7/2009 0:00","Monday","September","12/31/1899 10:08","1","HAMILTON TWP PD (MERCER)","",0,0,1,0,0,"Injury","Not At Intersection","No","No","Pedalcyclist",1,"E PARK AVE","NULL",NA,"","11031983",0.26,"Municipal","Straight and Level","Blacktop","Dry","Daylight","Clear","None","None",2,"Foot","North","S BROAD ST","NULL","","NULL",25,35,0,0,"No","","302",429449.780055,496492.689982,NA,"DVRPC",0,"Moderate Injury",9192609,40.1963237,-74.7243362
7724181,"2009110309-42206","09-42206",2009,"MERCER","Hamilton Twp (Mercer Co)","9/18/2009 0:00","Friday","September","12/31/1899 14:08","1","HAMILTON TWP PD (MERCER)","",0,0,1,0,0,"Injury","Not At Intersection","No","No","Pedalcyclist",1,"FORMAN DR","South",NA,"","11031064",0.221,"Municipal","Straight and Level","Blacktop","Dry","Daylight","Clear","None","None",5,"Foot","North","NOTTINGHAM WAY","NULL","","NULL",25,40,0,0,"No","","418",NA,NA,NA,"DVRPC",0,"Moderate Injury",9207335,40.2238372,-74.6442553
7724224,"2009110309-42962","09-42962",2009,"MERCER","Hamilton Twp (Mercer Co)","9/24/2009 0:00","Thursday","September","12/31/1899 16:51","1","HAMILTON TWP PD (ATLANTIC","",0,0,0,0,0,"Property Damage","At Intersection","No","No","Pedalcyclist",1,"NJ 33","East",33,"","33",1.8,"State Highway","Straight and Level","Blacktop","Dry","Daylight","Clear","None","None",NA,"At","NULL","JOHNSTON AVE","NULL","","NULL",30,25,40.22832,-74.72815,"No","","322",428425.377682,508167.391672,NA,"DVRPC",0,"PDO",9241667,40.2282986,-74.7281942
7724237,"2009110309-43255","09-43255",2009,"MERCER","Hamilton Twp (Mercer Co)","9/26/2009 0:00","Saturday","September","12/31/1899 12:34","1","HAMILTON TWP PD (MERCER)","",0,0,1,0,0,"Injury","At Intersection","No","No","Pedalcyclist",1,"ROUTE 535","East",535,"","535",3.51,"County","Straight and Level","Blacktop","Dry","Daylight","Clear","None","None",NA,"At","NULL","STEINER AVE","NULL","","NULL",35,25,40.23712,-74.6865,"No","","322",439948.756738,511295.037301,NA,"DVRPC",0,"Pain",9222149,40.2370296,-74.6866554
7724337,"2009110309-45315","09-45315",2009,"MERCER","Hamilton Twp (Mercer Co)","10/9/2009 0:00","Friday","October","12/31/1899 18:30","1","HAMILTON TWP PD (MERCER)","",0,0,1,0,0,"Injury","At Intersection","No","No","Pedalcyclist",1,"FERNDALE AVE","West",NA,"","11031087",0,"Municipal","Straight and Level","Blacktop","Dry","Dusk","Clear","None","None",NA,"At","NULL","FAIRLAWN AVE.","NULL","","NULL",25,25,0,0,"No","","384",439266.620002,516736.869966,NA,"DVRPC",0,"Moderate Injury",9225126,40.251929,-74.689374
7724386,"2009110309-46169","09-46169",2009,"MERCER","Hamilton Twp (Mercer Co)","10/15/2009 0:00","Thursday","October","12/31/1899 15:09","1","HAMILTON TWP PD (MERCER)","",0,0,1,0,0,"Injury","Not At Intersection","No","No","Pedalcyclist",1,"MERCER COUNTY 606","West",606,"","11000606",NA,"County","Straight and Level","Blacktop","Wet","Daylight","Rain","None","None",50,"Foot","East","JOHNSTON AVE.","NULL","","NULL",35,25,0,0,"No","NONE","389",NA,NA,NA,"DVRPC",0,"Moderate Injury",9229021,40.2194203,-74.7246528
7724423,"2009110309-46713","09-46713",2009,"MERCER","Hamilton Twp (Mercer Co)","10/19/2009 0:00","Monday","October","12/31/1899 15:51","1","HAMILTON TWP PD (MERCER)","",0,0,0,0,0,"Property Damage","Not At Intersection","No","No","Pedalcyclist",1,"WHITEHORSE HAMILTON SQUARE RD","NULL",NA,"","11031988",0.001,"Municipal","Straight and Level","Blacktop","Dry","Daylight","Clear","None","None",3,"Foot","South","NJ 33","NULL","","NULL",35,3,0,0,"No","","407",446834.030129,508825.572009,NA,"DVRPC",0,"PDO",9237049,40.2279244,-74.6645126
7724537,"2009110309-48527","09-48527",2009,"MERCER","Hamilton Twp (Mercer Co)","10/31/2009 0:00","Saturday","October","12/31/1899 14:24","1","HAMILTON TWP PD (MERCER)","",0,0,1,0,0,"Injury","Not At Intersection","No","No","Pedalcyclist",1,"ROUTE 524","North",524,"","524",1.94,"County","Straight and Level","Blacktop","Dry","Daylight","Overcast","None","None",150,"Foot","North","CR 609/CR 672/S BROAD ST/YARDVILLE-","NULL","","NULL",35,35,40.17963,-74.67194,"No","TWO BICYCLES OWNED BY UNKNOWN FRIENDS OF B1 & B2","418",444084.344127,490393.742981,NA,"DVRPC",1,"Pain",9247884,40.1798173,-74.6724551
7724750,"2009110309-52578","09-52578",2009,"MERCER","Hamilton Twp (Mercer Co)","11/27/2009 0:00","Friday","November","12/31/1899 13:49","1","HAMILTON TWP PD (MERCER)","",0,0,1,0,0,"Injury","At Intersection","No","No","Pedalcyclist",1,"US 206","NULL",206,"","206",NA,"State Highway","Straight and Level","Blacktop","Dry","Daylight","Clear","Curbed Median","None",NA,"At","NULL","E. PARK AVE","NULL","","NULL",35,25,0,0,"No","","302",NA,NA,NA,"DVRPC",0,"Moderate Injury",9265331,40.1963237,-74.7243362
7724776,"2009110309-53034","09-53034",2009,"MERCER","Hamilton Twp (Mercer Co)","11/30/2009 0:00","Monday","November","12/31/1899 18:20","1","HAMILTON TWP PD (MERCER)","",0,0,1,0,0,"Injury","Not At Intersection","No","No","Pedalcyclist",1,"GEORGE DYE RD","South",NA,"","11031989",1.14,"Municipal","Straight and Level","Blacktop","Wet","Dark (Street Lights On/ continuous)","Rain","None","None",125,"Foot","South","NJ 33","NULL","","NULL",25,NA,0,0,"No","","392",451159.851566,506147.595895,NA,"DVRPC",0,"Moderate Injury",9267009,40.2230645,-74.6464962
7725796,"2.00911042009059E+016","200905962",2009,"MERCER","Hightstown Borough","6/4/2009 0:00","Thursday","June","12/31/1899 16:01","1","HIGHTSTOWN PD","BOROUGH",0,0,1,0,0,"Injury","At Intersection","No","No","Pedalcyclist",1,"MORRISON AVE","NULL",NA,"","11041088",0.45,"Municipal","Straight and Grade","Blacktop","Wet","Daylight","Rain","None","None",NA,"At","NULL","SUMMIT STREET","NULL","","NULL",25,25,0,0,"No","","111",483218.656189,522701.209428,NA,"DVRPC",0,"Pain",9138667,40.2684459,-74.5318288
7726127,"20091106HT2009-008942","HT2009-008942",2009,"MERCER","Hopewell Twp (Mercer Co)","4/20/2009 0:00","Monday","April","12/31/1899 6:02","1","HOPEWELL TWP PD","51",0,0,1,0,0,"Injury","Not At Intersection","No","No","Pedalcyclist",1,"MERCER COUNTY 624","East",624,"","11000624",1.08,"County","Straight and Level","Blacktop","Dry","Dawn","Clear","None","None",150,"Foot","West","OLD MILL RD","NULL","","NULL",45,25,40.33601,-74.77207,"No","","31",416283.17,547430.18,NA,"DVRPC",0,"Moderate Injury",9080594,40.3273609,-74.8016543
7726139,"20091106HT2009-009569","HT2009-009569",2009,"MERCER","Hopewell Twp (Mercer Co)","4/27/2009 0:00","Monday","April","12/31/1899 20:05","1","HOPEWELL TWP PD","51 NORTH",0,0,1,0,0,"Injury","At Intersection","No","No","Pedalcyclist",1,"MERCER COUNTY 640","East",640,"","11000640",0,"County","Curve and Grade","Blacktop","Dry","Dark (Street LIghts On/ spot)","Clear","None","None",NA,"At","NULL","PENNINGTON ROAD","NULL","","NULL",25,40,40.30864,-74.7864,"No","","40",412254.32,537470.99,NA,"DVRPC",0,"Pain",9083764,40.258518,-74.7791308
7726247,"20091106HT2009-014745","HT2009-014745",2009,"MERCER","Hopewell Twp (Mercer Co)","6/30/2009 0:00","Tuesday","June","12/31/1899 12:44","1","HOPEWELL TWP PD","53",0,0,1,0,0,"Injury","At Intersection","No","No","Pedalcyclist",1,"ROUTE 579","North",579,"","579",8.16,"County","Straight and Grade","Blacktop","Dry","Daylight","Clear","None","None",NA,"At","NULL","WOOSAMONSA RD","NULL","","NULL",45,25,40.34223,-74.85115,"No","","16",394248.28,549772.89,NA,"DVRPC",0,"Moderate Injury",9137015,40.3422159,-74.8511166
7726949,"2009110709-24467-AC","09-24467-AC",2009,"MERCER","Lawrence Twp (Mercer Co)","6/14/2009 0:00","Sunday","June","12/31/1899 11:45","1","LAWRENCE TWP PD","",0,0,1,0,0,"Injury","Not At Intersection","No","No","Pedalcyclist",1,"ROUTE 583","NULL",583,"","583",1.68,"Municipal","Curve and Level","Blacktop","Dry","Daylight","Clear","Painted Median","None",40,"Foot","North","IRWIN PL","NULL","","NULL",25,25,40.25734,-74.73612,"No","","220",426226.649371,518741.326596,NA,"DVRPC",0,"Pain",9124978,40.2570924,-74.7363181
7728003,"2009110809-3382","Sep-82",2009,"MERCER","Pennington Borough","8/16/2009 0:00","Sunday","August","12/31/1899 12:20","1","PENNINGTON BORO PD","",0,0,1,0,0,"Injury","At Intersection","No","No","Pedalcyclist",1,"WEST DELAWARE","West",NA,"","11081029",0.28,"County","Straight and Level","Blacktop","Dry","Daylight","Clear","None","None",NA,"At","NULL","GREEN STREET","NULL","","NULL",25,30,0,0,"No","","716",410253.580735,544456.235407,NA,"DVRPC",0,"Moderate Injury",9194146,40.3277799,-74.7939593
7728068,"2009110909-12869","09-12869",2009,"MERCER","Princeton Borough","8/11/2009 0:00","Tuesday","August","12/31/1899 20:09","1","PRINCETON BORO PD","",0,0,1,0,0,"Injury","At Intersection","No","No","Pedalcyclist",1,"PROSPECT AVE","NULL",NA,"","11091240",0.42,"Municipal","Straight and Level","Blacktop","Wet","Dark (Street Lights On/ continuous)","Rain","None","None",NA,"At","NULL","FITZRANDOLPH ROAD","NULL","","NULL",25,25,40.34984,-74.64753,"No","","136",451005.818507,552384.206644,NA,"DVRPC",0,"Moderate Injury",9175409,40.3498295,-74.6475493
7728070,"2009110909-13389","09-13389",2009,"MERCER","Princeton Borough","8/20/2009 0:00","Thursday","August","12/31/1899 22:12","1","PRINCETON BORO PD","",0,0,1,0,0,"Injury","At Intersection","Yes","No","Pedalcyclist",1,"NJ 27","NULL",27,"","27",1.07,"State Highway","Straight and Level","Blacktop","Dry","Dark (Street Lights On/ continuous)","Clear","None","None",NA,"At","NULL","HARRISON ST","NULL","","NULL",30,25,40.35398,-74.6454,"No","","136",451603.324749,553892.411015,NA,"DVRPC",0,"Moderate Injury",9185939,40.3539545,-74.6455326
7728077,"2009110909-14837","09-14837",2009,"MERCER","Princeton Borough","9/14/2009 0:00","Monday","September","12/31/1899 16:22","1","PRINCETON BORO PD","",0,0,1,0,0,"Injury","Not At Intersection","No","No","Pedalcyclist",1,"WITHERSPOON ST","NULL",NA,"","11091241",0.21,"Municipal","Straight and Grade","Blacktop","Dry","Daylight","Clear","None","None",5,"Foot","South","GREEN ST.","NULL","","NULL",25,25,40.35254,-74.661,"No","","98",447255.78,553373.14,NA,"DVRPC",0,"Moderate Injury",9204105,40.3525507,-74.6610015
7728096,"2009110909-1827","09-1827",2009,"MERCER","Princeton Borough","2/2/2009 0:00","Monday","February","12/31/1899 17:43","1","PRINCETON BORO PD","",0,0,1,0,0,"Injury","Not At Intersection","No","No","Pedalcyclist",1,"HAMILTON AVE","NULL",NA,"","11091086",2.028,"Municipal","Straight and Level","Blacktop","Dry","Dark (No Street Lights)","Clear","None","None",10,"Foot","West","SNOWDEN LANE","NULL","","NULL",25,25,0,0,"No","","129",452784.74192,555552.975952,NA,"DVRPC",0,"Moderate Injury",9028456,40.3585618,-74.6411158
7728155,"2009110909-7813","Sep-13",2009,"MERCER","Princeton Borough","5/12/2009 0:00","Tuesday","May","12/31/1899 16:42","1","PRINCETON BORO PD","",0,0,0,0,0,"Property Damage","Not At Intersection","No","No","Pedalcyclist",1,"NJ 27","NULL",27,"","27",0.42,"State Highway","Straight and Level","Blacktop","Dry","Daylight","Clear","None","None",100,"Foot","East","ROUTE 571 / VANDEVENTER AVE / WASHI","NULL","","NULL",25,25,40.35047,-74.65678,"No","","142",448430.487917,552619.954545,NA,"DVRPC",0,"PDO",9094112,40.3503814,-74.6570811
7728156,"2009110909-7908","Sep-08",2009,"MERCER","Princeton Borough","5/14/2009 0:00","Thursday","May","12/31/1899 17:27","1","PRINCETON BORO PD","",0,0,1,0,0,"Injury","At Intersection","No","No","Pedalcyclist",1,"HARRISON ST","NULL",NA,"","11091239",0.17,"Municipal","Straight and Level","Blacktop","Dry","Daylight","Overcast","None","None",NA,"At","NULL","PELHAM ST","NULL","","NULL",25,25,0,0,"No","","94",451831.787213,553443.072674,NA,"DVRPC",0,"Moderate Injury",9094109,40.3526012,-74.6444633
7728198,"200911092009-009955","2009-009955",2009,"MERCER","Princeton Borough","6/16/2009 0:00","Tuesday","June","12/31/1899 10:01","1","PRINCETON BORO PD","",0,0,1,0,0,"Injury","Not At Intersection","No","No","Pedalcyclist",1,"WITHERSPOON ST","NULL",NA,"","11091241",0.21,"Municipal","Straight and Level","Blacktop","Dry","Daylight","Clear","None","None",5,"Foot","South","GREEN STREET","NULL","","NULL",25,25,40.35254,-74.661,"No","","124",447255.78,553373.14,NA,"DVRPC",0,"Moderate Injury",9120153,40.3525507,-74.6610015
7728367,"200911092009-5885","2009-5885",2009,"MERCER","Princeton Borough","4/10/2009 0:00","Friday","April","12/31/1899 10:29","1","PRINCETON BORO PD","",0,0,0,0,0,"Property Damage","Not At Intersection","No","No","Pedalcyclist",1,"NJ 27","NULL",27,"","27",0.26,"State Highway","Straight and Level","Blacktop","Dry","Daylight","Clear","None","None",25,"Foot","West","WITHERSPOON ST","NULL","","NULL",25,25,40.34967,-74.65968,"No","","126",447620.777811,552329.210454,NA,"DVRPC",0,"PDO",9070549,40.3496565,-74.6597434
7728423,"20091109I2009-035379","I2009-035379",2009,"MERCER","Princeton Borough","10/14/2009 0:00","Wednesday","October","12/31/1899 13:08","1","PRINCETON BORO PD","",0,0,0,0,0,"Property Damage","At Intersection","No","No","Pedalcyclist",1,"ELM DRIVE STREET","South",NA,"","",NA,"Private Property","Straight and Grade","Blacktop","Dry","Daylight","Clear","Painted Median","None",NA,"At","East","DILLON PARKING LOT","NULL","","NULL",20,10,0,0,"No","","126",NA,NA,NA,"DVRPC",0,"PDO",9240076,40.3456097,-74.6587961
7728496,"2009111009-11821","09-11821",2009,"MERCER","Princeton Township","7/13/2009 0:00","Monday","July","12/31/1899 17:01","1","PRINCETON TWP PD","",0,0,1,0,0,"Injury","At Intersection","No","No","Pedalcyclist",1,"JEFFERSON ROAD","NULL",NA,"","11091242",0.95,"Municipal","Straight and Grade","Blacktop","Dry","Daylight","Clear","None","None",NA,"At","NULL","TERHUNE ROAD","NULL","","NULL",25,25,0,0,"No","","84",447331.10157,557553.584557,NA,"DVRPC",0,"Pain",9152652,40.3641134,-74.6607875
7728548,"2009111009-13620","09-13620",2009,"MERCER","Princeton Township","8/16/2009 0:00","Sunday","August","12/31/1899 10:02","1","PRINCETON TWP PD","",0,0,1,0,0,"Injury","Not At Intersection","No","No","Pedalcyclist",1,"MERCER COUNTY 629","NULL",629,"","11000629",NA,"County","Straight and Level","Blacktop","Dry","Daylight","Clear","Curbed Median","None",45,"Foot","North","TERHUNE ROAD","NULL","","NULL",30,30,0,0,"No","","8",NA,NA,NA,"DVRPC",0,"Pain",9184942,40.3720739,-74.6432422
7728576,"2009111009-14592","09-14592",2009,"MERCER","Princeton Township","9/1/2009 0:00","Tuesday","September","12/31/1899 13:51","1","PRINCETON TWP PD","",0,0,1,0,0,"Injury","Not At Intersection","No","No","Pedalcyclist",1,"WALNUT LANE","NULL",NA,"","11091145",0.519,"Municipal","Straight and Level","Blacktop","Dry","Daylight","Clear","None","None",100,"Foot","North","FRANKLIN AVENUE","NULL","","NULL",25,25,0,0,"No","","87",448909.097524,555763.215184,NA,"DVRPC",0,"Pain",9193164,40.3589183,-74.6550131
7728600,"2009111009-15834","09-15834",2009,"MERCER","Princeton Township","9/21/2009 0:00","Monday","September","12/31/1899 10:53","1","PRINCETON TWP PD","",0,0,1,0,0,"Injury","Not At Intersection","No","No","Pedalcyclist",1,"TERHUNE ROAD","NULL",NA,"","11101147",0.629,"Municipal","Straight and Level","Blacktop","Dry","Daylight","Clear","None","None",100,"Foot","East","N HARRISON STREET","NULL","","NULL",30,30,0,0,"No","","98",449201.799972,558250.835023,NA,"DVRPC",0,"Moderate Injury",9212900,40.36586,-74.6542581
7728631,"2009111009-17151","09-17151",2009,"MERCER","Princeton Township","10/13/2009 0:00","Tuesday","October","12/31/1899 19:04","1","PRINCETON TWP PD","",0,0,1,0,0,"Injury","Not At Intersection","No","No","Pedalcyclist",1,"ROUTE 571","NULL",571,"","571",43.6,"County","Straight and Grade","Blacktop","Dry","Dark (Street Lights Off)","Clear","None","None",500,"Foot","North","FACULTY RD.","NULL","","NULL",25,25,40.34471,-74.65265,"No","","95",449575.99733,550516.53201,NA,"DVRPC",0,"Moderate Injury",9247658,40.3411546,-74.6498158
7728701,"2009111009-20026","09-20026",2009,"MERCER","Princeton Township","12/2/2009 0:00","Wednesday","December","12/31/1899 16:25","1","PRINCETON TWP PD","",0,0,1,0,0,"Injury","At Intersection","No","No","Pedalcyclist",1,"US 206","NULL",206,"","206",55.45,"State Highway","Straight and Grade","Blacktop","Wet","Dusk","Rain","None","None",NA,"At","NULL","JEFFERSON ROAD","NULL","","NULL",35,25,40.36757,-74.66372,"No","","85",446506.208176,558851.712748,NA,"DVRPC",0,"Pain",9276885,40.36794,-74.6636363
7728834,"2009111009-8139","Sep-39",2009,"MERCER","Princeton Township","5/12/2009 0:00","Tuesday","May","12/31/1899 8:19","1","PRINCETON TWP PD","",0,0,0,0,0,"Property Damage","Not At Intersection","No","No","Pedalcyclist",1,"HENRY AVE","NULL",NA,"","11101179",0.29,"Municipal","Straight and Level","Blacktop","Dry","Daylight","Clear","None","None",2,"Foot","West","MOORE STREET","NULL","","NULL",25,25,0,0,"No","","95",448118.760106,555708.450159,NA,"DVRPC",0,"PDO",9092674,40.3589442,-74.6579231
7728880,"200911102009-15839","2009-15839",2009,"MERCER","Princeton Township","9/21/2009 0:00","Monday","September","12/31/1899 11:42","1","PRINCETON TWP PD","",0,0,1,0,0,"Injury","At Intersection","No","No","Pedalcyclist",1,"NORTH HARRISON STREET","NULL",NA,"","11091239",1.1,"Municipal","Straight and Level","Blacktop","Dry","Daylight","Clear","Grass Median","None",NA,"At","NULL","VALLEY ROAD","NULL","","NULL",30,25,0,0,"No","","69",449443.560711,557684.177219,NA,"DVRPC",0,"Pain",9212902,40.3641533,-74.6531998
7729273,"20091111051-09003042","051-09003042",2009,"MERCER","Trenton City","2/20/2009 0:00","Friday","February","12/31/1899 11:51","1","TRENTON PD","PATROL",0,0,1,0,0,"Injury","At Intersection","No","No","Pedalcyclist",1,"SOUTH STOCKTON","NULL",NA,"","11111549",0.32,"Municipal","Straight and Grade","Blacktop","Dry","Daylight","Clear","None","None",NA,"At","NULL","EAST FRONT STREET","NULL","","NULL",25,25,0,0,"No","","288",419683.324131,504810.834081,NA,"DVRPC",0,"Moderate Injury",9026508,40.219182,-74.7594186
7729531,"2009111109-004009","09-004009",2009,"MERCER","Trenton City","3/7/2009 0:00","Saturday","March","12/31/1899 19:15","1","TRENTON PD","PATROL",0,0,0,0,0,"Property Damage","Not At Intersection","No","No","Pedalcyclist",1,"S CLINTON AVE","North",NA,"","11031969",3.61,"Municipal","Straight and Level","Blacktop","Dry","Dark (Street Lights On/ continuous)","Clear","None","None",50,"Foot","South","YARD AVENUE","NULL","","NULL",25,15,40.21981,-74.75518,"No","NO DAMAGE TO BICYCLE","592",420867.5822,505085.884982,NA,"DVRPC",0,"PDO",9038936,40.2199567,-74.7551997