"ID","DOT_WEB_ID","CASE_NUMBER","CRASH_YEAR","COUNTY","MUNICIPALITY","CRASH_DATE","CRASH_DAY_OF_WEEK","CRASH_MONTH","CRASH_TIME","POLICE_DEPT_CODE","POLICE_DEPARTMENT","POLICE_STATION","TOTAL_KILLED","TOTAL_INCAPACITATED","TOTAL_INJURED","PEDESTRIANS_KILLED","PEDESTRIANS_INJURED","SEVERITY","INTERSECTION","ALCOHOL_INVOLVED","HAZMAT_INVOLVED","CRASH_TYPE","TOTAL_VEHICLES_INVOLVED","CRASH_LOCATION","LOCATION_DIRECTION","ROUTE","ROUTE_SUFFIX","SRI","MILEPOST","ROAD_SYSTEM","ROAD_CHARACTER","ROAD_SURFACE_TYPE","SURFACE_CONDITION","LIGHT_CONDITION","ENVIRONMENTAL_CONDITION","ROAD_DIVIDED_BY","TEMP_TRAFFIC_CONTROL_ZONE","DISTANCE_TO_CROSS_STREET","UNIT_OF_MEASUREMENT","DIRECTION_FROM_CROSS_STREET","CROSS_STREET_NAME","IS_RAMP","RAMP_TO_FROM_ROUTE_NAME","RAMP_TO_FROM_ROUTE_DIRECTION","POSTED_SPEED","POSTED_SPEED_CROSS_STREET","LATITUDE","LONGITUDE","CELL_PHONE_IN_USE","OTHER_PROPERTY_DAMAGE","REPORTING_BADGE_NO","X","Y","CRASH_NARRATIVE","MPO","TOTAL_PEDESTRIANS_INVOLVED","EPDO","DLN","LatitudeGeocoded","LongitudeGeocoded"
7729612,"2009111109-060201","09-060201",2009,"MERCER","Trenton City","4/10/2009 0:00","Friday","April","12/31/1899 20:45","1","TRENTON PD","PATROL",0,0,1,0,0,"Injury","At Intersection","No","No","Pedalcyclist",1,"S LOGAN AVE","NULL",NA,"","11111085",0.42,"Municipal","Straight and Level","Blacktop","Wet","Dark (No Street Lights)","Rain","None","None",NA,"At","NULL","NJ 33","NULL","","NULL",25,85,0,0,"No","","***",426759.129925,507146.419987,NA,"DVRPC",0,"Pain",9067964,40.225518,-74.734098
7729627,"2009111109-24976","09-24976",2009,"MERCER","Trenton City","6/6/2009 0:00","Saturday","June","12/31/1899 10:47","1","HAMILTON TWP PD (MERCER)","",0,0,1,0,0,"Injury","At Intersection","No","No","Pedalcyclist",1,"MERCER COUNTY 606","North",606,"","11000606",1.67,"County","Straight and Level","Blacktop","Dry","Daylight","Clear","None","None",NA,"At","NULL","NEWKIRK AVE.","NULL","","NULL",25,25,40.22072,-74.729,"No","","445",428180.109156,505398.564615,NA,"DVRPC",0,"Pain",9109801,40.2115253,-74.7190972
7729659,"20091111090-09005550","090-09005550",2009,"MERCER","Trenton City","3/31/2009 0:00","Tuesday","March","12/31/1899 15:45","1","TRENTON PD","WEST DISTRICT",0,0,0,0,0,"Property Damage","At Intersection","No","No","Pedalcyclist",1,"HERMITAGE AVE","NULL",NA,"","11111561",0.48,"Municipal","Straight and Level","Blacktop","Dry","Daylight","Clear","None","None",NA,"At","NULL","RUTHERFORD AVE","NULL","","NULL",25,25,0,0,"No","","465",413764.680364,509857.237337,NA,"DVRPC",0,"PDO",9053306,40.232782,-74.780752
7729730,"2009111109006010","9006011",2009,"MERCER","Trenton City","4/8/2009 0:00","Wednesday","April","12/31/1899 14:32","1","TRENTON PD","PATROL/EAST",0,0,0,0,0,"Property Damage","At Intersection","No","No","Pedalcyclist",1,"LAKESIDE AVE","NULL",NA,"","11111165",0.1,"Municipal","Straight and Level","Blacktop","Dry","Daylight","Clear","None","None",NA,"At","NULL","S CLINTON AVE","NULL","","NULL",25,25,0,0,"No","","498",426125.80499,498989.599926,NA,"DVRPC",0,"PDO",9065784,40.203101,-74.736307
7729784,"2009111109006550","9006552",2009,"MERCER","Trenton City","4/17/2009 0:00","Friday","April","12/31/1899 18:37","1","TRENTON PD","WEST DISTRICT",0,0,0,0,0,"Property Damage","At Intersection","No","No","Pedalcyclist",1,"CHURCH ST","NULL",NA,"","11111375",0,"Municipal","Straight and Level","Blacktop","Dry","Daylight","Clear","None","None",NA,"At","NULL","CR 653","NULL","","NULL",25,25,0,0,"No","MONGOOSE SILVER 203 N WILLOW ST ST TRENTON NJ 08618","595",416124.879868,507089.739982,NA,"DVRPC",0,"PDO",9072285,40.2252835,-74.7721836
7729855,"2009111109007310","9007319",2009,"MERCER","Trenton City","4/29/2009 0:00","Wednesday","April","12/31/1899 17:28","1","TRENTON PD","225 N CLINTON",0,0,0,0,0,"Property Damage","Not At Intersection","No","No","Pedalcyclist",1,"NJ 29","North",29,"","29",3.22,"State Highway","Curve and Grade","Blacktop","Dry","Daylight","Clear","Barrier Median","None",NA,"NULL","NULL","S WARREN ST","NULL","","NULL",50,25,40.2081,-74.76483,"No","","575",418160.241045,500827.301751,NA,"DVRPC",0,"PDO",9080726,40.2194987,-74.7662343
7729906,"2009111109007650","9007655",2009,"MERCER","Trenton City","5/4/2009 0:00","Monday","May","12/31/1899 17:06","1","TRENTON PD","PATROL-SOUTH",0,0,0,0,0,"Property Damage","At Intersection","No","No","Pedalcyclist",1,"MERCER COUNTY 650","West",650,"","11000650",0.46,"County","Straight and Level","Blacktop","Wet","Daylight","Rain","None","None",NA,"At","NULL","BEATTY ST","NULL","","NULL",25,25,40.19885,-74.74908,"No","","436",422551.221155,497446.75223,NA,"DVRPC",0,"PDO",9087100,40.1988351,-74.7492191
7729978,"2009111109008090","9008093",2009,"MERCER","Trenton City","5/11/2009 0:00","Monday","May","12/31/1899 8:17","1","TRENTON PD","TRENTON PD",0,0,0,0,0,"Property Damage","Not At Intersection","No","No","Pedalcyclist",1,"PERRY ST","NULL",NA,"","11111556",0.06,"Municipal","Straight and Level","Blacktop","Dry","Daylight","Clear","None","None",NA,"NULL","NULL","N BROAD ST","NULL","","NULL",NA,25,40.22273,-74.76438,"No","","618",418301.62,506156.16,NA,"DVRPC",0,"PDO",9090469,40.222722,-74.764383
7730052,"2009111109008660","9008660",2009,"MERCER","Trenton City","5/18/2009 0:00","Monday","May","12/31/1899 19:16","1","TRENTON PD","SOUTH",0,0,0,0,0,"Property Damage","At Intersection","No","No","Pedalcyclist",1,"BEATTY ST","North",NA,"","11111577",0.19,"Municipal","Straight and Level","Blacktop","Dry","Dusk","Clear","Painted Median","None",NA,"At","NULL","S BROAD ST","NULL","","NULL",25,25,0,0,"No","","618",422501.246605,500312.382594,NA,"DVRPC",0,"PDO",9094581,40.206697,-74.749297
7730159,"2009111109009990","9009998",2009,"MERCER","Trenton City","6/7/2009 0:00","Sunday","June","12/31/1899 11:39","1","TRENTON PD","PATROL NORTH",0,0,0,0,0,"Property Damage","Not At Intersection","No","No","Pedalcyclist",1,"PERRY ST","West",NA,"","11111556",0.6,"Municipal","Straight and Level","Blacktop","Dry","Daylight","Clear","None","None",NA,"NULL","NULL","EWING ST","NULL","","NULL",25,25,40.22551,-74.75459,"No","","52",421038.98,507162.21,NA,"DVRPC",1,"PDO",9110630,40.224899,-74.756651
7730200,"2009111109010400","9010402",2009,"MERCER","Trenton City","6/13/2009 0:00","Saturday","June","12/31/1899 2:08","1","TRENTON PD","PATROL/SOUTH",0,0,0,0,0,"Property Damage","Not At Intersection","No","No","Pedalcyclist",1,"W STATE ST","North",NA,"","11111552",2.19,"Municipal","Curve and Level","Blacktop","Dry","Dark (Street Lights On/ continuous)","Rain","None","None",NA,"NULL","NULL","N WILLOW ST","NULL","","NULL",25,NA,0,0,"No","","603",417284.828929,505350.825706,NA,"DVRPC",0,"PDO",9121150,40.220514,-74.7680681
7730342,"2009111109011720","9011726",2009,"MERCER","Trenton City","7/1/2009 0:00","Wednesday","July","12/31/1899 18:59","1","TRENTON PD","SOUTH-PATROL",0,0,0,0,0,"Property Damage","At Intersection","No","No","Pedalcyclist",1,"CASS ST","West",NA,"","11111527",0.5,"Municipal","Straight and Level","Blacktop","Dry","Daylight","Clear","None","None",NA,"At","NULL","ADELINE ST","NULL","","NULL",25,25,40.20655,-74.7512,"No","","465",421967.354634,500252.918537,NA,"DVRPC",1,"PDO",9149489,40.206588,-74.75094
7730350,"2009111109011770","9011770",2009,"MERCER","Trenton City","7/2/2009 0:00","Thursday","July","12/31/1899 17:25","1","TRENTON PD","WEST",0,0,0,0,0,"Property Damage","Not At Intersection","No","No","Pedalcyclist",1,"PROSPECT ST","NULL",NA,"","11111562",0.38,"Municipal","Straight and Level","Blacktop","Dry","Daylight","Clear","Painted Median","None",NA,"NULL","NULL","E STUYVESANT AVE","NULL","","NULL",25,25,40.23035,-74.7745,"No","","595",415485.92999,508942.334978,NA,"DVRPC",1,"PDO",9146145,40.230233,-74.774559
7730387,"2009111109012080","9012085",2009,"MERCER","Trenton City","7/7/2009 0:00","Tuesday","July","12/31/1899 9:03","1","TRENTON PD","PATROL",0,0,1,0,0,"Injury","Not At Intersection","No","No","Pedalcyclist",1,"FERRY ST","East",NA,"","11111448",0.03,"Municipal","Straight and Level","Blacktop","Dry","Daylight","Clear","None","None",NA,"NULL","East","S WARREN ST","NULL","","NULL",25,25,0,0,"No","","596",418428.78465,501509.592363,NA,"DVRPC",0,"Moderate Injury",9144822,40.2092746,-74.764837
7730420,"2009111109012450","9012450",2009,"MERCER","Trenton City","7/12/2009 0:00","Sunday","July","12/31/1899 14:38","1","TRENTON PD","",0,0,0,0,0,"Property Damage","Not At Intersection","No","No","Pedalcyclist",1,"MERCER COUNTY 653","North",653,"","11000653",0.65,"County","Straight and Level","Blacktop","Dry","Daylight","Clear","None","None",NA,"NULL","NULL","SWEETS AVE","NULL","","NULL",25,25,40.23007,-74.76753,"No","","529",417432.48,508833.09,NA,"DVRPC",0,"PDO",9144247,40.23007,-74.767529
7730518,"2009111109013150","9013154",2009,"MERCER","Trenton City","7/22/2009 0:00","Wednesday","July","12/31/1899 18:09","1","TRENTON PD","NORTH",0,0,0,0,0,"Property Damage","At Intersection","No","No","Pedalcyclist",1,"N WARREN ST","North",NA,"","",NA,"Municipal","Straight and Level","Blacktop","Dry","Daylight","Clear","None","None",NA,"At","NULL","MCCHARLES ALY","NULL","","NULL",25,25,0,0,"No","","617",NA,NA,NA,"DVRPC",1,"PDO",9153512,40.2239361,-74.765282
7730630,"2009111109013800","9013801",2009,"MERCER","Trenton City","8/1/2009 0:00","Saturday","August","12/31/1899 21:38","1","TRENTON PD","SOUTH",0,0,0,0,0,"Property Damage","Not At Intersection","No","No","Pedalcyclist",1,"NJ 29","North",29,"","29",2.94,"State Highway","Straight and Level","Blacktop","Dry","Dark (Street Lights On/ continuous)","Clear","Painted Median","None",NA,"NULL","NULL","CASS ST / THUNDER RD","NULL","","NULL",40,25,40.2056,-74.76077,"No","","541",419292.405095,499914.422494,NA,"DVRPC",0,"PDO",9184403,40.204662,-74.7610235
7730648,"2009111109013910","9013911",2009,"MERCER","Trenton City","8/3/2009 0:00","Monday","August","12/31/1899 21:02","1","TRENTON PD","SOUTH",0,0,0,0,0,"Property Damage","At Intersection","No","No","Pedalcyclist",1,"SMITH ST","NULL",NA,"","11111433",0.28,"Municipal","Straight and Level","Blacktop","Dry","Dark (Street Lights On/ continuous)","Clear","None","None",NA,"At","NULL","VIRGINIA AVE","NULL","","NULL",25,25,0,0,"No","","609",423532.540058,498747.990065,NA,"DVRPC",0,"PDO",9182749,40.202446,-74.745506
7730689,"2009111109014230","9014232",2009,"MERCER","Trenton City","8/7/2009 0:00","Friday","August","12/31/1899 21:27","1","TRENTON PD","PATROL",0,0,0,0,0,"Property Damage","At Intersection","No","No","Pedalcyclist",1,"CASS ST","South",NA,"","11111527",0.26,"Municipal","Straight and Level","Blacktop","Dry","Dark (Street Lights On/ continuous)","Clear","None","None",NA,"At","NULL","THIRD ST","NULL","","NULL",25,25,40.20575,-74.75599,"No","","617",420626.231303,499965.965751,NA,"DVRPC",0,"PDO",9172185,40.2058238,-74.7555713
7730752,"2009111109014690","9014696",2009,"MERCER","Trenton City","8/14/2009 0:00","Friday","August","12/31/1899 19:59","1","TRENTON PD","NORTH",0,0,0,0,0,"Property Damage","At Intersection","No","No","Pedalcyclist",1,"N STOCKTON ST","South",NA,"","11111549",0.07,"Municipal","Straight and Level","Blacktop","Dry","Daylight","Clear","Painted Median","None",NA,"At","NULL","ACADEMY ST","NULL","","NULL",25,25,40.2227,-74.76043,"No","","565",419406.934706,506144.550587,NA,"DVRPC",0,"PDO",9183030,40.222744,-74.760427
7730753,"2009111109014690","9014697",2009,"MERCER","Trenton City","8/14/2009 0:00","Friday","August","12/31/1899 20:52","1","TRENTON PD","PATROL",0,0,1,0,0,"Injury","Not At Intersection","No","No","Pedalcyclist",1,"E STATE ST","West",NA,"","11000635",0.46,"Municipal","Straight and Level","Blacktop","Dry","Dark (Street Lights On/ continuous)","Clear","Painted Median","None",NA,"NULL","NULL","CR 626","NULL","","NULL",25,25,0,0,"No","","602",423088.516328,506167.738091,NA,"DVRPC",0,"Pain",9183029,40.222786,-74.747266
7730791,"2009111109015030","9015031",2009,"MERCER","Trenton City","8/19/2009 0:00","Wednesday","August","12/31/1899 19:32","1","TRENTON PD","TRENTON",0,0,0,0,0,"Property Damage","Not At Intersection","No","No","Pedalcyclist",1,"S CLINTON AVE","South",NA,"","11031969",2.04,"Municipal","Straight and Level","Blacktop","Dry","Dusk","Clear","None","None",100,"Foot","North","REMSEN ST","NULL","","NULL",25,25,40.20378,-74.73799,"No","","584",425653.190948,499234.875031,NA,"DVRPC",0,"PDO",9182585,40.203627,-74.737601
7730808,"2009111109015180","9015188",2009,"MERCER","Trenton City","8/21/2009 0:00","Friday","August","12/31/1899 20:11","1","TRENTON PD","EAST",0,0,0,0,0,"Property Damage","At Intersection","No","No","Pedalcyclist",1,"NJ 33","NULL",33,"","33",NA,"State Highway","Straight and Level","Blacktop","Dry","Dark (Street Lights On/ continuous)","Clear","Painted Median","None",NA,"At","NULL","S COOK AVE","NULL","","NULL",25,25,0,0,"No","","596",NA,NA,NA,"DVRPC",0,"PDO",9182538,40.2221844,-74.740676
7730948,"2009111109016010","9016012",2009,"MERCER","Trenton City","9/4/2009 0:00","Friday","September","12/31/1899 16:06","1","TRENTON PD","PATROL/SOUTH 1",0,0,1,0,0,"Injury","At Intersection","No","No","Pedalcyclist",1,"S STOCKTON ST","South",NA,"","11111549",0.28,"Municipal","Straight and Grade","Blacktop","Dry","Daylight","Clear","None","None",NA,"At","NULL","ERNIE KOVACS PL","NULL","","NULL",25,25,0,0,"No","","331",419669.042564,505026.388623,NA,"DVRPC",0,"Pain",9200532,40.2197421,-74.7595088
7730978,"2009111109016230","9016238",2009,"MERCER","Trenton City","9/8/2009 0:00","Tuesday","September","12/31/1899 14:54","1","TRENTON PD","PATROL-EAST",0,0,0,0,0,"Property Damage","At Intersection","No","No","Pedalcyclist",1,"MONMOUTH ST","North",NA,"","11111193",0.16,"Municipal","Straight and Level","Blacktop","Dry","Daylight","Clear","None","None",NA,"At","NULL","CULBERTSON AVE","NULL","","NULL",25,25,0,0,"No","","436",423295.210015,503963.55004,NA,"DVRPC",0,"PDO",9200405,40.216761,-74.746469
7731080,"2009111109016810","9016818",2009,"MERCER","Trenton City","9/17/2009 0:00","Thursday","September","12/31/1899 20:30","1","TRENTON PD","SOUTH",0,0,0,0,0,"Property Damage","Not At Intersection","No","No","Pedalcyclist",1,"DIVISION ST","East",NA,"","11111153",0.759,"Municipal","Straight and Level","Blacktop","Dry","Dark (Street Lights On/ continuous)","Clear","None","None",50,"Foot","East","GENESEE ST","NULL","","NULL",25,25,0,0,"No","","389",423812.648796,499885.120452,NA,"DVRPC",0,"PDO",9208162,40.205607,-74.744544
7731238,"2009111109017950","9017952",2009,"MERCER","Trenton City","10/6/2009 0:00","Tuesday","October","12/31/1899 5:59","1","TRENTON PD","EAST",0,0,1,0,0,"Injury","At Intersection","No","No","Pedalcyclist",1,"S CLINTON AVE","North",NA,"","11031969",2.25,"Municipal","Straight and Level","Blacktop","Dry","Dark (Street Lights On/ continuous)","Clear","None","None",NA,"At","NULL","LIBERTY ST","NULL","","NULL",25,25,40.20522,-74.74149,"No","","123",424686.74,499757.87,NA,"DVRPC",0,"Pain",9229052,40.2052094,-74.7414517
7731357,"2009111109018720","9018727",2009,"MERCER","Trenton City","10/18/2009 0:00","Sunday","October","12/31/1899 14:40","1","TRENTON PD","WEST/PATROL",0,0,1,0,0,"Injury","Not At Intersection","No","No","Pedalcyclist",1,"ELMHURST AVE","South",NA,"","11111302",0.16,"Municipal","Straight and Grade","Blacktop","Water (Standing/Moving)","Daylight","Clear","None","None",NA,"NULL","NULL","BELLEVUE AVE","NULL","","NULL",56,25,0,0,"No","","445",412793.560087,510160.599982,NA,"DVRPC",0,"Moderate Injury",9229333,40.233675,-74.784167
7731625,"2009111109020490","9020491",2009,"MERCER","Trenton City","11/17/2009 0:00","Tuesday","November","12/31/1899 10:58","1","TRENTON PD","EAST",0,0,1,0,0,"Injury","Not At Intersection","No","No","Pedalcyclist",1,"QUINTIN AVE","NULL",NA,"","11111539",0.16,"Municipal","NULL","NULL","NULL","NULL","NULL","NULL","NULL",NA,"NULL","NULL","CULBERTSON AVE","NULL","","NULL",25,25,40.21982,-74.73982,"No","","517",425148.684782,505073.632828,NA,"DVRPC",0,"Pain",9260207,40.219805,-74.739792
7731685,"2009111109020940","9020945",2009,"MERCER","Trenton City","11/24/2009 0:00","Tuesday","November","12/31/1899 17:16","1","TRENTON PD","EAST",0,0,1,0,0,"Injury","At Intersection","No","No","Pedalcyclist",1,"ANDERSON ST","West",NA,"","11111159",0.15,"Municipal","Straight and Level","Blacktop","Dry","Dark (Street Lights On/ continuous)","Clear","None","None",NA,"At","NULL","WILLIAM ST","NULL","","NULL",25,25,0,0,"No","","609",424455.311049,500151.855853,NA,"DVRPC",0,"Moderate Injury",9275176,40.2063765,-74.7422483
7731944,"2009111109022480","9022484",2009,"MERCER","Trenton City","12/23/2009 0:00","Wednesday","December","12/31/1899 14:30","1","TRENTON PD","EAST DISTRICT",0,0,0,0,0,"Property Damage","At Intersection","No","No","Pedalcyclist",1,"MERCER COUNTY 622","NULL",622,"","11000622",2.66,"County","Straight and Level","Blacktop","Dry","Daylight","Clear","None","None",NA,"At","NULL","NJ 33","NULL","","NULL",25,NA,40.22369,-74.73675,"No","","463",426019.129727,506486.908691,NA,"DVRPC",0,"PDO",9289996,40.224042,-74.737089
7732342,"200911122009-005058","2009-005058",2009,"MERCER","Washington Twp  (Mercer Co)","3/6/2009 0:00","Friday","March","12/31/1899 16:42","1","ROBBINSVILLE TWP PD","",0,0,1,0,0,"Injury","At Intersection","No","No","Pedalcyclist",1,"PERRINEVILLE RD","South",NA,"","11121043",2.14,"Municipal","Straight and Level","Blacktop","Dry","Daylight","Clear","None","None",NA,"At","South","ALLENS ROAD","NULL","","NULL",45,50,40.23237,-74.54033,"No","","38",480864.208519,509562.22009,NA,"DVRPC",0,"Moderate Injury",9045947,40.2323266,-74.540446
7732908,"20091112I-2009-023929","I-2009-023929",2009,"MERCER","Washington Twp  (Mercer Co)","11/26/2009 0:00","Thursday","November","12/31/1899 14:06","1","ROBBINSVILLE TWP PD","",0,0,0,0,0,"Property Damage","Not At Intersection","No","No","Pedalcyclist",1,"NJ 33","West",33,"","33",7.07,"State Highway","Straight and Level","Blacktop","Dry","Daylight","Clear","None","None",200,"Foot","West","LAKE DR","NULL","","NULL",45,25,40.22013,-74.63326,"No","","536",454912.187998,505128.332508,NA,"DVRPC",0,"PDO",9269279,40.2133625,-74.7578698
7733127,"2009111309-20201","09-20201",2009,"MERCER","West Windsor Township","7/26/2009 0:00","Sunday","July","12/31/1899 9:46","1","WEST WINDSOR TWP PD","2009-20201",0,0,0,0,0,"Property Damage","Not At Intersection","No","No","Pedalcyclist",1,"VILLAGE RD W","North",NA,"","11131141",0.004,"Municipal","Curve and Level","Blacktop","Dry","Daylight","Clear","NULL","NULL",20,"Foot","North","CR 533","NULL","","NULL",45,50,0,0,"No","","561",444704.222858,526122.711429,NA,"DVRPC",0,"PDO",9160700,40.282374,-74.618916
7733196,"2009111309-25976","09-25976",2009,"MERCER","West Windsor Township","9/23/2009 0:00","Wednesday","September","12/31/1899 17:51","1","WEST WINDSOR TWP PD","09-25976",0,0,1,0,0,"Injury","Not At Intersection","No","No","Pedalcyclist",1,"PRINCETON JCT TRAIN STATION","West",NA,"","11131419",0,"State/Interstate Authority","Straight and Level","Blacktop","Dry","Daylight","Clear","None","None",NA,"NULL","NULL","ALEXANDER RD PERMIT LOT","NULL","","NULL",15,15,0,0,"No","","550",456343.479877,538532.329984,NA,"DVRPC",0,"Pain",9206649,40.3130501,-74.6213042
7733724,"200911132009-18763","2009-18763",2009,"MERCER","West Windsor Township","7/12/2009 0:00","Sunday","July","12/31/1899 8:15","1","WEST WINDSOR TWP PD","2009-18763",0,0,1,0,0,"Injury","Not At Intersection","No","No","Pedalcyclist",1,"MERCER COUNTY 629","East",629,"","11000629",1.11,"County","Straight and Level","Blacktop","Wet","Daylight","Overcast","None","None",100,"Foot","West","US 1","NULL","","NULL",35,55,40.3375,-74.63129,"No","","587",455526.732206,547883.637815,NA,"DVRPC",0,"Pain",9143726,40.3373619,-74.6310577
7733777,"200911132009-21091","2009-21091",2009,"MERCER","West Windsor Township","8/4/2009 0:00","Tuesday","August","12/31/1899 20:12","1","WEST WINDSOR TWP PD","2009-21091",0,0,1,0,0,"Injury","At Intersection","No","No","Pedalcyclist",1,"ROUTE 526","North",526,"","526",NA,"County","Straight and Level","Blacktop","Dry","Dusk","Clear","None","None",NA,"At","NULL","DARVEL DR","NULL","","NULL",40,25,0,0,"No","","582",NA,NA,NA,"DVRPC",0,"Pain",9162700,40.2638841,-74.6155248
7733857,"200911132009-24291","2009-24291",2009,"MERCER","West Windsor Township","9/7/2009 0:00","Monday","September","12/31/1899 17:30","1","WEST WINDSOR TWP PD","2009-24291",0,0,1,0,0,"Injury","At Intersection","No","No","Pedalcyclist",1,"ALEXANDER RD","West",NA,"","11131419",0.14,"Municipal","Straight and Level","Blacktop","Dry","Daylight","Clear","None","None",NA,"At","NULL","BEARBROOK ROAD","NULL","","NULL",30,35,40.31315,-74.62638,"No","","576",456883.125002,539008.442002,NA,"DVRPC",0,"Moderate Injury",9193161,40.3158115,-74.632619
8051106,"2014110314-26049","14-26049",2014,"MERCER","Hamilton Twp (Mercer Co)","6/20/2014 0:00","Friday","June","12/31/1899 13:49","1","HAMILTON TWP PD (MERCER)","",0,0,1,0,0,"Injury","At Intersection","No","No","Pedalcyclist",1,"NJ 33","East",33,"","33",2.14,"State Highway","Straight and Level","Blacktop","Dry","Daylight","Clear","None","None",NA,"At","NULL","WARD AVE","NULL","","NULL",35,25,0,0,"No","","384",429957.838397,509105.282419,NA,"DVRPC",0,"Moderate Injury",14208524,40.230899,-74.7227
8052098,"20141106HT2014-011904","HT2014-011904",2014,"MERCER","Hopewell Twp (Mercer Co)","5/28/2014 0:00","Wednesday","May","12/31/1899 8:48","1","HOPEWELL TWP PD","52 ZONE",0,0,1,0,0,"Injury","At Intersection","No","No","Pedalcyclist",1,"ROUTE 569","South",569,"","569",5.51,"County","Curve and Level","Blacktop","Dry","Daylight","Clear","None","None",NA,"At","NULL","CLEVELAND RD","NULL","","NULL",45,25,0,0,"No","","43",427887.36,554220.6,NA,"DVRPC",0,"Moderate Injury",14195294,40.3547539,-74.7304893
8052612,"2014110714-8108-AC","14-8108-AC",2014,"MERCER","Lawrence Twp (Mercer Co)","3/21/2014 0:00","Friday","March","12/31/1899 13:08","1","LAWRENCE TWP PD","",0,0,0,0,0,"Property Damage","At Intersection","No","No","Pedalcyclist",1,"US 1","North",1,"","1",NA,"State Highway","Curve and Level","Blacktop","Dry","Daylight","Clear","Curbed Median","None",NA,"At","West","BRUNSWICK CIR","NULL","","NULL",25,25,0,0,"No","","192",NA,NA,NA,"DVRPC",0,"PDO",14153239,40.2454913,-74.7437674
8053599,"201411132014-11354","2014-11354",2014,"MERCER","West Windsor Township","4/19/2014 0:00","Saturday","April","12/31/1899 12:03","1","WEST WINDSOR TWP PD","2014-11354",0,0,1,0,0,"Injury","Not At Intersection","No","No","Pedalcyclist",1,"VILLAGE ROAD WEST","West",NA,"","",NA,"Municipal","Straight and Level","Blacktop","Dry","Daylight","Clear","Painted Median","None",150,"Foot","West","VILLAGE ROAD","NULL","","NULL",45,40,0,0,"No","","589",NA,NA,NA,"DVRPC",0,"Moderate Injury",14169805,40.28243,-74.613581
8054222,"2014111414-06085","14-06085",2014,"MERCER","Princeton Township","3/5/2014 0:00","Wednesday","March","12/31/1899 9:00","1","PRINCETON PD","",0,0,0,0,0,"Property Damage","Not At Intersection","No","No","Pedalcyclist",1,"ROUTE 571","NULL",571,"","571",NA,"County","Straight and Grade","Blacktop","Dry","Daylight","Clear","None","None",250,"Foot","South","IVY LN","NULL","","NULL",40,25,0,0,"No","","14",NA,NA,NA,"DVRPC",0,"PDO",14137211,40.3462676,-74.6538532
8054387,"2014111414-14418","14-14418",2014,"MERCER","Princeton Township","5/31/2014 0:00","Saturday","May","12/31/1899 15:33","1","PRINCETON PD","",0,0,1,0,0,"Injury","At Intersection","No","No","Pedalcyclist",1,"JOHN ST","NULL",NA,"","",NA,"Municipal","Straight and Grade","Blacktop","Dry","Daylight","Clear","None","None",NA,"At","NULL","BIRCH AVE","NULL","","NULL",25,25,0,0,"No","NONE","47",NA,NA,NA,"DVRPC",0,"Pain",14194954,40.356724,-74.66517
8054448,"2014111414-16700","14-16700",2014,"MERCER","Princeton Township","6/22/2014 0:00","Sunday","June","12/31/1899 11:05","1","PRINCETON PD","",0,0,1,0,0,"Injury","At Intersection","No","No","Pedalcyclist",1,"NJ 27","NULL",27,"","27",0.65,"State Highway","Straight and Level","Blacktop","Dry","Daylight","Clear","None","None",NA,"At","NULL","MORAN AVE","NULL","","NULL",25,25,0,0,"No","NONE","29",449546.554429,553084.430252,NA,"DVRPC",0,"Moderate Injury",14206248,40.3517293,-74.6528771
8054479,"2014111414-19-AC","14-19-AC",2014,"MERCER","Princeton Township","3/11/2014 0:00","Tuesday","March","12/31/1899 8:36","99","PRINCETON UNIVERSITY PD","",0,0,0,0,0,"Property Damage","Not At Intersection","No","No","Pedalcyclist",1,"PROSPECT AVE","NULL",NA,"","11091240",0.02,"Municipal","Straight and Level","Blacktop","Dry","Daylight","Clear","None","None",100,"Foot","East","ROUTE 571","NULL","","NULL",25,25,0,0,"No","","135",449012.641109,551679.419629,NA,"DVRPC",0,"PDO",14136298,40.3591133,-74.6309817
8119483,"2014110114-8695","14-8695",2014,"MERCER","East Windsor Township","7/17/2014 0:00","Thursday","July","12/31/1899 9:58","","EAST WINDSOR TWP PD","TRAFFIC SAFETY?",0,0,1,0,0,"Injury","Not At Intersection","No","No","Pedalcyclist",1,"1 MILE RD","North",NA,"","11011049",0.32,"Municipal","Straight and Level","Blacktop","Dry","Daylight","Clear","None","None",500,"Foot","South","COUNTY ROAD 571","NULL","","NULL",45,45,0,0,"No","NONE","563",479393.234986,525032.592965,NA,"DVRPC",0,"Moderate Injury",14236986,40.2763195,-74.5449503
8119595,"20141102I-2014-020788","I-2014-020788",2014,"MERCER","Ewing Township","6/17/2014 0:00","Tuesday","June","12/31/1899 17:05","","EWING TWP PD","PLATOON-1A",0,0,0,0,0,"Property Damage","Not At Intersection","No","No","Pedalcyclist",1,"1518 OLDEN AVE","NULL",NA,"","",NA,"Private Property","Straight and Level","Blacktop","Dry","Daylight","Clear","None","None",NA,"NULL","NULL","","NULL","","NULL",NA,NA,0,0,"No","","115",NA,NA,NA,"DVRPC",0,"PDO",14508383,40.2416601,-74.7538508