"ID","DOT_WEB_ID","CASE_NUMBER","CRASH_YEAR","COUNTY","MUNICIPALITY","CRASH_DATE","CRASH_DAY_OF_WEEK","CRASH_MONTH","CRASH_TIME","POLICE_DEPT_CODE","POLICE_DEPARTMENT","POLICE_STATION","TOTAL_KILLED","TOTAL_INCAPACITATED","TOTAL_INJURED","PEDESTRIANS_KILLED","PEDESTRIANS_INJURED","SEVERITY","INTERSECTION","ALCOHOL_INVOLVED","HAZMAT_INVOLVED","CRASH_TYPE","TOTAL_VEHICLES_INVOLVED","CRASH_LOCATION","LOCATION_DIRECTION","ROUTE","ROUTE_SUFFIX","SRI","MILEPOST","ROAD_SYSTEM","ROAD_CHARACTER","ROAD_SURFACE_TYPE","SURFACE_CONDITION","LIGHT_CONDITION","ENVIRONMENTAL_CONDITION","ROAD_DIVIDED_BY","TEMP_TRAFFIC_CONTROL_ZONE","DISTANCE_TO_CROSS_STREET","UNIT_OF_MEASUREMENT","DIRECTION_FROM_CROSS_STREET","CROSS_STREET_NAME","IS_RAMP","RAMP_TO_FROM_ROUTE_NAME","RAMP_TO_FROM_ROUTE_DIRECTION","POSTED_SPEED","POSTED_SPEED_CROSS_STREET","LATITUDE","LONGITUDE","CELL_PHONE_IN_USE","OTHER_PROPERTY_DAMAGE","REPORTING_BADGE_NO","X","Y","CRASH_NARRATIVE","MPO","TOTAL_PEDESTRIANS_INVOLVED","EPDO","DLN","LatitudeGeocoded","LongitudeGeocoded"
8119617,"20141102I-2014-022558","I-2014-022558",2014,"MERCER","Ewing Township","7/1/2014 0:00","Tuesday","July","12/31/1899 13:57","","EWING TWP PD","TRAFFIC 2A",0,0,1,0,0,"Injury","Not At Intersection","No","No","Pedalcyclist",1,"2108 PENNINGTON RD","NULL",NA,"","",NA,"Private Property","Straight and Level","Concrete","Dry","Daylight","Clear","None","None",NA,"NULL","NULL","","NULL","","NULL",NA,NA,0,0,"No","","149",NA,NA,NA,"DVRPC",0,"Moderate Injury",14509027,40.2776041,-74.780001
8120589,"2014111114005210","14005215",2014,"MERCER","Trenton City","5/21/2014 0:00","Wednesday","May","12/31/1899 17:10","","TRENTON PD","SOUTH",0,0,1,0,0,"Injury","At Intersection","No","No","Pedalcyclist",1,"SMITH AVE","West",NA,"","",NA,"Municipal","Straight and Level","Blacktop","Dry","Daylight","Clear","None","None",NA,"At","NULL","BARNT AVE","NULL","","NULL",25,25,0,0,"No","","574",NA,NA,NA,"DVRPC",0,"Pain",14217334,40.202323,-74.746394
8120714,"2014111114005860","14005862",2014,"MERCER","Trenton City","6/5/2014 0:00","Thursday","June","12/31/1899 10:53","","TRENTON PD","SOUTH",0,0,1,0,0,"Injury","Not At Intersection","No","No","Pedalcyclist",1,"US HIGHWAY 206","South",206,"","206",41.63,"Municipal","Straight and Level","Blacktop","Wet","Daylight","Rain","Painted Median","None",15,"Foot","East","WATSON AVE","NULL","","NULL",25,25,0,0,"No","","609",422201.916216,500464.696638,NA,"DVRPC",0,"Pain",14219470,40.207321,-74.750786
8120747,"2014111114006030","14006031",2014,"MERCER","Trenton City","6/9/2014 0:00","Monday","June","12/31/1899 12:59","","TRENTON PD","PATROL",0,0,1,0,0,"Injury","At Intersection","No","No","Pedalcyclist",1,"ESCHER ST","West",NA,"","",NA,"Municipal","Straight and Level","Blacktop","Dry","Daylight","Overcast","None","None",NA,"At","NULL","SOUTHARD ST","NULL","","NULL",25,25,0,0,"No","","554",NA,NA,NA,"DVRPC",0,"Pain",14219436,40.2269024,-74.755578
8120765,"2014111114006190","14006193",2014,"MERCER","Trenton City","6/12/2014 0:00","Thursday","June","12/31/1899 17:42","","TRENTON PD","EAST",0,0,1,0,1,"Injury","At Intersection","No","No","Pedalcyclist",1,"MERCER CTY 606","East",606,"","11000606",1.09,"County","Straight and Level","Blacktop","Dry","Daylight","Clear","None","None",NA,"At","NULL","REVERE AVE","NULL","","NULL",25,25,0,0,"No","","446",425263.576175,504401.180062,NA,"DVRPC",1,"Pain",14217970,40.2179459,-74.7394747
8120915,"201411132014-18395","2014-18395",2014,"MERCER","West Windsor Township","6/30/2014 0:00","Monday","June","12/31/1899 12:24","","WEST WINDSOR TWP PD","2014-18395",0,0,1,0,0,"Injury","At Intersection","No","No","Pedalcyclist",1,"ALEXANDER RD","North",NA,"","",NA,"Municipal","Straight and Level","Blacktop","Dry","Daylight","Clear","None","None",NA,"At","NULL","HARRIS RD","NULL","","NULL",25,25,0,0,"No","","577",NA,NA,NA,"DVRPC",0,"Moderate Injury",14220351,40.3122277,-74.6215664
8120917,"201411132014-18581","2014-18581",2014,"MERCER","West Windsor Township","7/2/2014 0:00","Wednesday","July","12/31/1899 15:15","","WEST WINDSOR TWP PD","2014-18581",0,0,1,0,0,"Injury","At Intersection","No","No","Pedalcyclist",1,"MERCER CTY 638","NULL",638,"","11000638",3.47,"County","Straight and Level","Blacktop","Dry","Daylight","Clear","None","None",NA,"At","NULL","N POST RD","NULL","","NULL",40,40,0,0,"No","NONE","561",455101.134447,535728.011449,NA,"DVRPC",0,"Pain",14217155,40.304165,-74.63212
8121024,"2014111414-18783","14-18783",2014,"MERCER","Princeton Township","7/10/2014 0:00","Thursday","July","12/31/1899 15:13","","PRINCETON PD","",0,0,1,0,0,"Injury","At Intersection","No","No","Pedalcyclist",1,"WITHERSPOON ST","NULL",NA,"","11091241",0.56,"Municipal","Straight and Level","Blacktop","Dry","Daylight","Clear","None","None",NA,"At","NULL","BIRCH AVE","NULL","","NULL",25,25,0,0,"No","NONE","14",446675.457723,555136.909558,NA,"DVRPC",0,"Moderate Injury",14231947,40.3573294,-74.663059
8141455,"2014110714-19686-AC","14-19686-AC",2014,"MERCER","Lawrence Twp (Mercer Co)","8/2/2014 0:00","Saturday","August","12/31/1899 22:22","","LAWRENCE TWP PD","",0,0,1,0,0,"Injury","At Intersection","No","No","Pedalcyclist",1,"SKILLMAN AVE","East",NA,"","",47.35,"Municipal","Straight and Level","Blacktop","Dry","Dark (Street Lights On/ continuous)","Clear","None","NULL",NA,"At","NULL","LAWRENCE RD","NULL","","NULL",25,40,0,0,"No","","162",NA,NA,NA,"DVRPC",0,"Pain",14241490,40.2654559,-74.7401641
8141667,"2014111114007520","14007524",2014,"MERCER","Trenton City","7/11/2014 0:00","Friday","July","12/31/1899 21:17","","TRENTON PD","PATROL",0,0,1,0,0,"Injury","At Intersection","No","No","Pedalcyclist",1,"CENTRE ST","South",NA,"","",NA,"Municipal","Straight and Level","Blacktop","Dry","Dark (No Street Lights)","Clear","Painted Median","None",NA,"At","NULL","INGLETON ST","NULL","","NULL",25,25,0,0,"Yes","","554",NA,NA,NA,"DVRPC",0,"Pain",14239444,40.204608,-74.758177
8145586,"2014110314-33672","14-33672",2014,"MERCER","Hamilton Twp (Mercer Co)","8/10/2014 0:00","Sunday","August","12/31/1899 15:12","","HAMILTON TWP PD (MERCER)","",0,0,1,0,0,"Injury","At Intersection","No","No","Pedalcyclist",1,"SHILLER AVE","West",NA,"","",NA,"Municipal","Straight and Level","Blacktop","Dry","Daylight","Clear","None","None",NA,"At","NULL","ROWAN AVE","NULL","","NULL",25,25,0,0,"No","NONE","499",NA,NA,NA,"DVRPC",0,"Pain",14250562,40.195501,-74.726865
8149203,"2014110314-33760","14-33760",2014,"MERCER","Hamilton Twp (Mercer Co)","8/11/2014 0:00","Monday","August","12/31/1899 10:48","","HAMILTON TWP PD (MERCER)","",0,0,1,0,0,"Injury","Not At Intersection","No","No","Pedalcyclist",1,"YOUNGS RD","NULL",NA,"","",NA,"Municipal","Straight and Level","Blacktop","Dry","Daylight","Clear","None","None",200,"Foot","West","COUNTY ROAD 533","NULL","","NULL",35,40,0,0,"No","","458",NA,NA,NA,"DVRPC",0,"Pain",14250558,40.2638557,-74.6750113
8152768,"20141112I-2014-018498","I-2014-018498",2014,"MERCER","Washington Twp  (Mercer Co)","8/14/2014 0:00","Thursday","August","12/31/1899 17:47","","ROBBINSVILLE TWP PD","",0,0,1,0,0,"Injury","At Intersection","No","No","Pedalcyclist",1,"RTE 526","East",526,"","526",4.8,"County","Straight and Level","Blacktop","Dry","Daylight","Clear","None","None",NA,"At","NULL","BUCKLEY LN","NULL","","NULL",45,25,0,0,"No","NONE","548",459581.54,512899.76,NA,"DVRPC",0,"Pain",14512421,40.2414823,-74.6165732
8152804,"2014111414-23114","14-23114",2014,"MERCER","Princeton Township","8/22/2014 0:00","Friday","August","12/31/1899 15:18","","PRINCETON PD","",0,0,1,0,0,"Injury","Not At Intersection","No","No","Pedalcyclist",3,"OLDEN ST","NULL",NA,"","",NA,"Municipal","Straight and Level","Blacktop","Dry","Daylight","Clear","None","None",40,"Foot","South","WILLIAM ST","NULL","","NULL",25,25,0,0,"No","CHAIN LINK FENCE OWNED BY FEDERAL RENT A FENCE 127 HADDON AVE. WEST BERLIN  NJ ?","#38",NA,NA,NA,"DVRPC",0,"Moderate Injury",14253025,40.3508603,-74.6520351
8170430,"2014111114010310","14010316",2014,"MERCER","Trenton City","9/20/2014 0:00","Saturday","September","12/31/1899 15:46","","TRENTON PD","SOUTH",0,0,1,0,1,"Injury","At Intersection","No","No","Pedalcyclist",1,"ANDERSON ST","West",NA,"","",NA,"Municipal","Straight and Level","Blacktop","Dry","Daylight","Clear","None","None",NA,"At","NULL","GENESEE ST","NULL","","NULL",25,25,0,0,"No","","542",NA,NA,NA,"DVRPC",1,"Moderate Injury",14282446,40.205035,-74.743171
8181639,"2014110314-40876","14-40876",2014,"MERCER","Hamilton Twp (Mercer Co)","9/28/2014 0:00","Sunday","September","12/31/1899 23:56","","HAMILTON TWP PD (MERCER)","",0,0,1,0,0,"Injury","Not At Intersection","No","No","Pedalcyclist",1,"ROUTE 535","East",535,"","535",4.49,"County","Straight and Level","Blacktop","Dry","Dark (Street LIghts On/ spot)","Clear","None","None",300,"Foot","West","PAXSON AVE","NULL","","NULL",40,25,0,0,"No","NONE","473",444088.382875,514371.765219,NA,"DVRPC",0,"Pain",14287259,40.2460613,-74.6709273
8193945,"2014110114-12935","14-12935",2014,"MERCER","East Windsor Township","10/22/2014 0:00","Wednesday","October","12/31/1899 18:02","","EAST WINDSOR TWP PD","UNIFORM SERVIC?",0,0,0,0,0,"Property Damage","Not At Intersection","No","No","Pedalcyclist",1,"US 130","South",130,"","130",68.21,"State Highway","Straight and Level","Blacktop","Wet","Dark (Street Lights On/ continuous)","Rain","Curbed Median","None",10,"Foot","North","DUTCHNECK RD","NULL","","NULL",45,35,0,0,"No","","84",480147.783055,522480.391572,NA,"DVRPC",1,"PDO",14295679,40.2687701,-74.5422688
8202441,"201411132014-30198","2014-30198",2014,"MERCER","West Windsor Township","11/5/2014 0:00","Wednesday","November","12/31/1899 13:49","","WEST WINDSOR TWP PD","2014-30198",0,0,1,0,0,"Injury","Not At Intersection","No","No","Pedalcyclist",1,"ROUTE 535","South",535,"","535",8.39,"County","Straight and Level","Blacktop","Dry","Daylight","Overcast","None","None",634,"Foot","South","COLT CIRCLE","NULL","","NULL",50,25,0,0,"No","NONE","434",463149.8515,521364.943265,NA,"DVRPC",0,"Pain",14311816,40.2657463,-74.6018658
8213576,"20141102I-2014-041634","I-2014-041634",2014,"MERCER","Ewing Township","11/29/2014 0:00","Saturday","November","12/31/1899 17:49","","EWING TWP PD","3A",0,0,1,0,0,"Injury","Not At Intersection","No","No","Pedalcyclist",1,"MERCER COUNTY 643","NULL",643,"","11000643",1.8,"County","Straight and Level","Blacktop","Dry","Dusk","Clear","None","None",100,"Foot","South","CR 634 / PARKWAY AVE","NULL","","NULL",35,35,0,0,"No","","198",409425.443796,519349.353354,NA,"DVRPC",0,"Pain",14520400,40.268051,-74.81454
8217685,"20141102I-2014-037653","I-2014-037653",2014,"MERCER","Ewing Township","10/28/2014 0:00","Tuesday","October","12/31/1899 13:37","","EWING TWP PD","PLATOON 3 - SQ?",0,0,1,0,0,"Injury","Not At Intersection","No","No","Pedalcyclist",1,"EGGERTS CROSSING RD","NULL",NA,"","",1.74,"County","Straight and Level","Blacktop","Dry","Daylight","Clear","None","None",1500,"Foot","North","CR 636","NULL","","NULL",35,35,0,0,"No","","151",NA,NA,NA,"DVRPC",0,"Moderate Injury",14519806,40.2682319,-74.7618034
8275184,"20151102I-2015-004522","I-2015-004522",2015,"MERCER","Ewing Township","2/4/2015 0:00","Wednesday","February","12/31/1899 15:30","","EWING TWP PD","PLATOON 1 - SQ?",0,0,0,0,0,"Property Damage","At Intersection","No","No","Pedalcyclist",1,"CENTRAL AVE","NULL",NA,"","",NA,"Municipal","Straight and Level","Blacktop","Dry","Daylight","Clear","None","None",NA,"At","NULL","NJ 31","NULL","","NULL",25,35,0,0,"No","","151",NA,NA,NA,"DVRPC",0,"PDO",15502587,40.2569962,-74.778746
8275301,"2015111415-02143","15-02143",2015,"MERCER","Princeton Township","1/23/2015 0:00","Friday","January","12/31/1899 6:30","","PRINCETON PD","",0,0,1,0,0,"Injury","At Intersection","No","No","Pedalcyclist",1,"ROUTE 583","NULL",583,"","583",8.33,"Municipal","Straight and Grade","Blacktop","Wet","Dark (Street LIghts On/ spot)","Clear","None","None",NA,"At","NULL","LOVERS LN / OLDEN LN","NULL","","NULL",25,25,0,0,"No","NONE","34",444523.201302,548359.229648,NA,"DVRPC",0,"Pain",15105687,40.338832,-74.67069
8304987,"2015110115-2993","15-2993",2015,"MERCER","East Windsor Township","3/13/2015 0:00","Friday","March","12/31/1899 19:53","","EAST WINDSOR TWP PD","TRAFFIC SAFETY?",0,0,1,0,0,"Injury","Not At Intersection","No","No","Pedalcyclist",1,"US 130","North",130,"","130",67.94,"State Highway","Straight and Level","Blacktop","Dry","Dark (No Street Lights)","Clear","None","None",400,"Foot","North","MAPLE STREAM RD","NULL","","NULL",50,25,0,0,"No","NONE","#77",479313.926822,521321.323489,NA,"DVRPC",0,"Pain",15146853,40.2645113,-74.5460332
8337534,"2014110114-10211","14-10211",2014,"MERCER","East Windsor Township","8/21/2014 0:00","Thursday","August","12/31/1899 6:50","","EAST WINDSOR TWP PD","PATROL",0,0,1,0,0,"Injury","At Intersection","No","No","Pedalcyclist",1,"NJ 33","East",33,"","33",15.84,"State Highway","Straight and Level","Blacktop","Dry","Daylight","Clear","Grass Median","None",NA,"At","NULL","LAKE DR","NULL","","NULL",55,40,0,0,"No","NONE","61",493297.348106,522624.701889,NA,"DVRPC",0,"Pain",14253142,40.2679286,-74.4939562
8337604,"20141102I-2014-027633","I-2014-027633",2014,"MERCER","Ewing Township","8/8/2014 0:00","Friday","August","12/31/1899 13:26","","EWING TWP PD","PLATOON 3 SQUA?",0,0,1,0,0,"Injury","Not At Intersection","No","No","Pedalcyclist",1,"1655 OLDEN AVENUE","NULL",NA,"","",NA,"Private Property","Straight and Level","Concrete","Dry","Daylight","Clear","None","None",NA,"NULL","NULL","","NULL","","NULL",NA,NA,0,0,"No","","151",NA,NA,NA,"DVRPC",0,"Pain",14511681,40.2448163,-74.7631011
8349296,"2015110315-18920","15-18920",2015,"MERCER","Hamilton Twp (Mercer Co)","5/7/2015 0:00","Thursday","May","12/31/1899 18:16","","HAMILTON TWP PD (MERCER)","HAMILTON",0,0,1,0,0,"Injury","At Intersection","No","No","Pedalcyclist",1,"KUSER RD","NULL",NA,"","11031985",2.49,"Municipal","Straight and Level","Blacktop","Dry","Daylight","Clear","None","None",NA,"At","NULL","KLOCKNER ROAD","NULL","","NULL",40,35,0,0,"No","NONE","496",449984.28,499945.63,NA,"DVRPC",0,"Moderate Injury",15182909,40.2058269,-74.6511776
8367902,"2015111415-15455","15-15455",2015,"MERCER","Princeton Township","5/20/2015 0:00","Wednesday","May","12/31/1899 12:50","","PRINCETON PD","",0,0,1,0,0,"Injury","At Intersection","No","No","Pedalcyclist",1,"NJ 27","NULL",27,"","27",0.65,"State Highway","Straight and Level","Blacktop","Dry","Daylight","Clear","None","None",NA,"At","NULL","MORAN AVE","NULL","","NULL",25,25,0,0,"No","NONE","55",449546.554429,553084.430252,NA,"DVRPC",0,"Moderate Injury",15185367,40.3517293,-74.6528771
8373661,"2015111115002190","15002191",2015,"MERCER","Trenton City","3/9/2015 0:00","Monday","March","12/31/1899 11:03","","TRENTON PD","SOUTH",0,0,1,0,0,"Injury","Not At Intersection","No","No","Pedalcyclist",1,"US 206","East",206,"","206",NA,"State Highway","Straight and Level","Blacktop","Dry","Daylight","Clear","None","None",NA,"NULL","East","CHESTNUT AVE","NULL","","NULL",25,25,0,0,"No","","636",NA,NA,NA,"DVRPC",0,"Pain",15159143,40.205491,-74.746407
8378964,"2015111115002510","15002518",2015,"MERCER","Trenton City","3/18/2015 0:00","Wednesday","March","12/31/1899 0:06","","TRENTON PD","NORTH",0,0,0,0,0,"Property Damage","At Intersection","No","No","Pedalcyclist",1,"DIVISION ST","South",NA,"","",NA,"Municipal","Straight and Level","Blacktop","Dry","Dark (Street Lights On/ continuous)","Clear","None","None",NA,"At","NULL","KENT ST","NULL","","NULL",25,25,0,0,"No","","636",NA,NA,NA,"DVRPC",0,"PDO",15159066,40.21388,-74.745782
8382977,"2015111115002630","15002639",2015,"MERCER","Trenton City","3/21/2015 0:00","Saturday","March","12/31/1899 16:45","","TRENTON PD","NORTH",0,0,1,0,1,"Injury","At Intersection","No","No","Pedalcyclist",1,"PIEDMONT ALY","South",NA,"","",NA,"Municipal","Straight and Level","Dirt","Dry","Daylight","Clear","None","None",NA,"At","NULL","CR 622","NULL","","NULL",15,25,0,0,"No","","618",NA,NA,NA,"DVRPC",1,"Pain",15158972,40.2393762,-74.7507714
8392260,"20151102I-2015-016162","I-2015-016162",2015,"MERCER","Ewing Township","5/9/2015 0:00","Saturday","May","12/31/1899 20:27","","EWING TWP PD","TRAFFIC 02",0,0,1,0,0,"Injury","Not At Intersection","No","No","Pedalcyclist",1,"MERCER COUNTY 636","NULL",636,"","11000636",2.06,"County","Straight and Level","Blacktop","Dry","Dark (Street Lights On/ continuous)","Clear","None","None",10,"Foot","North","BUTTONWOOD DR","NULL","","NULL",35,40,0,0,"No","","163",417791.357099,517701.550683,NA,"DVRPC",0,"Pain",15513819,40.2544928,-74.76627
8394095,"2015110715-15425-AC","15-15425-AC",2015,"MERCER","Lawrence Twp (Mercer Co)","6/11/2015 0:00","Thursday","June","12/31/1899 13:41","","LAWRENCE TWP PD","",0,0,1,0,0,"Injury","Not At Intersection","No","No","Pedalcyclist",1,"LAWRENCE STATION RD","NULL",NA,"","",NA,"Municipal","Curve and Level","Blacktop","Dry","Daylight","Clear","None","NULL",1000,"Foot","North","BAKERS BASIN RD","NULL","","NULL",40,40,0,0,"No","","198",NA,NA,NA,"DVRPC",0,"Moderate Injury",15206125,40.272037,-74.695238
8396371,"2015111415-15651","15-15651",2015,"MERCER","Princeton Township","5/21/2015 0:00","Thursday","May","12/31/1899 18:54","","PRINCETON PD","",0,0,1,0,0,"Injury","Not At Intersection","No","No","Pedalcyclist",1,"CEDAR LN","NULL",NA,"","",NA,"Municipal","Straight and Level","Blacktop","Wet","Daylight","Clear","None","None",15,"Foot","North","SYCAMORE RD","NULL","","NULL",25,25,0,0,"No","NONE","#52",NA,NA,NA,"DVRPC",0,"Moderate Injury",15185363,40.34977,-74.6385616
8397278,"20151112I-2015-012358","I-2015-012358",2015,"MERCER","Washington Twp  (Mercer Co)","5/29/2015 0:00","Friday","May","12/31/1899 10:25","","ROBBINSVILLE TWP PD","",0,0,1,0,0,"Injury","At Intersection","No","No","Pedalcyclist",1,"ROUTE 526","South",526,"","526",6.48,"County","Straight and Level","Blacktop","Dry","Daylight","Clear","None","None",NA,"At","NULL","UNION ST","NULL","","NULL",35,25,0,0,"No","NONE","519",457124.525865,504703.559909,NA,"DVRPC",0,"Pain",15517098,40.2190434,-74.6252732
8404453,"20151102I-2015-020419","I-2015-020419",2015,"MERCER","Ewing Township","6/10/2015 0:00","Wednesday","June","12/31/1899 14:08","","EWING TWP PD","1B",0,0,0,0,0,"Property Damage","At Intersection","No","No","Pedalcyclist",1,"BUTTONWOOD DR","NULL",NA,"","11021391",0,"Municipal","Straight and Level","Blacktop","Dry","Daylight","Clear","None","None",NA,"At","NULL","CR 636","NULL","","NULL",40,35,0,0,"No","","145",418557.45,516367.33,NA,"DVRPC",0,"PDO",15519834,40.2544928,-74.76627
8404476,"20151102I-2015-025914","I-2015-025914",2015,"MERCER","Ewing Township","7/29/2015 0:00","Wednesday","July","12/31/1899 15:59","","EWING TWP PD","TRAFFIC 3",0,0,1,0,0,"Injury","Not At Intersection","No","No","Pedalcyclist",1,"PRINCESS DIANA LN","NULL",NA,"","",NA,"Municipal","Straight and Level","Blacktop","Dry","Daylight","Clear","None","None",200,"Foot","North","NEW WILLOW ST","NULL","","NULL",25,25,0,0,"No","","177",NA,NA,NA,"DVRPC",0,"Pain",15523518,40.2382069,-74.7565055
8406230,"2015110315-29961","15-29961",2015,"MERCER","Hamilton Twp (Mercer Co)","7/20/2015 0:00","Monday","July","12/31/1899 21:30","","HAMILTON TWP PD (MERCER)","",0,0,1,0,0,"Injury","Not At Intersection","No","No","Pedalcyclist",1,"NJ 33","NULL",33,"","33",1.71,"State Highway","Straight and Level","Blacktop","Dry","Dark (Street Lights On/ continuous)","Clear","None","None",65,"Foot","East","LYNWOOD AVE","NULL","","NULL",30,25,0,0,"No","","480",428017.205892,507917.22065,NA,"DVRPC",0,"Moderate Injury",15243540,40.2275172,-74.7298628
8407818,"201511132015-15156","2015-15156",2015,"MERCER","West Windsor Township","6/22/2015 0:00","Monday","June","12/31/1899 12:34","","WEST WINDSOR TWP PD","2015-15156",0,0,1,0,0,"Injury","Not At Intersection","No","No","Pedalcyclist",1,"LE PARC DR","NULL",NA,"","",NA,"Municipal","Straight and Level","Blacktop","Dry","Daylight","Clear","None","None",100,"Foot","West","REDWOOD CT.","NULL","","NULL",25,25,0,0,"No","","585",NA,NA,NA,"DVRPC",0,"Pain",15207277,40.286544,-74.631105
8407823,"201511132015-15746","2015-15746",2015,"MERCER","West Windsor Township","6/30/2015 0:00","Tuesday","June","12/31/1899 18:10","","WEST WINDSOR TWP PD","2015-15746",0,0,1,0,0,"Injury","At Intersection","No","No","Pedalcyclist",1,"US 1","South",1,"","1",11.29,"State Highway","Curve and Level","Blacktop","Wet","Daylight","Clear","Barrier Median","None",NA,"At","NULL","WASHINGTON RD (CR571)","NULL","","NULL",55,45,0,0,"No","","595",453843.378932,545872.960363,NA,"DVRPC",0,"Moderate Injury",15218363,40.3363062,-74.6442594
8420369,"2015111115004500","15004503",2015,"MERCER","Trenton City","5/7/2015 0:00","Thursday","May","12/31/1899 15:15","","TRENTON PD","NORTH",0,0,0,0,0,"Property Damage","At Intersection","No","No","Pedalcyclist",1,"BANK ST","West",NA,"","",NA,"Municipal","Straight and Level","Blacktop","Dry","Daylight","Clear","None","None",NA,"At","NULL","N WARREN ST","NULL","","NULL",25,25,0,0,"No","","446",NA,NA,NA,"DVRPC",0,"PDO",15210688,40.2228245,-74.7654599
8421370,"2015111415-30145","15-30145",2015,"MERCER","Princeton Township","9/23/2015 0:00","Wednesday","September","12/31/1899 18:47","","PRINCETON PD","",0,0,0,0,0,"Property Damage","Not At Intersection","No","No","Pedalcyclist",1,"ALEXANDER RD","NULL",NA,"","11131424",2.87,"Municipal","Straight and Level","Blacktop","Dry","Dusk","Clear","None","None",200,"Foot","South","UNIVERSITY PL","NULL","","NULL",35,25,0,0,"No","NONE","29",447277.000299,549895.744105,NA,"DVRPC",0,"PDO",15261148,40.3251947,-74.6415892
8429233,"2015111115006070","15006079",2015,"MERCER","Trenton City","6/14/2015 0:00","Sunday","June","12/31/1899 1:57","","TRENTON PD","PATROL",0,0,1,0,1,"Injury","Not At Intersection","No","No","Pedalcyclist",1,"US 206","East",206,"","206",41.05,"Municipal","Straight and Level","Blacktop","Dry","Dark (Street LIghts On/ spot)","Clear","Painted Median","None",30,"Foot","West","DAYTON ST","NULL","","NULL",25,25,0,0,"No","","643",424880.100622,498977.073434,NA,"DVRPC",1,"Moderate Injury",15213059,40.2032204,-74.7412502
8430372,"201511132015-20341","2015-20341",2015,"MERCER","West Windsor Township","8/31/2015 0:00","Monday","August","12/31/1899 8:03","","WEST WINDSOR TWP PD","2015-20341",0,0,1,0,0,"Injury","At Intersection","No","No","Pedalcyclist",1,"MERCER COUNTY 638","South",638,"","11000638",3.08,"County","Straight and Level","Blacktop","Dry","Daylight","Clear","None","None",NA,"At","NULL","EVERETT DR","NULL","","NULL",45,35,0,0,"No","NONE","434",453459.603866,534509.702333,NA,"DVRPC",0,"Pain",15528510,40.303914,-74.633731
8432821,"2015110715-14022-AC","15-14022-AC",2015,"MERCER","Lawrence Twp (Mercer Co)","5/28/2015 0:00","Thursday","May","12/31/1899 15:32","","LAWRENCE TWP PD","",0,0,1,0,0,"Injury","Not At Intersection","No","No","Pedalcyclist",1,"ROUTE 583","NULL",583,"","583",NA,"Municipal","Straight and Level","Concrete","Wet","Daylight","Clear","None","None",100,"Foot","North","BETTS AVE","NULL","","NULL",25,25,0,0,"No","","190",NA,NA,NA,"DVRPC",0,"Pain",15192886,40.2481181,-74.7442524
8434422,"2015110315-33376","15-33376",2015,"MERCER","Hamilton Twp (Mercer Co)","8/13/2015 0:00","Thursday","August","12/31/1899 22:22","","HAMILTON TWP PD (MERCER)","",0,0,0,0,0,"Property Damage","Not At Intersection","No","No","Pedalcyclist",1,"HUGHES DR","NULL",NA,"","",NA,"Municipal","Straight and Level","Blacktop","Dry","Dark (No Street Lights)","Clear","None","None",150,"Foot","North","PAXSON AVE","NULL","","NULL",40,25,0,0,"No","NONE","493",NA,NA,NA,"DVRPC",0,"PDO",15249998,40.2594032,-74.6655224
8450933,"2015110315-42350","15-42350",2015,"MERCER","Hamilton Twp (Mercer Co)","10/15/2015 0:00","Thursday","October","12/31/1899 18:48","","HAMILTON TWP PD (MERCER)","",0,0,1,0,0,"Injury","Not At Intersection","No","No","Pedalcyclist",1,"US 206","NULL",206,"","206",40.06,"Municipal","Straight and Level","Blacktop","Dry","Dark (Street LIghts On/ spot)","Clear","None","None",10,"Foot","South","PARK AVE","NULL","","NULL",35,25,0,0,"No","NONE","#38",429480.042669,496492.500664,NA,"DVRPC",0,"Moderate Injury",15299396,40.1963237,-74.7243362
8452705,"20121102I-2012-011930","I-2012-011930",2012,"MERCER","Ewing Township","5/20/2012 0:00","Sunday","May","12/31/1899 12:39","","EWING TWP PD","SQUAD4 TRAFFIC",0,0,1,0,0,"Injury","Not At Intersection","No","No","Pedalcyclist",1,"2015 PENNINGTON RD (CHURCH)","NULL",NA,"","",NA,"Private Property","Straight and Level","Concrete","Dry","Daylight","Clear","None","None",NA,"NULL","NULL","","NULL","","NULL",NA,NA,0,0,"No","","163",NA,NA,NA,"DVRPC",0,"Pain",12403609,40.2731725,-74.7823408
8452787,"2015111115007060","15007063",2015,"MERCER","Trenton City","7/6/2015 0:00","Monday","July","12/31/1899 18:50","","TRENTON PD","SOUTH",0,0,1,0,0,"Injury","Not At Intersection","No","No","Pedalcyclist",1,"NJ 129","NULL",129,"","129",NA,"State Highway","Straight and Level","Blacktop","Dry","Daylight","Clear","Painted Median","None",NA,"NULL","NULL","CR 650 / LALOR ST","NULL","","NULL",40,40,0,0,"No","","613",NA,NA,NA,"DVRPC",0,"Moderate Injury",15228788,40.198335,-74.7528561
8456664,"2015111115008300","15008302",2015,"MERCER","Trenton City","8/4/2015 0:00","Tuesday","August","12/31/1899 19:48","","TRENTON PD","SOUTH",0,0,1,0,0,"Injury","At Intersection","No","No","Pedalcyclist",1,"FEDERAL ST","North",NA,"","11111532",0.21,"Municipal","Straight and Level","Blacktop","Dry","Daylight","Clear","None","None",NA,"At","NULL","CENTRE ST","NULL","","NULL",25,25,0,0,"No","","499",419846.019321,500902.900645,NA,"DVRPC",0,"Pain",15247945,40.208257,-74.759116